AD_rej,Delta_true,J,J_frac,KS_p,KS_rej,MR_emp,MR_theory,S,boot_q25,boot_q75,degenerate,kind,model,mu,pair,payoff,ratio,s,seedset,sigma
0,-0.00032995158206299615,3.9927952409911075e-21,1.6989735176571562e-16,0.42356567261895073,0,0.0003534528032385744,0.0003534528032385744,2.3501221175578277e-05,0.9999999999999999,1.0,0,std,heston,-0.0003534528032385744,A,price_ATMcall,1.0,-8.061162342911908,eval,4.3846381973607265e-05
0,-0.00032995158206299615,1.1514949110251149e-21,3.741164391251724e-17,0.6017241617323735,0,0.0003607306334652214,0.0003607306334652214,3.0779051402225234e-05,1.0,1.0,0,std,heston,-0.0003607306334652214,A,price_ATMcall,1.0,-8.209947596403643,insample,4.3938238244448595e-05
0,-0.00012828720016974687,1.457953721987411e-07,0.00467993390206279,0.9153435402551614,0,0.00015963414128421807,0.00015944049747047977,3.100750192853416e-05,0.9998223974448448,1.0017537925088975,0,std,heston,-0.00015929470209828103,A,delta_ATM,1.0012145208827774,-2.657747355895682,eval,5.993598366109462e-05
0,-0.00012828720016974687,5.992525413181328e-08,0.0014394584897502996,0.8754406601982867,0,0.00016995952155207008,0.0001699176150504208,4.157048962654211e-05,0.9998521834041308,1.0005675991383662,0,std,heston,-0.00016985768979628897,A,delta_ATM,1.0002466283536102,-2.9150743440031133,insample,5.8268733401506536e-05
0,-7.1796179759573e-05,5.484895233283546e-07,0.056432326259095444,0.8047262942222269,0,8.107727286163369e-05,8.151560051869778e-05,9.170931235796424e-06,0.992765965850109,0.9971436335973994,0,std,heston,-8.096711099536943e-05,A,digital_OTM110,0.9946227758333995,-2.07058118805107,eval,3.9103567376452185e-05
0,-7.1796179759573e-05,2.417600170939825e-07,0.01574085237082388,0.5070303093848949,0,8.694623105539013e-05,8.715494251260483e-05,1.5117002735937844e-05,0.9966674237676442,0.9980638011564111,0,std,heston,-8.691318249551085e-05,A,digital_OTM110,0.9976052826013336,-2.3400087668493015,insample,3.7142246527791804e-05
0,3.1737105663071593e-09,1.0680167925602895e-07,0.7922528079969793,0.8260859167776009,0,1.3824901011855673e-07,1.3798128483802393e-07,2.800589501568783e-08,0.9836472648383484,1.020157795388526,0,scan,heston,3.117960558199499e-08,A,digit_k=-3.000,1.0019403014028105,0.18331889996681133,eval,1.7008396617937295e-07
0,3.1737105663071593e-09,1.0039433848636603e-07,0.7619005585228575,0.955360072681624,0,1.3568933682085968e-07,1.3494200678728196e-07,3.137395773460876e-08,0.9965568357034765,1.0182292728284064,0,scan,heston,3.454766830091592e-08,A,digit_k=-3.000,1.00553815710445,0.20870613087940618,insample,1.6553259913997508e-07
0,1.1881893752614271e-08,7.990333375181652e-08,0.6002632698037044,0.7944222928093447,0,1.4382799170830425e-07,1.4499570859246972e-07,5.321048108803896e-08,0.9797533428204888,1.0180763711319525,0,scan,heston,6.509237484065323e-08,A,digit_k=-2.850,0.9919465417597462,0.38432370891708917,eval,1.6936861643031169e-07
0,1.1881893752614271e-08,7.446279263313767e-08,0.5656364311616929,0.8895112768115379,0,1.4288669668327568e-07,1.435261594520627e-07,5.718147306631075e-08,0.9788436317869248,1.0049270496793299,0,scan,heston,6.906336681892502e-08,A,digit_k=-2.850,0.9955446256541087,0.4168101501402114,insample,1.6569502157203393e-07
0,2.8671107683378373e-08,5.0727423075985255e-08,0.373182085159834,0.8038966257457861,0,1.6287679683128333e-07,1.6460320381885786e-07,8.520467305949425e-08,0.9733797152574729,1.00790270022279,0,scan,heston,1.1387578074287262e-07,A,digit_k=-2.700,0.9895117048300324,0.6722155499260641,eval,1.6940366933701195e-07
0,2.8671107683378373e-08,4.645283767145023e-08,0.3391386201356351,0.8186203929165893,0,1.629330457450207e-07,1.6564411787275718e-07,9.05201725179286e-08,0.972832408930322,0.9936646916179455,0,scan,heston,1.1919128020130697e-07,A,digit_k=-2.700,0.9836331518284335,0.7148963237854453,insample,1.6672526663751407e-07
0,7.982457232554159e-08,1.2538088163834962e-08,0.07539311788804032,0.8989732138061288,0,2.41524256361132e-07,2.4612739299485217e-07,1.5376473250547563e-07,0.974197449588632,0.989228177140863,0,scan,heston,2.335893048310172e-07,A,digit_k=-2.550,0.98129774757003,1.3916385273501657,eval,1.6785199621901614e-07
0,7.982457232554159e-08,1.1603311622224196e-08,0.06751848899424442,0.8594847579841246,0,2.4938048586557427e-07,2.5167841258570073e-07,1.6025052863793495e-07,0.9859235328368536,0.994512352192803,0,scan,heston,2.4007510096347655e-07,A,digit_k=-2.550,0.9908695914897192,1.4275620214030773,insample,1.6817139806473634e-07
0,1.7514946919202913e-07,6.30430111812461e-10,0.002524591559736716,0.9498743589579248,0,4.242347245268587e-07,4.248651546386712e-07,2.4908525533482954e-07,0.9977521809093224,0.9992117597286115,0,scan,heston,4.242347245268587e-07,A,digit_k=-2.400,0.9985161642348649,2.521664461507727,eval,1.682359929334947e-07
0,1.7514946919202913e-07,6.432948145720054e-10,0.002489027762335376,0.8970789146649413,0,4.331767747492126e-07,4.3360171480636577e-07,2.5780895079976465e-07,0.9985613313842798,0.9993970285080351,0,scan,heston,4.329584199917938e-07,A,digit_k=-2.400,0.9990199760687226,2.521708287603429,insample,1.7169250786071972e-07
1,4.541764126043435e-07,7.954281993763713e-15,1.7522326377254344e-08,0.3059473353422155,0,9.081276564706606e-07,9.081276644249426e-07,4.539512438663171e-07,0.9999999762236751,0.9999999991956222,0,scan,heston,9.081276564706606e-07,A,digit_k=-2.250,0.9999999912410091,5.1584505831112315,eval,1.7604659419320032e-07
0,4.541764126043435e-07,2.4540032160534077e-14,5.2474471411746936e-08,0.7126654431667554,0,9.218329742160405e-07,9.218329987560727e-07,4.67656561611697e-07,0.9999999416387129,0.9999999914258755,0,scan,heston,9.218329742160405e-07,A,digit_k=-2.250,0.9999999733790912,4.9604940203230115,insample,1.8583491290168187e-07
0,9.529189529673608e-07,6.150860414415315e-24,8.400897279791275e-18,0.5905467788553069,0,1.6850860310259722e-06,1.6850860310259722e-06,7.321670780586114e-07,1.0,1.0,0,scan,heston,1.6850860310259722e-06,A,digit_k=-2.100,1.0,8.194279130694023,eval,2.056417659381408e-07
0,9.529189529673608e-07,1.1094556159305173e-22,1.4844241472469453e-16,0.5673707959270478,0,1.700316937558318e-06,1.7003169375583181e-06,7.473979845909571e-07,0.9999999999999999,1.0,0,scan,heston,1.700316937558318e-06,A,digit_k=-2.100,0.9999999999999999,7.850431639801786,insample,2.1658897441227179e-07
1,2.3420563855528894e-06,1.1477443824268991e-36,8.933077788628878e-31,0.5479983278338962,0,3.626881626734478e-06,3.626881626734478e-06,1.2848252411815886e-06,1.0,1.0,0,scan,heston,3.626881626734478e-06,A,digit_k=-1.950,1.0,11.200986853839751,eval,3.23800186006929e-07
0,2.3420563855528894e-06,3.603174359323214e-36,2.7511541694099937e-30,0.45369174972329984,0,3.6517519305669817e-06,3.6517519305669817e-06,1.3096955450140923e-06,1.0,1.0,0,scan,heston,3.6517519305669817e-06,A,digit_k=-1.950,1.0,11.101374754512873,insample,3.2894591988100305e-07
1,4.697797601195164e-06,6.77388031303717e-41,3.395442849525428e-35,0.23785918895732727,0,6.692789304260918e-06,6.692789304260918e-06,1.994991703065754e-06,1.0,1.0,0,scan,heston,6.692789304260918e-06,A,digit_k=-1.800,1.0,12.071453860701784,eval,5.544310885409645e-07
1,4.697797601195164e-06,4.696241912235389e-41,2.3123922911687948e-35,0.20225736695697327,0,6.728699507489654e-06,6.728699507489654e-06,2.03090190629449e-06,1.0,1.0,0,scan,heston,6.728699507489654e-06,A,digit_k=-1.800,1.0,12.101593178770289,insample,5.560176588396434e-07
0,1.0854450069073788e-05,2.0173176022344007e-41,5.7612771246345296e-36,0.5969708658028063,0,1.4355961207304915e-05,1.4355961207304915e-05,3.501511138231127e-06,1.0,1.0,0,scan,heston,1.4355961207304915e-05,A,digit_k=-1.650,1.0,12.230749679119171,eval,1.1737597108878771e-06
0,1.0854450069073788e-05,8.052984263628449e-42,2.2605220806626966e-36,0.7645124484949448,0,1.4416894485129936e-05,1.4416894485129936e-05,3.5624444160561483e-06,1.0,1.0,0,scan,heston,1.4416894485129936e-05,A,digit_k=-1.650,1.0,12.304499926259798,insample,1.1716765875516766e-06
0,2.0597532466446128e-05,3.405597623428358e-38,6.093813376956347e-33,0.8478529478975994,0,2.6186147366118914e-05,2.6186147366118914e-05,5.5886148996727865e-06,1.0,1.0,0,scan,heston,2.6186147366118914e-05,A,digit_k=-1.500,1.0,11.670816820132819,eval,2.243728761207727e-06
0,2.0597532466446128e-05,7.212427357399204e-39,1.2599998158859564e-33,0.7111051510529212,0,2.632168199922035e-05,2.632168199922035e-05,5.7241495327742225e-06,1.0,1.0,0,scan,heston,2.632168199922035e-05,A,digit_k=-1.500,1.0,11.800728365311512,insample,2.2305133364982355e-06
0,4.3971801176440155e-05,8.782456626130107e-36,8.957051600374733e-31,0.9388364889918158,0,5.3776876571743984e-05,5.3776876571743984e-05,9.80507539530383e-06,1.0,1.0,0,scan,heston,5.3776876571743984e-05,A,digit_k=-1.350,1.0,11.258545264702297,eval,4.776538647523568e-06
0,4.3971801176440155e-05,9.404372630898052e-36,9.234524797220239e-31,0.7065142627756511,0,5.415572816500479e-05,5.415572816500479e-05,1.0183926988564631e-05,1.0,1.0,0,scan,heston,5.415572816500479e-05,A,digit_k=-1.350,1.0,11.25321480880352,insample,4.812467289137513e-06
0,7.756040489674495e-05,1.951353155419735e-34,1.3167230375578186e-29,0.9979456418871316,0,9.238017412504821e-05,9.238017412504821e-05,1.4819769228303255e-05,1.0,1.0,0,scan,heston,9.238017412504821e-05,A,digit_k=-1.200,1.0,11.034220343938244,eval,8.372152381006072e-06
0,7.756040489674495e-05,1.0326024521800184e-33,6.66835033777505e-29,0.6298193261528551,0,9.304553090055589e-05,9.304553090055589e-05,1.5485126003810933e-05,1.0,1.0,0,scan,heston,9.304553090055589e-05,A,digit_k=-1.200,1.0,10.886490787140401,insample,8.546880047927413e-06
0,0.00014874738141265183,1.9296254912318225e-31,8.667161139863673e-27,0.880863188173876,0,0.0001710110206838397,0.0001710110206838397,2.2263639271187866e-05,1.0,1.0,0,scan,heston,0.0001710110206838397,A,digit_k=-1.050,1.0,10.464483568563077,eval,1.634204111109536e-05
0,0.00014874738141265183,6.5388708625242785e-31,2.8029471831351955e-26,0.4182251888260776,0,0.00017207593680558763,0.00017207593680558763,2.33285553929358e-05,1.0,1.0,0,scan,heston,0.00017207593680558763,A,digit_k=-1.050,1.0,10.350907898628604,insample,1.662423610477551e-05
0,0.0002368982427383671,5.598827706031859e-29,2.1280621965681126e-24,0.9999976364147362,0,0.00026320775434503436,0.00026320775434503436,2.6309511606667263e-05,1.0,1.0,0,scan,heston,0.00026320775434503436,A,digit_k=-0.900,1.0,9.96568142881619,eval,2.641141563927159e-05
0,0.0002368982427383671,7.037186855039978e-29,2.5137325095273628e-24,0.4564674122192559,0,0.00026489321367647667,0.00026489321367647667,2.799497093810958e-05,1.0,1.0,0,scan,heston,0.00026489321367647667,A,digit_k=-0.900,1.0,9.943997811289238,insample,2.663850281380274e-05
0,0.00038888515735540334,3.190779964474942e-26,1.3197242601412089e-21,0.9153806783985107,0,0.00041306278340081325,0.00041306278340081325,2.4177626045409912e-05,1.0,1.0,0,scan,heston,0.00041306278340081325,A,digit_k=-0.750,1.0,9.37468272359351,eval,4.406152139541185e-05
0,0.00038888515735540334,1.1902141393318608e-26,4.527087038516279e-22,0.18888079354972387,0,0.00041517610624164223,0.00041517610624164223,2.629094888623889e-05,1.0,1.0,0,scan,heston,0.00041517610624164223,A,digit_k=-0.750,1.0,9.476481406976694,insample,4.381120886661423e-05
0,0.0005302405174140833,3.300214090774688e-24,2.0847091507903295e-19,0.8812466494683308,0,0.0005460710906598694,0.0005460710906598694,1.5830573245786115e-05,1.0,1.0,0,scan,heston,0.0005460710906598694,A,digit_k=-0.600,1.0,8.91407781025019,eval,6.125940364037982e-05
1,0.0005302405174140833,6.35564991666771e-25,3.574459051052659e-20,0.20185100239645815,0,0.0005480212496196908,0.0005480212496196908,1.778073220560746e-05,1.0,1.0,0,scan,heston,0.0005480212496196908,A,digit_k=-0.600,1.0,9.091045438497698,insample,6.028143334307784e-05
0,0.0006760531819092028,1.368662280467619e-22,3.1789100515816502e-16,0.7933762585789284,0,0.0006756226373960648,0.0006756226373960648,-4.3054451313796933e-07,1.0,1.0,0,scan,heston,0.0006756226373960648,A,digit_k=-0.450,1.0,8.526251372470048,eval,7.924029070706808e-05
1,0.0006760531819092028,1.584037479014558e-23,2.746261804323739e-17,0.30950620645256066,0,0.0006766299796043536,0.0006766299796043536,5.767976951507811e-07,1.0,1.0,0,scan,heston,0.0006766299796043536,A,digit_k=-0.450,1.0,8.766426827483262,insample,7.718423856377595e-05
0,0.0007044609764353164,8.776856224060913e-22,8.77772086908955e-17,0.9782213630161084,0,0.0006944619614803429,0.0006944619614803429,-9.999014954973468e-06,1.0,1.0,0,scan,heston,0.0006944619614803429,A,digit_k=-0.323,1.0,8.31747065004961,eval,8.349436874492617e-05
0,0.0007044609764353164,5.378861789293437e-23,5.377836234963471e-18,0.589889481959054,0,0.0006944590694335313,0.0006944590694335313,-1.0001907001785026e-05,1.0,1.0,0,scan,heston,0.0006944590694335313,A,digit_k=-0.323,1.0,8.634023075598543,insample,8.043284843611432e-05
0,0.0006980191300378938,2.8073110724989282e-21,2.2681532502571367e-16,0.997947399489764,0,0.0006856420515835139,0.0006856420515835139,-1.2377078454379868e-05,0.9999999999999999,1.0,0,scan,heston,0.0006856420515835139,A,digit_k=-0.300,1.0,8.180836848068243,eval,8.381074752094781e-05
0,0.0006980191300378938,8.911290615236711e-23,7.035226806052531e-18,0.4949543784321063,0,0.000685352458641358,0.000685352458641358,-1.2666671396535743e-05,1.0,1.0,0,scan,heston,0.000685352458641358,A,digit_k=-0.300,1.0,8.576109361616194,insample,7.991414635041469e-05
0,0.0006980191300378938,2.8073110724989282e-21,2.2681532502571367e-16,0.997947399489764,0,0.0006856420515835139,0.0006856420515835139,-1.2377078454379868e-05,0.9999999999999999,1.0,0,scan,heston,0.0006856420515835139,A,digit_k=-0.289,1.0,8.180836848068243,eval,8.381074752094781e-05
0,0.0006980191300378938,8.911290615236711e-23,7.035226806052531e-18,0.4949543784321063,0,0.000685352458641358,0.000685352458641358,-1.2666671396535743e-05,1.0,1.0,0,scan,heston,0.000685352458641358,A,digit_k=-0.289,1.0,8.576109361616194,insample,7.991414635041469e-05
0,0.0006821545534830492,7.477470087707097e-21,5.218595262140903e-16,0.9678783989428834,0,0.0006678260422418086,0.0006678260422418086,-1.4328511241240615e-05,0.9999999999999997,1.0,0,scan,heston,0.0006678260422418086,A,digit_k=-0.256,1.0,8.062215925883738,eval,8.283405559726498e-05
0,0.0006821545534830492,1.1334189056525238e-22,7.796694280649964e-18,0.35584408009589985,0,0.0006676173808704784,0.0006676173808704784,-1.4537172612570843e-05,1.0,1.0,0,scan,heston,0.0006676173808704784,A,digit_k=-0.256,1.0,8.5461499351552,insample,7.811908121623124e-05
0,0.0006562251764790204,1.6390696679665774e-20,1.0905076985726862e-15,0.9819487340906832,0,0.0006411948408829317,0.0006411948408829317,-1.5030335596088649e-05,0.9999999999999993,1.0,0,scan,heston,0.0006411948408829317,A,digit_k=-0.223,1.0,7.963668126007433,eval,8.051501277268736e-05
0,0.0006562251764790204,2.3646246873918283e-22,1.5413258241553687e-17,0.3945565828885649,0,0.0006408836785923706,0.0006408836785923706,-1.5341497886649756e-05,1.0,1.0,0,scan,heston,0.0006408836785923706,A,digit_k=-0.223,1.0,8.45840059992337,insample,7.576889637955628e-05
0,0.0006198275590913234,1.983048154317954e-20,1.336337943704625e-15,0.9702139636188095,0,0.0006049881379429535,0.0006049881379429535,-1.4839421148369865e-05,0.9999999999999998,1.0,0,scan,heston,0.0006049881379429535,A,digit_k=-0.189,1.0,7.933767865079738,eval,7.625483228540026e-05
0,0.0006198275590913234,2.566739120193471e-22,1.6239533122968015e-17,0.4231429795308833,0,0.0006040220608620469,0.0006040220608620469,-1.580549822927644e-05,1.0,1.0,0,scan,heston,0.0006040220608620469,A,digit_k=-0.189,1.0,8.442342237249854,insample,7.154673950517444e-05
0,0.0005728535701940314,1.4154738860567079e-19,9.876229715676353e-15,0.9767185309154963,0,0.0005585214421775077,0.0005585214421775079,-1.4332128016523744e-05,0.9999999999999959,1.0,0,scan,heston,0.0005585214421775077,A,digit_k=-0.156,0.9999999999999997,7.68377742653001,eval,7.268839415481817e-05
0,0.0005728535701940314,6.100028058698693e-22,4.098568382957796e-17,0.35821369736258246,0,0.0005579702560981556,0.0005579702560981555,-1.4883314095875868e-05,1.0,1.0,0,scan,heston,0.0005579702560981556,A,digit_k=-0.156,1.0000000000000002,8.334181330589619,insample,6.694961796069787e-05
0,0.0005155417014515938,7.484032979015267e-19,5.750249437515179e-14,0.9429178529559709,0,0.0005025265565255523,0.0005025265565255531,-1.3015144926041447e-05,0.9999999999999738,1.0,0,scan,heston,0.0005025265565255523,A,digit_k=-0.150,0.9999999999999984,7.4611928132928425,eval,6.73520399620624e-05
0,0.0005155417014515938,1.8189700390031847e-21,1.3135274907453395e-16,0.49232332912601917,0,0.0005016937229980097,0.0005016937229980097,-1.3847978453584097e-05,1.0,1.0,0,scan,heston,0.0005016937229980097,A,digit_k=-0.150,1.0,8.195067293868895,insample,6.121898759432393e-05
0,0.0005155417014515938,7.484032979015267e-19,5.750249437515179e-14,0.9429178529559709,0,0.0005025265565255523,0.0005025265565255531,-1.3015144926041447e-05,0.9999999999999807,1.0,0,scan,heston,0.0005025265565255523,A,digit_k=-0.123,0.9999999999999984,7.4611928132928425,eval,6.73520399620624e-05
0,0.0005155417014515938,1.8189700390031847e-21,1.3135274907453395e-16,0.49232332912601917,0,0.0005016937229980097,0.0005016937229980097,-1.3847978453584097e-05,1.0,1.0,0,scan,heston,0.0005016937229980097,A,digit_k=-0.123,1.0,8.195067293868895,insample,6.121898759432393e-05
0,0.0004485183995782977,2.3674601489898586e-18,2.1072867939534025e-13,0.991740898235146,0,0.00043728376290813733,0.0004372837629081397,-1.123463667016038e-05,0.9999999999999076,1.0,0,scan,heston,0.00043728376290813733,A,digit_k=-0.089,0.9999999999999946,7.295111322159319,eval,5.9942027420453864e-05
0,0.0004485183995782977,7.139548652490656e-21,5.655550627345532e-16,0.49476265017097487,0,0.00043589443221786115,0.00043589443221786115,-1.2623967360436564e-05,0.9999999999999999,1.0,0,scan,heston,0.00043589443221786115,A,digit_k=-0.089,1.0,8.016944548737639,insample,5.437164116178124e-05
0,0.0003728241590242676,2.0523650288625443e-17,2.115525270410811e-12,0.9150327152682156,0,0.0003631227148601917,0.00036312271486021227,-9.701444164075888e-06,0.999999999999682,0.9999999999999994,0,scan,heston,0.0003631227148601917,A,digit_k=-0.056,0.9999999999999434,6.984243807981692,eval,5.199170086892012e-05
0,0.0003728241590242676,5.908423183916097e-20,5.084067150349545e-15,0.49634578214068437,0,0.0003612027090921796,0.00036120270909217964,-1.1621449932088022e-05,0.9999999999999994,1.0,0,scan,heston,0.0003612027090921796,A,digit_k=-0.056,0.9999999999999999,7.737908091215997,insample,4.6679632897451134e-05
0,0.0002899192422381226,1.339904062726203e-15,1.5925732479858263e-10,0.8902835704934581,0,0.0002815057889529602,0.0002815057889543001,-8.413453285162418e-06,0.9999999999455863,0.9999999999997993,0,scan,heston,0.0002815057889529602,A,digit_k=-0.023,0.9999999999952403,6.3602258520723485,eval,4.426034475823485e-05
0,0.0002899192422381226,5.926031733938727e-18,5.331312759629594e-13,0.9294512070529363,0,0.0002788037215378377,0.0002788037215378436,-1.1115520700284882e-05,0.9999999999998532,0.9999999999999988,0,scan,heston,0.0002788037215378377,A,digit_k=-0.023,0.9999999999999788,7.1153373781961395,insample,3.9183485858617045e-05
0,0.00020166438189324925,3.677430314530176e-12,4.899135316060775e-07,0.8651212791403231,0,0.00019415810114029345,0.00019415810481772375,-7.506280752955801e-06,0.9999999412497541,0.9999999989491709,0,scan,heston,0.00019415810114029345,A,digit_k=+0.000,0.9999999810596096,5.021784898405372,eval,3.866316560112856e-05
0,0.00020166438189324925,9.237823864328982e-14,8.56032680095794e-09,0.7889637397122718,0,0.00019087294366893236,0.00019087294376131058,-1.07914382243169e-05,0.9999999987817582,0.9999999999261479,0,scan,heston,0.00019087294366893236,A,digit_k=+0.000,0.9999999995160224,5.647014455634042,insample,3.3800682673744156e-05
0,0.00020166438189324925,3.677430314530176e-12,4.899135316060775e-07,0.8651212791403231,0,0.00019415810114029345,0.00019415810481772375,-7.506280752955801e-06,0.99999991214525,0.9999999985696811,0,scan,heston,0.00019415810114029345,A,digit_k=+0.011,0.9999999810596096,5.021784898405372,eval,3.866316560112856e-05
0,0.00020166438189324925,9.237823864328982e-14,8.56032680095794e-09,0.7889637397122718,0,0.00019087294366893236,0.00019087294376131058,-1.07914382243169e-05,0.9999999984748125,0.9999999998837036,0,scan,heston,0.00019087294366893236,A,digit_k=+0.011,0.9999999995160224,5.647014455634042,insample,3.3800682673744156e-05
0,0.0001102730489797077,2.738401949596474e-08,0.0035948201085649824,0.925121967850773,0,0.00010268280021954945,0.00010271018423904542,-7.590248760158252e-06,0.9995741973351371,0.9999125140914209,0,scan,heston,0.00010268280021954945,A,digit_k=+0.044,0.9997333855479001,2.9881612394317023,eval,3.4363205995897995e-05
0,0.0001102730489797077,1.0753611694470493e-08,0.0009620927557053503,0.9565782003529061,0,9.910648976922364e-05,9.911724338091811e-05,-1.1166559210484066e-05,0.9998345530073569,0.9999424139322006,0,scan,heston,9.910648976922364e-05,A,digit_k=+0.044,0.9998915061463811,3.2161073188824427,insample,3.0815666251977534e-05
0,1.823379555996154e-05,1.8674554815640148e-05,0.7047258024675312,0.9969678496494995,0,2.8922450489936945e-05,2.9083868615238875e-05,-7.824481760362814e-06,0.9696160887879001,1.0306915564808057,0,scan,heston,1.0409313799598725e-05,A,digit_k=+0.077,0.9944499087299083,0.29816929026720856,eval,3.4910750836446886e-05
0,1.823379555996154e-05,2.0576478017992676e-05,0.6170393198616729,0.7604506352184618,0,2.5857289331659102e-05,2.603964168631344e-05,-1.2770631891640773e-05,0.984351332053995,1.0028300908372545,0,scan,heston,5.4631636683207675e-06,A,digit_k=+0.077,0.992997125043,0.16980518886687396,insample,3.217312559631996e-05
0,-7.1796179759573e-05,5.484895233283546e-07,0.056432326259095444,0.8047262942222269,0,8.107727286163369e-05,8.151560051869778e-05,9.170931235796424e-06,0.992148876924652,0.9964931806301102,0,scan,heston,-8.096711099536943e-05,A,digit_k=+0.111,0.9946227758333995,-2.07058118805107,eval,3.9103567376452185e-05
0,-7.1796179759573e-05,2.417600170939825e-07,0.01574085237082388,0.5070303093848949,0,8.694623105539013e-05,8.715494251260483e-05,1.5117002735937844e-05,0.9968191386547851,0.9982085142419481,0,scan,heston,-8.691318249551085e-05,A,digit_k=+0.111,0.9976052826013336,-2.3400087668493015,insample,3.7142246527791804e-05
0,-0.00015712194691921394,2.0425630856278227e-09,0.00018133173430920683,0.611311432986476,0,0.00016838413834919676,0.00016838618091228238,1.1262191429982815e-05,0.9999812618125359,0.9999958556056753,0,scan,heston,-0.00016838413834919676,A,digit_k=+0.144,0.9999878697701049,-3.732450824016842,eval,4.511355843343241e-05
0,-0.00015712194691921394,5.588852224164869e-10,3.128837108356335e-05,0.9857481136422246,0,0.0001749837823696968,0.00017498434125491922,1.7861835450482867e-05,0.9999956270488602,0.999998639584254,0,scan,heston,-0.0001749837823696968,A,digit_k=+0.144,0.9999968060843707,-4.023877765238746,insample,4.348635634047761e-05
0,-0.00015712194691921394,2.0425630856278227e-09,0.00018133173430920683,0.611311432986476,0,0.00016838413834919676,0.00016838618091228238,1.1262191429982815e-05,0.9999774526462943,0.999997070968875,0,scan,heston,-0.00016838413834919676,A,digit_k=+0.150,0.9999878697701049,-3.732450824016842,eval,4.511355843343241e-05
0,-0.00015712194691921394,5.588852224164869e-10,3.128837108356335e-05,0.9857481136422246,0,0.0001749837823696968,0.00017498434125491922,1.7861835450482867e-05,0.9999951081173746,0.9999984276674121,0,scan,heston,-0.0001749837823696968,A,digit_k=+0.150,0.9999968060843707,-4.023877765238746,insample,4.348635634047761e-05
0,-0.00023515855373294487,1.525494935838153e-11,1.1694054862124576e-06,0.5648954269377237,0,0.0002482035853314956,0.0002482036005864449,1.3045031598550702e-05,0.9999997854610605,0.9999999923279699,0,scan,heston,-0.0002482035853314956,A,digit_k=+0.177,0.9999999385385656,-4.807180892663194,eval,5.1631838050926765e-05
0,-0.00023515855373294487,2.4328366275291908e-12,1.1833964561548026e-07,0.8259339417828719,0,0.0002557166374332557,0.0002557166398660923,2.0558083700310844e-05,0.9999999753486797,0.9999999955171434,0,scan,heston,-0.0002557166374332557,A,digit_k=+0.177,0.9999999904862015,-5.1439439973482015,insample,4.971217368717124e-05
0,-0.0003035846799484586,7.469734514475106e-13,4.416242168874494e-08,0.6781505945952963,0,0.00032049891132200045,0.0003204989120689739,1.6914231373541834e-05,0.9999999940274445,0.999999999701912,0,scan,heston,-0.00032049891132200045,A,digit_k=+0.211,0.9999999976693417,-5.3863891316892865,eval,5.9501625947601225e-05
0,-0.0003035846799484586,6.31889393775491e-14,2.6186085231002704e-09,0.7957516537652451,0,0.00032771541146279365,0.0003277154115259826,2.413073151433503e-05,0.9999999995176025,0.9999999999359012,0,scan,heston,-0.00032771541146279365,A,digit_k=+0.211,0.9999999998071836,-5.795003478398717,insample,5.65513744183892e-05
0,-0.000360489003358705,3.7612682337596716e-14,1.8304601572776297e-09,0.603856674557705,0,0.000381037214757465,0.00038103721479507764,2.0548211398759995e-05,0.9999999996280727,0.9999999999921317,0,scan,heston,-0.000381037214757465,A,digit_k=+0.244,0.9999999999012887,-5.900681046793812,eval,6.457512475860816e-05
0,-0.000360489003358705,2.2578760280935546e-15,7.950543776133643e-11,0.9256849784082288,0,0.00038888801720593204,0.0003888880172081899,2.8399013847227046e-05,0.9999999999823131,0.9999999999986203,0,scan,heston,-0.00038888801720593204,A,digit_k=+0.244,0.9999999999941941,-6.330999305796963,insample,6.142600850545786e-05
0,-0.00040449491177903225,2.042098333993266e-15,8.260040460295214e-11,0.7227122247290834,0,0.00042921753079815995,0.00042921753080020204,2.4722619019127703e-05,0.9999999999691236,0.9999999999995401,0,scan,heston,-0.00042921753079815995,A,digit_k=+0.277,0.9999999999952423,-6.360289121634225,eval,6.748396536537885e-05
0,-0.00040449491177903225,1.110110869939741e-16,3.418296450446524e-12,0.9260919477063296,0,0.00043697047046824234,0.00043697047046835336,3.247555868921009e-05,0.9999999999985568,0.9999999999999495,0,scan,heston,-0.00043697047046824234,A,digit_k=+0.277,0.999999999999746,-6.7783961729164455,insample,6.446517130618424e-05
0,-0.00043485004584551393,1.3572100313690941e-16,4.726072583914532e-12,0.8331569521321431,0,0.00046356754874595657,0.0004635675487460923,2.8717502900442633e-05,0.9999999999981622,0.9999999999999967,0,scan,heston,-0.00046356754874595657,A,digit_k=+0.300,0.9999999999997072,-6.758675891145628,eval,6.85885158886321e-05
0,-0.00043485004584551393,6.711926705619005e-18,1.8304264558477814e-13,0.8757971678377254,0,0.0004715186958433041,0.0004715186958433108,3.666864999779014e-05,0.9999999999998748,0.9999999999999976,0,scan,heston,-0.0004715186958433041,A,digit_k=+0.300,0.9999999999999858,-7.168457654888129,insample,6.577686840652233e-05
0,-0.00043485004584551393,1.3572100313690941e-16,4.726072583914532e-12,0.8331569521321431,0,0.00046356754874595657,0.0004635675487460923,2.8717502900442633e-05,0.9999999999979092,0.999999999999986,0,scan,heston,-0.00046356754874595657,A,digit_k=+0.311,0.9999999999997072,-6.758675891145628,eval,6.85885158886321e-05
0,-0.00043485004584551393,6.711926705619005e-18,1.8304264558477814e-13,0.8757971678377254,0,0.0004715186958433041,0.0004715186958433108,3.666864999779014e-05,0.999999999999946,0.9999999999999988,0,scan,heston,-0.0004715186958433041,A,digit_k=+0.311,0.9999999999999858,-7.168457654888129,insample,6.577686840652233e-05
0,-0.00045146959227584856,5.194552816822698e-18,1.6466430917859337e-13,0.6688200387653153,0,0.00048301591122458856,0.00048301591122459377,3.1546318948740004e-05,0.9999999999999021,0.9999999999999993,0,scan,heston,-0.00048301591122458856,A,digit_k=+0.344,0.9999999999999892,-7.20539637481679,eval,6.7035300502378e-05
0,-0.00045146959227584856,2.9941416146858533e-19,7.520703384188855e-15,0.8871857481207441,0,0.0004912815814174568,0.0004912815814174571,3.981198914160825e-05,0.9999999999999941,0.9999999999999998,0,scan,heston,-0.0004912815814174568,A,digit_k=+0.344,0.9999999999999993,-7.574232547776192,insample,6.486222575271972e-05
0,-0.0004549272138279287,1.7668838721358746e-19,5.3258852966747244e-15,0.7313214540330378,0,0.0004881026161077908,0.00048810261610779095,3.317540227986207e-05,0.9999999999999987,1.0,0,scan,heston,-0.0004881026161077908,A,digit_k=+0.377,0.9999999999999997,-7.639440706819705,eval,6.389245428295073e-05
0,-0.0004549272138279287,1.1377625721534068e-20,2.7373807665354316e-16,0.886831609934106,0,0.0004964911272616238,0.0004964911272616238,4.1563913433695105e-05,0.9999999999999998,1.0,0,scan,heston,-0.0004964911272616238,A,digit_k=+0.377,1.0,-7.976779756423016,insample,6.224205035394667e-05
0,-0.0004463930888138335,5.452237617331615e-21,1.6225442228893809e-16,0.5360549551649305,0,0.0004799961027743555,0.0004799961027743555,3.360301396052197e-05,0.9999999999999999,1.0,0,scan,heston,-0.0004799961027743555,A,digit_k=+0.411,1.0,-8.060508564825648,eval,5.954910895684136e-05
0,-0.0004463930888138335,4.341960712078179e-22,1.0478425653549605e-17,0.9575383513920881,0,0.0004878302364888502,0.0004878302364888502,4.1437147675016655e-05,1.0,1.0,0,scan,heston,-0.0004878302364888502,A,digit_k=+0.411,1.0,-8.357827604673243,insample,5.836806638797886e-05
0,-0.00042752518785260467,8.022539626450654e-23,2.5189261694018664e-18,0.8232954270812487,0,0.0004593742341799754,0.0004593742341799754,3.184904632737073e-05,1.0,1.0,0,scan,heston,-0.0004593742341799754,A,digit_k=+0.444,1.0,-8.542967559189242,eval,5.3772208661362595e-05
0,-0.00042752518785260467,1.2847189882492114e-23,3.251763736657088e-19,0.7481963422783471,0,0.0004670335621470404,0.0004670335621470404,3.9508374294435725e-05,1.0,1.0,0,scan,heston,-0.0004670335621470404,A,digit_k=+0.444,1.0,-8.748687266013853,insample,5.3383273163887364e-05
0,-0.00042752518785260467,8.022539626450654e-23,2.5189261694018664e-18,0.8232954270812487,0,0.0004593742341799754,0.0004593742341799754,3.184904632737073e-05,1.0,1.0,0,scan,heston,-0.0004593742341799754,A,digit_k=+0.450,1.0,-8.542967559189242,eval,5.3772208661362595e-05
0,-0.00042752518785260467,1.2847189882492114e-23,3.251763736657088e-19,0.7481963422783471,0,0.0004670335621470404,0.0004670335621470404,3.9508374294435725e-05,1.0,1.0,0,scan,heston,-0.0004670335621470404,A,digit_k=+0.450,1.0,-8.748687266013853,insample,5.3383273163887364e-05
0,-0.0004003256834168022,1.0149789561237004e-24,3.5344057950949683e-20,0.69038809791465,0,0.00042904278651606384,0.00042904278651606384,2.8717103099261648e-05,1.0,1.0,0,scan,heston,-0.00042904278651606384,A,digit_k=+0.477,1.0,-9.015022169224322,eval,4.759198352065505e-05
0,-0.0004003256834168022,3.739606689020304e-25,1.0397315088009249e-20,0.8471777921720738,0,0.0004362927254595409,0.0004362927254595409,3.596704204273873e-05,1.0,1.0,0,scan,heston,-0.0004362927254595409,A,digit_k=+0.477,1.0,-9.123112279476924,insample,4.7822794688278884e-05
0,-0.00025131421100039694,2.6539070019745024e-34,2.2927338362737533e-29,0.39255155691105825,0,0.0002628895057859781,0.0002628895057859781,1.1575294785581142e-05,1.0,1.0,0,scan,heston,-0.0002628895057859781,A,digit_k=+0.600,1.0,-11.099363482125606,eval,2.3685097457105074e-05
0,-0.00025131421100039694,6.002774150543301e-32,3.688665873388815e-27,0.5228666736735736,0,0.0002675877753637327,0.0002675877753637327,1.6273564363335766e-05,1.0,1.0,0,scan,heston,-0.0002675877753637327,A,digit_k=+0.600,1.0,-10.613796219438461,insample,2.5211316463157972e-05
0,-0.00011855427509585166,3.0587646984008187e-42,9.441442347728195e-37,0.9050198718667826,0,0.00012179399693680197,0.00012179399693680197,3.2397218409503084e-06,1.0,1.0,0,scan,heston,-0.00012179399693680197,A,digit_k=+0.750,1.0,-12.549416477863565,eval,9.705152199836497e-06
0,-0.00011855427509585166,5.127337492747225e-38,9.167702841874136e-33,0.8962844471194695,0,0.00012414710198082414,0.00012414710198082414,5.592826884972477e-06,1.0,1.0,0,scan,heston,-0.00012414710198082414,A,digit_k=+0.750,1.0,-11.766636178035835,insample,1.0550772548960343e-05
0,-3.303946798144918e-05,1.4365962627292353e-45,5.017204442600357e-40,0.9077797380871151,0,3.590280807285806e-05,3.590280807285806e-05,2.8633400914088815e-06,1.0,1.0,0,scan,heston,-3.590280807285806e-05,A,digit_k=+0.900,1.0,-13.04387423099845,eval,2.7524650603833567e-06
0,-3.303946798144918e-05,7.826975836469931e-42,2.192892881689919e-36,0.7725777801608928,0,3.660871475215245e-05,3.660871475215245e-05,3.56924677070327e-06,1.0,1.0,0,scan,heston,-3.660871475215245e-05,A,digit_k=+0.900,1.0,-12.380823330659851,insample,2.956888550496855e-06
0,-9.495939069941311e-06,2.098847192130148e-43,8.651162710822546e-38,0.6194236297911063,0,1.1922025900448504e-05,1.1922025900448504e-05,2.4260868305071926e-06,1.0,1.0,0,scan,heston,-1.1922025900448504e-05,A,digit_k=+1.050,1.0,-12.577173283769325,eval,9.479098070338047e-07
0,-9.495939069941311e-06,4.588089127215242e-41,1.746642986471136e-35,0.9177912946576717,0,1.2122743266765115e-05,1.2122743266765115e-05,2.6268041968238035e-06,1.0,1.0,0,scan,heston,-1.2122743266765115e-05,A,digit_k=+1.050,1.0,-12.151065702078998,insample,9.976691398097668e-07
0,-1.5943095929401733e-06,4.068800334140014e-36,3.181936684654747e-30,0.9109405890473692,0,2.8730277879822897e-06,2.8730277879822897e-06,1.2787181950421164e-06,1.0,1.0,0,scan,heston,-2.8730277879822897e-06,A,digit_k=+1.200,1.0,-11.06954103456345,eval,2.5954353292621344e-07
0,-1.5943095929401733e-06,8.194889813708482e-37,6.213303669467948e-31,0.8736543184481496,0,2.913235924189362e-06,2.913235924189362e-06,1.3189263312491887e-06,1.0,1.0,0,scan,heston,-2.913235924189362e-06,A,digit_k=+1.200,1.0,-11.211254190460735,insample,2.598492438667685e-07
0,-3.297895008193663e-07,2.3650138201513564e-33,3.698363318136856e-27,0.9822971593830961,0,9.692652950317078e-07,9.692652950317078e-07,6.394757942123415e-07,1.0,1.0,0,scan,heston,-9.692652950317078e-07,A,digit_k=+1.350,1.0,-10.392480977375488,eval,9.326601579948098e-08
0,-3.297895008193663e-07,7.01858966391755e-31,1.0711400053670527e-24,0.4348916093709778,0,9.850343454475395e-07,9.850343454475395e-07,6.552448446281731e-07,1.0,1.0,0,scan,heston,-9.850343454475395e-07,A,digit_k=+1.350,1.0,-9.84720677304159,insample,1.0003185351446455e-07
0,-3.895259119103314e-08,7.684672435302369e-30,3.288454002971237e-23,0.2611836229210788,0,2.726390720832393e-07,2.726390720832393e-07,2.3368648089220618e-07,1.0,1.0,0,scan,heston,-2.726390720832393e-07,A,digit_k=+1.500,1.0,-9.478211871096251,eval,2.8764821444290614e-08
1,-3.895259119103314e-08,5.6242733115986e-25,2.3550999031926324e-18,0.026740636303078547,1,2.7776510627687703e-07,2.7776510627687703e-07,2.388125150858439e-07,1.0,1.0,0,scan,heston,-2.7776510627687703e-07,A,digit_k=+1.500,1.0,-8.262933681598359,insample,3.361579760654051e-08
1,-5.656550917624445e-09,3.8942690423962553e-25,3.9114779570196095e-18,0.37686783003889057,0,1.0521659152599676e-07,1.0521659152599676e-07,9.956004060837232e-08,0.9999999999999993,1.0,0,scan,heston,-1.0521659152599676e-07,A,digit_k=+1.650,1.0,-8.19265570269359,eval,1.2842794246974583e-08
1,-5.656550917624445e-09,6.43478952147273e-17,6.230328786412583e-10,0.005680063272508984,1,1.0893825141948173e-07,1.0893825148382962e-07,1.0328170050185729e-07,0.9999999780645021,0.9999999999975029,0,scan,heston,-1.0893825141948173e-07,A,digit_k=+1.650,0.9999999994093178,-5.614542225552238,insample,1.9402873296365087e-08
1,0.0,3.383555309578211e-17,8.466186724893526e-10,0.5643953925457275,0,3.99655171408493e-08,3.996551717468485e-08,3.99655171408493e-08,0.9999999922986267,0.9999999999994028,0,scan,heston,-3.99655171408493e-08,A,digit_k=+1.800,0.9999999991533813,-5.555469119445236,eval,7.193905011722973e-09
1,0.0,2.222883106446211e-12,5.226839598267727e-05,0.0005161337796819075,1,4.252602128154931e-08,4.2528244164655754e-08,4.252602128154931e-08,0.9997577619721996,0.9999948745699617,0,scan,heston,-4.252602128154931e-08,A,digit_k=+1.800,0.9999477316040173,-3.393998563793905,insample,1.2529769969617355e-08
1,0.0,5.810220047820062e-14,2.3554254984183575e-06,0.3628890928059706,0,2.4667332361737188e-08,2.4667390463937664e-08,2.4667332361737188e-08,0.9999929242803501,0.9999999585447882,0,scan,heston,-2.4667332361737188e-08,A,digit_k=+1.950,0.9999976445745017,-4.08825309814439,eval,6.0337096969200366e-09
1,0.0,3.4080998930378194e-11,0.0012917526177050056,1.9650781431842682e-05,1,2.634945286293882e-08,2.6383533861869202e-08,2.634945286293882e-08,0.9981737302720386,0.9998401414192191,0,scan,heston,-2.634945286293882e-08,A,digit_k=+1.950,0.9987082473822949,-2.561021257743399,insample,1.0288650585491899e-08
1,0.0,1.0663853206026843e-13,6.222262664188156e-06,0.33559758834546793,0,1.7138117479523876e-08,1.7138224118055935e-08,1.7138117479523876e-08,0.9999866348973129,0.9999998564627649,0,scan,heston,-1.7138117479523876e-08,A,digit_k=+2.100,0.9999937777373359,-3.8802020167562064,eval,4.416810621074595e-09
1,0.0,1.0397804995571867e-10,0.005532561778760327,1.998013012547319e-06,1,1.8689856364129555e-08,1.8793834414085274e-08,1.8689856364129555e-08,0.9894413083579043,0.9981402824330533,0,scan,heston,-1.8689856364129555e-08,A,digit_k=+2.100,0.9944674382212397,-2.1313859991348254,insample,8.7688745125079e-09
1,0.0,7.244869399609055e-13,5.2938206981705735e-05,0.08138861284372978,0,1.3684796449031143e-08,1.3685520935971104e-08,1.3684796449031143e-08,0.9998169702268112,0.9999992318820269,0,scan,heston,-1.3684796449031143e-08,A,digit_k=+2.250,0.9999470617930183,-3.3909491965655927,eval,4.0356831246222515e-09
1,0.0,1.4899215110728403e-10,0.009701762363318892,2.091746575252842e-08,1,1.5208233219677314e-08,1.53572253707846e-08,1.5208233219677314e-08,0.9852682778757399,0.9952174285651383,0,scan,heston,-1.5208233219677314e-08,A,digit_k=+2.250,0.9902982376366811,-1.954814930205314,insample,7.779883908539616e-09
1,0.0,1.6422829535329945e-12,0.00015606337062069086,0.027377937641057004,1,1.0521537800889029e-08,1.0523180083842562e-08,1.0521537800889029e-08,0.9995621027618204,0.9999929926020144,0,scan,heston,-1.0521537800889029e-08,A,digit_k=+2.400,0.9998439366293792,-3.125172626819588,eval,3.366706117478234e-09
1,0.0,2.212802146498676e-10,0.018352625948119556,2.0989229171674426e-09,1,1.1835861650247149e-08,1.2057141864897016e-08,1.1835861650247149e-08,0.9755364732790539,0.9909566638021907,0,scan,heston,-1.1835861650247149e-08,A,digit_k=+2.400,0.9816473740518805,-1.7462681872481745,insample,6.7778029381033855e-09
1,0.0,3.422819364514332e-12,0.00039620931504994746,0.04354363524111271,1,8.635494123016914e-09,8.638916942381428e-09,8.635494123016914e-09,0.9992599418146453,0.9999433857545234,0,scan,heston,-8.635494123016914e-09,A,digit_k=+2.550,0.9996037906849501,-2.8843427135794584,eval,2.9939209658966977e-09
1,0.0,2.4789249782117766e-10,0.024894920656301573,3.797509841095932e-09,1,9.709660741394687e-09,9.957553239215864e-09,9.709660741394687e-09,0.965059667085051,0.9845265911960552,0,scan,heston,-9.709660741394687e-09,A,digit_k=+2.550,0.9751050793436985,-1.6431987662697143,insample,5.9089995323188705e-09
1,0.0,4.842368109903904e-12,0.0006996479665197612,0.09337467879111994,0,6.916307040772334e-09,6.921149408882238e-09,6.916307040772334e-09,0.9988358318879766,0.9999551313109801,0,scan,heston,-6.916307040772334e-09,A,digit_k=+2.700,0.9993003520334801,-2.7314168725330883,eval,2.5321316238184545e-09
1,0.0,2.9471624140809466e-10,0.036293363385600456,1.6643519520222161e-10,1,7.825673105725948e-09,8.120389347134043e-09,7.825673105725948e-09,0.952977215720652,0.9774070876082521,0,scan,heston,-7.825673105725948e-09,A,digit_k=+2.700,0.9637066366143995,-1.5125148715122019,insample,5.173947875237679e-09
1,0.0,4.437646671688491e-12,0.0007424108545970682,0.2719575644775518,0,5.972908514433343e-09,5.977346161105031e-09,5.972908514433343e-09,0.9981726891936878,0.9999091747792269,0,scan,heston,-5.972908514433343e-09,A,digit_k=+2.850,0.999257589145403,-2.7151862194641603,eval,2.1998154202521294e-09
1,0.0,2.897846300939669e-10,0.04093600484143512,1.940431798238937e-10,1,6.789182436097335e-09,7.078967066191302e-09,6.789182436097335e-09,0.9483668526555882,0.9781386660798466,0,scan,heston,-6.789182436097335e-09,A,digit_k=+2.850,0.9590639951585648,-1.4699778083943644,insample,4.618561176452766e-09
1,0.0,5.303980791885321e-12,0.001014640501830431,0.2224664916415685,0,5.2221443443211355e-09,5.227448325113021e-09,5.2221443443211355e-09,0.9978058686852729,0.9998217259208987,0,scan,heston,-5.2221443443211355e-09,A,digit_k=+3.000,0.9989853594981696,-2.6288281480369196,eval,1.986491337678645e-09
1,0.0,2.665002523912192e-10,0.0429553000202439,2.1165818440745292e-09,1,5.937629442096385e-09,6.204129694487604e-09,5.937629442096385e-09,0.9456803745414454,0.977259006777483,0,scan,heston,-5.937629442096385e-09,A,digit_k=+3.000,0.9570446999797562,-1.4528480579910188,insample,4.086889478523218e-09
0,-0.0016421740919256723,2.220433357933717e-21,1.5659054560010278e-17,0.645824475679946,0,0.00178397277775465,0.00178397277775465,0.00014179868582897765,1.0,1.0,0,std,heston,-0.00178397277775465,B,price_ATMcall,1.0,-8.31923447323724,eval,0.00021443953569209328
0,-0.0016421740919256723,2.8373088341847287e-22,1.6897730257502861e-18,0.9811307590769472,0,0.0018100847397432937,0.0018100847397432937,0.00016791064781762144,1.0,1.0,0,std,heston,-0.0018100847397432937,B,price_ATMcall,1.0,-8.555123174679505,insample,0.00021157903899041218
0,-0.0006380935266376316,6.698476704052171e-07,0.0035956807590172917,0.9360002972551791,0,0.0008247055762913715,0.0008243858354654843,0.0001856224611574475,0.9997305291349214,1.0005785252342203,0,std,heston,-0.0008237159877950791,B,delta_ATM,1.0003878533717245,-2.6903882355399773,eval,0.0003061699337343981
0,-0.0006380935266376316,2.469980035893589e-07,0.0010849852758329018,0.7663523099454059,0,0.0008657944241331622,0.000865744545587864,0.00022740402094664292,0.9997883469474438,1.0001544025817029,0,std,heston,-0.0008654975475842745,B,delta_ATM,1.0000576134675667,-2.9705602310606096,insample,0.0002913583567619691
0,-0.000344672093552281,2.7887636059732683e-06,0.0416001179124401,0.9168046290212868,0,0.0004095054967337723,0.0004117094902212774,6.42486330630231e-05,0.9928630240273908,0.9971655995297286,0,std,heston,-0.0004089207266153041,B,digital_OTM110,0.994646726539336,-2.0684981213391738,eval,0.00019768967754757411
0,-0.000344672093552281,1.1383954994815258e-06,0.013130556128870286,0.9915172470942877,0,0.00043040732285170414,0.00043137028731564527,8.55597982638827e-05,0.996857646198929,0.9984018177882056,0,std,heston,-0.0004302318918161637,B,digital_OTM110,0.9977676615838946,-2.3547329103387167,insample,0.00018270942319070785
0,-0.003265751445223251,1.9103430030305986e-22,6.697781607329954e-19,0.7910683435849498,0,0.0035509717039638386,0.0035509717039638386,0.00028522025874058764,1.0,1.0,0,std,heston,-0.0035509717039638386,C,price_ATMcall,1.0,-8.674551779163677,eval,0.00040935506460325626
0,-0.003265751445223251,6.631630199610205e-23,1.8889645726421442e-19,0.9657624519244967,0,0.0036168236831919266,0.0036168236831919266,0.0003510722379686756,1.0,1.0,0,std,heston,-0.0036168236831919266,C,price_ATMcall,1.0,-8.793239417476597,insample,0.00041131868603548713
0,-0.0012681295069993156,4.5029562413287656e-07,0.0011842766324953603,0.6853330544282394,0,0.0016479076240426434,0.0016483579196667764,0.0003797781170433278,0.99955464466197,0.9998741147048859,0,std,heston,-0.0016479076240426434,C,delta_ATM,0.9997268216940263,-2.981849167540125,eval,0.0005526462042351002
0,-0.0012681295069993156,2.664463253949664e-07,0.0005523916456129145,0.9968257093656581,0,0.0017502134501323399,0.0017504798964577347,0.0004820839431330243,0.9997644465178837,0.9999126651716168,0,std,heston,-0.0017502134501323399,C,delta_ATM,0.9998477866978455,-3.131473000807916,insample,0.000558910598839839
0,-0.0006549933117091207,3.1059480871461422e-06,0.022848197258550557,0.7036309368424312,0,0.0007878257946499977,0.0007909317427371438,0.000132832482940877,0.994008341212629,0.9976873373557761,0,std,heston,-0.0007878257946499977,C,digital_OTM110,0.996073051668912,-2.236084498144421,eval,0.0003523238031942722
0,-0.0006549933117091207,1.5945761789095653e-06,0.008589233954951387,0.9828354400524729,0,0.0008390469769534581,0.0008406415531323676,0.00018405366524433737,0.9974227782344514,0.9985586650841294,0,std,heston,-0.0008390469769534581,C,digital_OTM110,0.9981031437561373,-2.451163543137745,insample,0.0003423055876065252
0,-0.00958505996244208,5.0224858686356905e-30,6.353318132434289e-27,0.405340182631021,0,0.010375589535169665,0.010375589535169665,0.000790529572727584,1.0,1.0,0,std,heston,-0.010375589535169665,D,price_ATMcall,1.0,-10.542957507588582,eval,0.0009841251401897
0,-0.00958505996244208,5.107337869240742e-27,5.208232552180981e-24,0.867841769954391,0,0.010565687808466739,0.010565687808466739,0.0009806278460246579,1.0,1.0,0,std,heston,-0.010565687808466739,D,price_ATMcall,1.0,-9.885377727793212,insample,0.0010688198366725838
0,-0.0037161110720985756,4.2831747516747574e-07,0.0003975191541768835,0.8539028921367412,0,0.0047931590741088536,0.0047935873915840215,0.001077048002010278,0.9998628383323338,0.9999745835682512,0,std,heston,-0.0047931590741088536,D,delta_ATM,0.9999106478217296,-3.2639972976272587,eval,0.0014684935792052306
0,-0.0037161110720985756,3.495775968402319e-07,0.0002605380184136567,0.44623241751859977,0,0.005057514222064155,0.0050578637996609955,0.0013414031499655796,0.9999107739866349,0.9999624801040062,0,std,heston,-0.005057514222064155,D,delta_ATM,0.9999308843395776,-3.3266719150382853,insample,0.0015202924578169442
0,-0.0015949364298230239,5.41261036544364e-06,0.01631334123277963,0.7354811897622349,0,0.001921582915480581,0.0019267268514300748,0.0003263778112416072,0.9954441616455139,0.9986665394270507,0,std,heston,-0.001921314241064631,D,digital_OTM110,0.9973302204483858,-2.3362650448324684,eval,0.0008223871025739749
0,-0.0015949364298230239,4.586674169981791e-06,0.009596699975298854,0.9002818881716541,0,0.0020691837698865075,0.0020728792832817675,0.0004733561792887621,0.9976368951916457,0.998746357902622,0,std,heston,-0.002068292609111786,D,digital_OTM110,0.998217207617894,-2.4064221802846393,insample,0.0008594886741224857
1,1.7237258352306513e-07,2.7516214475295285e-12,1.9447338780295115e-06,0.4977766496475001,0,1.587278822080567e-06,1.5872815737020148e-06,1.414906238557502e-06,0.9999904884861938,0.9999999248100824,0,scan,heston,1.587278822080567e-06,D,digit_k=-3.000,0.9999982664566305,4.152309544459169,eval,3.822640882346134e-07
1,1.7237258352306513e-07,1.2665812563428625e-09,0.0008282947497396476,7.6275780449816e-07,1,1.7002491686829994e-06,1.7015157499393424e-06,1.5278765851599343e-06,0.9984376628350389,0.9999701005737699,0,scan,heston,1.7002491686829994e-06,D,digit_k=-3.000,0.9992556159081172,2.71445877498322,insample,6.263676517590546e-07
1,5.507651707158032e-07,2.6488809657146304e-14,1.1013780595432206e-08,0.37040972232551395,0,2.955825734242027e-06,2.955825760730837e-06,2.4050605635262237e-06,0.9999998982072226,0.9999999999984953,0,scan,heston,2.955825734242027e-06,D,digit_k=-2.850,0.99999999103844,5.154441553611314,eval,5.734521777962757e-07
1,5.507651707158032e-07,8.81783754531344e-11,3.4712127347270156e-05,2.8206756057060942e-05,1,3.0909527458535946e-06,3.091040924229048e-06,2.5401875751377913e-06,0.9998942280154955,0.9999987569872553,0,scan,heston,3.0909527458535946e-06,D,digit_k=-2.850,0.9999714729187951,3.5369740396464917,insample,8.738974929435797e-07
1,1.2619967794213555e-06,2.853991041077295e-17,7.863559543869093e-12,0.7606778230378675,0,4.891385003841932e-06,4.891385003870472e-06,3.629388224420577e-06,0.9999999997348421,1.0,0,scan,heston,4.891385003841932e-06,D,digit_k=-2.700,0.9999999999941652,6.330271209058526,eval,7.726975420646167e-07
1,1.2619967794213555e-06,6.80655728768865e-12,1.785528353984042e-06,6.404704743376066e-05,1,5.074058973337349e-06,5.074065779894637e-06,3.8120621939159936e-06,0.9999973951145957,0.9999999953233015,0,scan,heston,5.074058973337349e-06,D,digit_k=-2.700,0.9999986585595096,4.205331191787515,insample,1.2065777323903409e-06
1,3.370327629928758e-06,1.939039025987681e-21,3.131706165779637e-16,0.5439744959238642,0,9.561965425248414e-06,9.561965425248416e-06,6.191637795319656e-06,0.9999999999999888,1.0,0,scan,heston,9.561965425248414e-06,D,digit_k=-2.550,0.9999999999999998,7.7113846829228,eval,1.2399803431443132e-06
1,3.370327629928758e-06,3.700252694628036e-15,5.774556333219895e-10,0.0006373025141679735,1,9.7781838858362e-06,9.778183889536452e-06,6.407856255907442e-06,0.999999993551445,0.9999999999997349,0,scan,heston,9.7781838858362e-06,D,digit_k=-2.550,0.9999999996215809,5.686897488084671,insample,1.7194232718848358e-06
0,7.1978460939133244e-06,7.451870924843816e-30,7.683588469124615e-25,0.7894028490225287,0,1.689627145178885e-05,1.689627145178885e-05,9.698425357875527e-06,1.0,1.0,0,scan,heston,1.689627145178885e-05,D,digit_k=-2.400,1.0,9.89437847520264,eval,1.707663750091469e-06
1,7.1978460939133244e-06,3.4703791384477486e-20,3.4758931337948568e-15,0.01745062409629118,1,1.7181982558600604e-05,1.7181982558600637e-05,9.984136464687279e-06,0.9999999999996446,1.0,0,scan,heston,1.7181982558600604e-05,D,digit_k=-2.400,0.999999999999998,7.422288495808236,insample,2.3149170998007137e-06
1,1.8090016213029503e-05,7.872043933805656e-41,4.553666357497955e-36,0.14200837608021788,0,3.537728171688826e-05,3.537728171688826e-05,1.7287265503858755e-05,1.0,1.0,0,scan,heston,3.537728171688826e-05,D,digit_k=-2.250,1.0,12.193844681540103,eval,2.901240965488503e-06
1,1.8090016213029503e-05,5.5433773794590224e-30,3.1364458000171664e-25,0.2138724571711993,0,3.576408977562281e-05,3.576408977562281e-05,1.767407356259331e-05,1.0,1.0,0,scan,heston,3.576408977562281e-05,D,digit_k=-2.250,1.0,9.996485135871099,insample,3.5776664787194035e-06
1,3.704118742888365e-05,1.9968256754129274e-43,7.189518989881012e-39,0.17616015113876837,0,6.481530803727744e-05,6.481530803727744e-05,2.777412060839379e-05,1.0,1.0,0,scan,heston,6.481530803727744e-05,D,digit_k=-2.100,1.0,12.7125060104944,eval,5.098546894197828e-06
0,3.704118742888365e-05,3.195388716448135e-39,1.1369049541300788e-34,0.7371622318506414,0,6.514721955443753e-05,6.514721955443753e-05,2.8106032125553877e-05,1.0,1.0,0,scan,heston,6.514721955443753e-05,D,digit_k=-2.100,1.0,11.942660245750528,insample,5.455000662655408e-06
1,8.831587299202413e-05,2.133414387809467e-47,4.3322479841040704e-43,0.5755453643846011,0,0.00013756084686326634,0.00013756084686326634,4.924497387124221e-05,1.0,1.0,0,scan,heston,0.00013756084686326634,D,digit_k=-1.950,1.0,13.456002725130164,eval,1.0223009735748673e-05
0,8.831587299202413e-05,3.8845333203479466e-49,7.826290732146878e-45,0.9389254440198092,0,0.0001379502841491772,0.0001379502841491772,4.963441115715306e-05,1.0,1.0,0,scan,heston,0.0001379502841491772,D,digit_k=-1.950,1.0,13.746083358982887,insample,1.0035606546720705e-05
0,0.00017287783170698995,1.2084063610918025e-49,1.55465769705388e-45,0.5290164081706478,0,0.00025060596204602,0.00025060596204602,7.772813033903004e-05,1.0,1.0,0,scan,heston,0.00025060596204602,D,digit_k=-1.800,1.0,13.871916385199409,eval,1.8065705926068232e-05
0,0.00017287783170698995,5.4294594576345785e-53,6.967748379113835e-49,0.740236961726002,0,0.0002508005574172014,0.0002508005574172014,7.792272571021145e-05,1.0,1.0,0,scan,heston,0.0002508005574172014,D,digit_k=-1.800,1.0,14.40907619469959,insample,1.740573469307206e-05
0,0.0003873600385333402,6.014580878087083e-50,4.328392316690062e-46,0.5384348284418243,0,0.0005263165017655468,0.0005263165017655468,0.00013895646323220664,1.0,1.0,0,scan,heston,0.0005263165017655468,D,digit_k=-1.650,1.0,13.9737630704726,eval,3.7664621842464556e-05
0,0.0003873600385333402,6.992476591207394e-54,5.052390503843684e-50,0.743522417243313,0,0.0005257594078197752,0.0005257594078197752,0.00013839936928643502,1.0,1.0,0,scan,heston,0.0005257594078197752,D,digit_k=-1.650,1.0,14.598742670053483,insample,3.601401981680722e-05
0,0.0007170984880195344,5.1176048303169995e-48,2.3064110957255123e-44,0.7392253701247957,0,0.0009389845533355352,0.0009389845533355352,0.0002218860653160008,1.0,1.0,0,scan,heston,0.0009389845533355352,D,digit_k=-1.500,1.0,13.698707385900766,eval,6.854548585379479e-05
0,0.0007170984880195344,1.8587936152707947e-52,8.397927758821848e-49,0.9412758728289947,0,0.0009384380456643559,0.0009384380456643559,0.00022133955764482146,1.0,1.0,0,scan,heston,0.0009384380456643559,D,digit_k=-1.500,1.0,14.415156614587179,insample,6.510078736950516e-05
0,0.0014840270281386099,2.162579372989254e-48,5.635311287220622e-45,0.9880358487558067,0,0.001867782115083568,0.001867782115083568,0.0003837550869449581,1.0,1.0,0,scan,heston,0.001867782115083568,D,digit_k=-1.350,1.0,13.80959414525817,eval,0.00013525249876549864
0,0.0014840270281386099,1.1506473310117238e-50,2.9821687414611e-47,0.9538279986703988,0,0.0018698694907109891,0.0018698694907109891,0.00038584246257237923,1.0,1.0,0,scan,heston,0.0018698694907109891,D,digit_k=-1.350,1.0,14.178254598949097,insample,0.00013188291109186213
0,0.0025532452167194293,3.809592114669808e-49,6.738814720323553e-46,0.8743930622507645,0,0.0031185660146307416,0.0031185660146307416,0.0005653207979113123,1.0,1.0,0,scan,heston,0.0031185660146307416,D,digit_k=-1.200,1.0,13.969060963810756,eval,0.00022324807821441403
0,0.0025532452167194293,4.707917873209658e-50,8.258890035024203e-47,0.7312918399713895,0,0.003123287662283467,0.003123287662283467,0.0005700424455640377,1.0,1.0,0,scan,heston,0.003123287662283467,D,digit_k=-1.200,1.0,14.115853016151972,insample,0.00022126099348793627
0,0.004747213366531189,1.0325415096868029e-47,1.2531340514756643e-44,0.7327897834423662,0,0.005571180689477129,0.005571180689477129,0.0008239673229459401,1.0,1.0,0,scan,heston,0.005571180689477129,D,digit_k=-1.050,1.0,13.776009907893895,eval,0.0004044117800964084
0,0.004747213366531189,1.6756917404861184e-48,2.0219995081678922e-45,0.8822327544800506,0,0.00557594341009309,0.00557594341009309,0.0008287300435619004,1.0,1.0,0,scan,heston,0.00557594341009309,D,digit_k=-1.050,1.0,13.90544416645359,insample,0.0004009899535280479
0,0.007377668247128815,1.5376372351220128e-46,1.586681676078961e-43,0.8045948240673217,0,0.008346758177581565,0.008346758177581565,0.0009690899304527498,1.0,1.0,0,scan,heston,0.008346758177581565,D,digit_k=-0.900,1.0,13.610913269357624,eval,0.0006132401266836884
0,0.007377668247128815,1.1121232182434677e-46,1.139919491721032e-43,0.8156539633197926,0,0.008353283829036624,0.008353283829036624,0.0009756155819078084,1.0,1.0,0,scan,heston,0.008353283829036624,D,digit_k=-0.900,1.0,13.634377425002805,insample,0.0006126633852542706
0,0.01175615894262072,6.152169452101766e-44,6.565199824524808e-41,0.9440263900117344,0,0.012693246863253366,0.012693246863253366,0.0009370879206326461,1.0,1.0,0,scan,heston,0.012693246863253366,D,digit_k=-0.750,1.0,13.202005707647102,eval,0.0009614635188273671
0,0.01175615894262072,3.959760398991511e-44,4.212728572798706e-41,0.9739544669909442,0,0.012696110408888784,0.012696110408888784,0.0009399514662680637,1.0,1.0,0,scan,heston,0.012696110408888784,D,digit_k=-0.750,1.0,13.234799832616917,insample,0.0009592975012436122
0,0.015672484221064785,6.377736532763494e-42,8.911455953064334e-39,0.8438598134346157,0,0.016388162620459265,0.016388162620459265,0.0007156783993944801,1.0,1.0,0,scan,heston,0.016388162620459265,D,digit_k=-0.600,1.0,12.871364975992423,eval,0.0012732264721749672
0,0.015672484221064785,3.694462289793838e-42,5.2010209364022436e-39,0.7813131920834551,0,0.01638281827566089,0.01638281827566089,0.0007103340545961054,1.0,1.0,0,scan,heston,0.01638281827566089,D,digit_k=-0.600,1.0,12.912947441897089,insample,0.0012687125344060125
0,0.01948478214199364,1.3028298550667037e-39,5.503830495484678e-36,0.9044974219757764,0,0.01972149543760395,0.01972149543760395,0.00023671329561031004,1.0,1.0,0,scan,heston,0.01972149543760395,D,digit_k=-0.450,1.0,12.47355168114139,eval,0.0015810649558153224
0,0.01948478214199364,3.7527639203904525e-40,1.591647159692592e-36,0.7764112729402153,0,0.019720560775313055,0.019720560775313055,0.00023577863331941326,1.0,1.0,0,scan,heston,0.019720560775313055,D,digit_k=-0.450,1.0,12.57109746494572,insample,0.0015687222877957543
0,0.020052201587208867,7.250332557289988e-37,1.1213517756250483e-32,0.9334740326527721,0,0.01998754451246309,0.01998754451246309,-6.465707474577823e-05,1.0,1.0,0,scan,heston,0.01998754451246309,D,digit_k=-0.318,1.0,11.967384965478296,eval,0.0016701680918697057
0,0.020052201587208867,1.402209132367055e-38,2.3171582474798666e-34,0.6639165815074412,0,0.01999168741499417,0.01999168741499417,-6.051417221469846e-05,1.0,1.0,0,scan,heston,0.01999168741499417,D,digit_k=-0.318,1.0,12.286338664091899,insample,0.0016271476769089844
0,0.01979998044663608,1.832964392369685e-35,1.189592264190197e-31,0.7497792286083611,0,0.01964589703103675,0.01964589703103675,-0.00015408341559933203,1.0,1.0,0,scan,heston,0.01964589703103675,D,digit_k=-0.300,1.0,11.698637801144786,eval,0.0016793320183922844
0,0.01979998044663608,1.1148030223514601e-37,7.671674028871748e-34,0.6434168052242843,0,0.019654666266425088,0.019654666266425088,-0.00014531418021099252,1.0,1.0,0,scan,heston,0.019654666266425088,D,digit_k=-0.300,1.0,12.118383241358773,insample,0.0016218884875125728
0,0.01979998044663608,1.832964392369685e-35,1.189592264190197e-31,0.7497792286083611,0,0.01964589703103675,0.01964589703103675,-0.00015408341559933203,1.0,1.0,0,scan,heston,0.01964589703103675,D,digit_k=-0.285,1.0,11.698637801144786,eval,0.0016793320183922844
0,0.01979998044663608,1.1148030223514601e-37,7.671674028871748e-34,0.6434168052242843,0,0.019654666266425088,0.019654666266425088,-0.00014531418021099252,1.0,1.0,0,scan,heston,0.019654666266425088,D,digit_k=-0.285,1.0,12.118383241358773,insample,0.0016218884875125728
0,0.01929153349385616,2.972203671767278e-34,1.3911271154613222e-30,0.9092575073116402,0,0.01907787913842498,0.01907787913842498,-0.00021365435543118164,1.0,1.0,0,scan,heston,0.01907787913842498,D,digit_k=-0.251,1.0,11.46076133212855,eval,0.0016646258119818764
0,0.01929153349385616,4.6455637804864395e-37,2.242933103949631e-33,0.8188602468593027,0,0.019084413461060445,0.019084413461060445,-0.00020712003279571567,1.0,1.0,0,scan,heston,0.019084413461060445,D,digit_k=-0.251,1.0,11.99999937630317,insample,0.0015903678710806537
0,0.018512218300341242,1.028549650343826e-32,3.8865178746432803e-29,0.6996296760007192,0,0.018247572752959518,0.018247572752959518,-0.00026464554738172413,1.0,1.0,0,scan,heston,0.018247572752959518,D,digit_k=-0.218,1.0,11.150526077892165,eval,0.0016364763981081096
0,0.018512218300341242,1.1596391007480361e-35,4.5386826219916626e-32,0.756278031667741,0,0.01825671704649081,0.01825671704649081,-0.000255501253850432,1.0,1.0,0,scan,heston,0.01825671704649081,D,digit_k=-0.218,1.0,11.730766377057682,insample,0.0015563106842018594
0,0.01745376869795503,3.564802824429972e-31,1.1577887154844513e-27,0.9280838838125571,0,0.017145871170819574,0.017145871170819574,-0.00030789752713545476,1.0,1.0,0,scan,heston,0.017145871170819574,D,digit_k=-0.185,1.0,10.830087853580388,eval,0.0015831700908272145
0,0.01745376869795503,1.50599683919228e-34,5.038972532646499e-31,0.5847655818093433,0,0.017154898872919225,0.017154898872919225,-0.0002988698250358038,1.0,1.0,0,scan,heston,0.017154898872919225,D,digit_k=-0.185,1.0,11.509609251498292,insample,0.0014904849068343518
0,0.016115617898550004,5.2908345808269e-29,1.637169727818659e-25,0.8766905542398021,0,0.01579244831564571,0.01579244831564571,-0.00032316958290429243,1.0,1.0,0,scan,heston,0.01579244831564571,D,digit_k=-0.151,1.0,10.362745573778144,eval,0.001523963722086053
0,0.016115617898550004,5.868501363869044e-33,1.887229089055833e-29,0.5183094978711529,0,0.015804659287435917,0.015804659287435917,-0.0003109586111140865,1.0,1.0,0,scan,heston,0.015804659287435917,D,digit_k=-0.151,1.0,11.187034179188379,insample,0.001412765799610934
0,0.014506063489005213,2.5326082391171572e-27,7.767827682561534e-24,0.9884975276672437,0,0.0141800253297393,0.0141800253297393,-0.00032603815926591194,1.0,1.0,0,scan,heston,0.0141800253297393,D,digit_k=-0.150,1.0,9.982701394126408,eval,0.0014204597302772675
0,0.014506063489005213,3.228124149527337e-31,1.0081653936392365e-27,0.4778278511923032,0,0.014185865615730216,0.014185865615730216,-0.00032019787327499695,1.0,1.0,0,scan,heston,0.014185865615730216,D,digit_k=-0.150,1.0,10.821951397712567,insample,0.0013108417414190825
0,0.014506063489005213,2.5326082391171572e-27,7.767827682561534e-24,0.9884975276672437,0,0.0141800253297393,0.0141800253297393,-0.00032603815926591194,1.0,1.0,0,scan,heston,0.0141800253297393,D,digit_k=-0.118,1.0,9.982701394126408,eval,0.0014204597302772675
0,0.014506063489005213,3.228124149527337e-31,1.0081653936392365e-27,0.4778278511923032,0,0.014185865615730216,0.014185865615730216,-0.00032019787327499695,1.0,1.0,0,scan,heston,0.014185865615730216,D,digit_k=-0.118,1.0,10.821951397712567,insample,0.0013108417414190825
0,0.012643168985152116,1.038935218418075e-25,3.309792271414774e-22,0.9677338583829954,0,0.012329271576124092,0.012329271576124092,-0.00031389740902802374,1.0,1.0,0,scan,heston,0.012329271576124092,D,digit_k=-0.085,1.0,9.600825218696698,eval,0.0012841887332886764
0,0.012643168985152116,1.3030268072740594e-29,3.9943390922352533e-26,0.313332697351996,0,0.012316950610300801,0.012316950610300801,-0.00032621837485131457,1.0,1.0,0,scan,heston,0.012316950610300801,D,digit_k=-0.085,1.0,10.470481206462134,insample,0.0011763500041143352
0,0.010555284161572014,5.29749106192173e-23,1.7158185374887793e-19,0.5936268098554349,0,0.010246539912330193,0.010246539912330193,-0.0003087442492418213,1.0,1.0,0,scan,heston,0.010246539912330193,D,digit_k=-0.051,1.0,8.930953368923852,eval,0.0011473063948563495
1,0.010555284161572014,1.3266639000759593e-26,3.938715560262261e-23,0.2874548331714364,0,0.010218457630237616,0.010218457630237616,-0.0003368265313343985,1.0,1.0,0,scan,heston,0.010218457630237616,D,digit_k=-0.051,1.0,9.787901784325255,insample,0.0010439885744053818
0,0.008281072684740903,6.55131500501483e-19,2.276453554289599e-15,0.7616650345145396,0,0.007993286668080473,0.007993286668080473,-0.0002877860166604299,0.9999999999999988,1.0,0,scan,heston,0.007993286668080473,D,digit_k=-0.018,1.0,7.8226531984418495,eval,0.0010218127360768865
0,0.008281072684740903,4.937948138724532e-22,1.4312475675748128e-18,0.21526604419514617,0,0.007936062621451037,0.007936062621451037,-0.00034501006328986616,1.0,1.0,0,scan,heston,0.007936062621451037,D,digit_k=-0.018,1.0,8.658395825771771,insample,0.0009165742455235525
0,0.005868948890343506,1.3678700147411148e-13,4.774108309586114e-10,0.9296770321088244,0,0.00558243046106081,0.005582430461197598,-0.0002865184292826957,0.999999999860329,0.9999999999994866,0,scan,heston,0.00558243046106081,D,digit_k=+0.000,0.9999999999754968,6.115576193193794,eval,0.0009128216679359932
0,0.005868948890343506,2.5250286509796944e-15,6.998895499165072e-12,0.7760317914256651,0,0.005508173586402585,0.00550817358640511,-0.00036077530394092085,0.9999999999966802,0.9999999999998291,0,scan,heston,0.005508173586402585,D,digit_k=+0.000,0.9999999999995416,6.696020294908053,insample,0.0008226040758256424
0,0.005868948890343506,1.3678700147411148e-13,4.774108309586114e-10,0.9296770321088244,0,0.00558243046106081,0.005582430461197598,-0.0002865184292826957,0.9999999999080535,0.9999999999990221,0,scan,heston,0.00558243046106081,D,digit_k=+0.015,0.9999999999754968,6.115576193193794,eval,0.0009128216679359932
0,0.005868948890343506,2.5250286509796944e-15,6.998895499165072e-12,0.7760317914256651,0,0.005508173586402585,0.00550817358640511,-0.00036077530394092085,0.9999999999988953,0.999999999999888,0,scan,heston,0.005508173586402585,D,digit_k=+0.015,0.9999999999995416,6.696020294908053,insample,0.0008226040758256424
0,0.003375854897211667,2.8728734128856912e-08,9.43517089777915e-05,0.7777510298801197,0,0.003071398053399155,0.0030714267821332834,-0.0003044568438125123,0.9999825875603224,0.9999977054888838,0,scan,heston,0.003071398053399155,D,digit_k=+0.049,0.9999906464532068,3.790468991932486,eval,0.0008102949951407652
0,0.003375854897211667,1.517807471474354e-08,3.9412887233008506e-05,0.9983573979210442,0,0.0029907657152578727,0.0029907808933325873,-0.0003850891819537944,0.9999898580074297,0.999997722619035,0,scan,heston,0.0029907657152578727,D,digit_k=+0.049,0.9999949250462484,3.9245164157869805,insample,0.0007620724182034378
0,0.0008653526822373189,0.00021237785155067018,0.41406435755099885,0.7630202805898081,0,0.0007769898454880524,0.0007771981391953111,-0.00030053239459267803,0.9798822248791389,1.0164266244606313,0,scan,heston,0.0005648202876446409,D,digit_k=+0.082,0.999731994073642,0.7264782137352812,eval,0.0007774772552924124
0,0.0008653526822373189,0.00027721867033740497,0.39637457660833897,0.9236029813634294,0,0.0007262242259771577,0.000720404424800656,-0.0004221669277740679,1.0002070063538009,1.0214878767853535,0,scan,heston,0.00044318575446325106,D,digit_k=+0.082,1.0080785194762123,0.5679576647755709,insample,0.0007803147698312628
0,-0.0015949364298230239,5.41261036544364e-06,0.01631334123277963,0.7354811897622349,0,0.001921582915480581,0.0019267268514300748,0.0003263778112416072,0.9958661311506232,0.9985696127711259,0,scan,heston,-0.001921314241064631,D,digit_k=+0.115,0.9973302204483858,-2.3362650448324684,eval,0.0008223871025739749
0,-0.0015949364298230239,4.586674169981791e-06,0.009596699975298854,0.9002818881716541,0,0.0020691837698865075,0.0020728792832817675,0.0004733561792887621,0.9977202571916102,0.9987449317139442,0,scan,heston,-0.002068292609111786,D,digit_k=+0.115,0.998217207617894,-2.4064221802846393,insample,0.0008594886741224857
0,-0.003936444865699089,2.8767523696019803e-10,7.624465646604524e-07,0.562994355575656,0,0.0043137500185543775,0.0043137503062296145,0.00037730515285528884,0.9999997835485817,0.9999999944421991,0,scan,heston,-0.0043137500185543775,D,digit_k=+0.149,0.9999999333120333,-4.792017005678108,eval,0.000900195056370412
0,-0.003936444865699089,6.479137678787008e-10,1.206065535984798e-06,0.8257727081641053,0,0.004473656955026548,0.0044736576029403155,0.0005372120893274591,0.9999997564266592,0.9999999530986896,0,scan,heston,-0.004473656955026548,D,digit_k=+0.149,0.9999998551713553,-4.645977062922698,insample,0.0009629098237975916
0,-0.003936444865699089,2.8767523696019803e-10,7.624465646604524e-07,0.562994355575656,0,0.0043137500185543775,0.0043137503062296145,0.00037730515285528884,0.999999648645026,0.9999999847710352,0,scan,heston,-0.0043137500185543775,D,digit_k=+0.150,0.9999999333120333,-4.792017005678108,eval,0.000900195056370412
0,-0.003936444865699089,6.479137678787008e-10,1.206065535984798e-06,0.8257727081641053,0,0.004473656955026548,0.0044736576029403155,0.0005372120893274591,0.9999997064592436,0.9999999315494814,0,scan,heston,-0.004473656955026548,D,digit_k=+0.150,0.9999998551713553,-4.645977062922698,insample,0.0009629098237975916
0,-0.006093152577035538,1.5462501316131346e-14,3.9478919252661515e-11,0.7777099151598136,0,0.006484817334030589,0.006484817334046052,0.00039166475699505075,0.9999999999796652,0.9999999999999494,0,scan,heston,-0.006484817334030589,D,digit_k=+0.182,0.9999999999976156,-6.461005601994819,eval,0.0010036854529314164
0,-0.006093152577035538,1.0475464032396466e-13,1.782365590110922e-10,0.9330502767588467,0,0.006680880711412136,0.00668088071151689,0.0005877281343765976,0.999999999950055,0.999999999998047,0,scan,heston,-0.006680880711412136,D,digit_k=+0.182,0.9999999999843203,-6.183061587365491,insample,0.0010805133697946486
0,-0.008005222758667824,3.04129700716491e-18,6.651643377065474e-15,0.6094247725160573,0,0.008462447663065304,0.008462447663065305,0.00045722490439747965,0.9999999999999969,1.0,0,scan,heston,-0.008462447663065304,D,digit_k=+0.215,0.9999999999999998,-7.640340448451572,eval,0.001107600861527099
0,-0.008005222758667824,1.0618690122182295e-16,1.6345454461770724e-13,0.7951539422793616,0,0.008654864538100503,0.00865486453810061,0.0006496417794326793,0.9999999999999125,0.9999999999999993,0,scan,heston,-0.008654864538100503,D,digit_k=+0.215,0.9999999999999878,-7.18805759769365,insample,0.0012040616565005672
0,-0.009622490044937732,5.841106981529069e-21,1.0872145704218902e-17,0.7615517878924978,0,0.010159744340496192,0.010159744340496192,0.0005372542955584605,1.0,1.0,0,scan,heston,-0.010159744340496192,D,digit_k=+0.249,1.0,-8.407881418496707,eval,0.0012083596134152793
0,-0.009622490044937732,2.2622430209978014e-19,3.0325470306432865e-16,0.7019088378682696,0,0.010368477822913896,0.010368477822913896,0.0007459877779761644,0.9999999999999998,1.0,0,scan,heston,-0.010368477822913896,D,digit_k=+0.249,1.0,-7.982661326567326,insample,0.0012988748236639157
0,-0.010907485785604281,1.680607607802102e-23,2.5954505575132715e-20,0.9284455701344322,0,0.011555006349206275,0.011555006349206275,0.0006475205636019936,1.0,1.0,0,scan,heston,-0.011555006349206275,D,digit_k=+0.282,1.0,-9.066963254162928,eval,0.0012744075414556255
0,-0.010907485785604281,9.36735883407545e-22,1.0979309306101549e-18,0.70181834940868,0,0.011760668674701841,0.011760668674701841,0.0008531828890975604,1.0,1.0,0,scan,heston,-0.011760668674701841,D,digit_k=+0.282,1.0,-8.630906894321718,insample,0.0013626225863285811
0,-0.011837700150495336,6.625859943342851e-26,8.719549607592795e-23,0.9315848425007554,0,0.01259758572274705,0.01259758572274705,0.0007598855722517131,1.0,1.0,0,scan,heston,-0.01259758572274705,D,digit_k=+0.300,1.0,-9.648290538333981,eval,0.0013056805941627809
0,-0.011837700150495336,1.4154175505237663e-23,1.4646978437486955e-20,0.6450003538383149,0,0.012804054785729315,0.012804054785729315,0.0009663546352339791,1.0,1.0,0,scan,heston,-0.012804054785729315,D,digit_k=+0.300,1.0,-9.096138037146561,insample,0.0014076363763874805
0,-0.011837700150495336,6.625859943342851e-26,8.719549607592795e-23,0.9315848425007554,0,0.01259758572274705,0.01259758572274705,0.0007598855722517131,1.0,1.0,0,scan,heston,-0.01259758572274705,D,digit_k=+0.315,1.0,-9.648290538333981,eval,0.0013056805941627809
0,-0.011837700150495336,1.4154175505237663e-23,1.4646978437486955e-20,0.6450003538383149,0,0.012804054785729315,0.012804054785729315,0.0009663546352339791,1.0,1.0,0,scan,heston,-0.012804054785729315,D,digit_k=+0.315,1.0,-9.096138037146561,insample,0.0014076363763874805
0,-0.01240682587939049,4.097048134481564e-28,4.797124365311581e-25,0.7661030314295516,0,0.013260889235368433,0.013260889235368433,0.000854063355977942,1.0,1.0,0,scan,heston,-0.013260889235368433,D,digit_k=+0.349,1.0,-10.152061887086889,eval,0.0013062262014217896
0,-0.01240682587939049,3.362844106396498e-25,3.143809425332423e-22,0.8094484823360375,0,0.013476497621990128,0.013476497621990128,0.0010696717425996375,1.0,1.0,0,scan,heston,-0.013476497621990128,D,digit_k=+0.349,1.0,-9.49065027054403,insample,0.001419976212148171
0,-0.012624829583792302,4.8406987101980095e-30,5.215438575933769e-27,0.6718558547073219,0,0.013552977550587469,0.013552977550587469,0.0009281479667951672,1.0,1.0,0,scan,heston,-0.013552977550587469,D,digit_k=+0.382,1.0,-10.571012733175552,eval,0.0012820888492597747
0,-0.012624829583792302,5.955352130748528e-27,5.22881477863625e-24,0.8496901422286426,0,0.013763778348066903,0.013763778348066903,0.001138948764274601,1.0,1.0,0,scan,heston,-0.013763778348066903,D,digit_k=+0.382,1.0,-9.896254544141415,insample,0.0013908068235992436
0,-0.012516808651897311,1.1384278925064844e-31,1.1752164264100513e-28,0.47284033756656807,0,0.013485505027239898,0.013485505027239898,0.0009686963753425867,1.0,1.0,0,scan,heston,-0.013485505027239898,D,digit_k=+0.415,1.0,-10.910980936906997,eval,0.0012359571614339853
0,-0.012516808651897311,3.0923458448368215e-28,2.6550711931097444e-25,0.8347075165517422,0,0.013681502786224806,0.013681502786224806,0.0011646941343274944,1.0,1.0,0,scan,heston,-0.013681502786224806,D,digit_k=+0.415,1.0,-10.18195293927568,insample,0.0013437012396168152
0,-0.012120733175161442,1.7509399842329495e-33,1.834006337445776e-30,0.319734066888136,0,0.013075440881717946,0.013075440881717946,0.0009547077065565034,1.0,1.0,0,scan,heston,-0.013075440881717946,D,digit_k=+0.449,1.0,-11.275761681466804,eval,0.0011596059983432561
0,-0.012120733175161442,1.0309042764968024e-29,8.99788801988829e-27,0.7819441485112516,0,0.013266451230574185,0.013266451230574185,0.0011457180554127425,1.0,1.0,0,scan,heston,-0.013266451230574185,D,digit_k=+0.449,1.0,-10.499137572037212,insample,0.0012635753307878616
0,-0.012120733175161442,1.7509399842329495e-33,1.834006337445776e-30,0.319734066888136,0,0.013075440881717946,0.013075440881717946,0.0009547077065565034,1.0,1.0,0,scan,heston,-0.013075440881717946,D,digit_k=+0.450,1.0,-11.275761681466804,eval,0.0011596059983432561
0,-0.012120733175161442,1.0309042764968024e-29,8.99788801988829e-27,0.7819441485112516,0,0.013266451230574185,0.013266451230574185,0.0011457180554127425,1.0,1.0,0,scan,heston,-0.013266451230574185,D,digit_k=+0.450,1.0,-10.499137572037212,insample,0.0012635753307878616
1,-0.01148429959164301,4.888575189905398e-35,5.421817076448713e-32,0.17549799315615944,0,0.012385948452343308,0.012385948452343308,0.0009016488607002972,1.0,1.0,0,scan,heston,-0.012385948452343308,D,digit_k=+0.482,1.0,-11.57735848957818,eval,0.001069842353373873
0,-0.01148429959164301,5.732176302184036e-31,5.283260083703198e-28,0.7440680461740063,0,0.012569269139113439,0.012569269139113439,0.0010849695474704282,1.0,1.0,0,scan,heston,-0.012569269139113439,D,digit_k=+0.482,1.0,-10.759118576218901,insample,0.0011682433881615127
1,-0.007619814509051369,7.114192107574248e-41,1.4383840636281014e-37,0.4630731098775228,0,0.008114410652561872,0.008114410652561872,0.0004945961435105029,1.0,1.0,0,scan,heston,-0.008114410652561872,D,digit_k=+0.600,1.0,-12.631469604231956,eval,0.0006423964041241312
0,-0.007619814509051369,4.192323732490953e-36,6.833882756610828e-33,0.7927536722491162,0,0.008233275974780418,0.008233275974780418,0.0006134614657290491,1.0,1.0,0,scan,heston,-0.008233275974780418,D,digit_k=+0.600,1.0,-11.749202824027613,insample,0.0007007518806248729
0,-0.0038451054979968423,8.000570406918193e-44,4.306951906686146e-40,0.7992760572260347,0,0.004030864953413515,0.004030864953413515,0.00018575945541667287,1.0,1.0,0,scan,heston,-0.004030864953413515,D,digit_k=+0.750,1.0,-13.096599639690556,eval,0.00030777950493329396
0,-0.0038451054979968423,1.7034931813841554e-40,6.782060819832386e-37,0.9704641721687024,0,0.00409628183313125,0.00409628183313125,0.00025117633513440773,1.0,1.0,0,scan,heston,-0.00409628183313125,D,digit_k=+0.750,1.0,-12.50991081881991,insample,0.0003274429284474837
0,-0.0011796130424334193,5.915248897152703e-42,5.469670197043725e-38,0.9254546880272969,0,0.0012877593964923863,0.0012877593964923863,0.00010814635405896698,1.0,1.0,0,scan,heston,-0.0012877593964923863,D,digit_k=+0.900,1.0,-12.681614561422274,eval,0.0001015453821163889
0,-0.0011796130424334193,7.1549855169955254e-43,5.5150785015531856e-39,0.8454755251969981,0,0.0013093480138391845,0.0013093480138391845,0.00012973497140576513,1.0,1.0,0,scan,heston,-0.0013093480138391845,D,digit_k=+0.900,1.0,-12.845431671948454,insample,0.00010193102476256266
0,-0.00036787026404331246,1.4239337066534143e-38,1.6851915582481166e-34,0.7331792770188267,0,0.0004523671095018608,0.0004523671095018608,8.449684545854837e-05,1.0,1.0,0,scan,heston,-0.0004523671095018608,D,digit_k=+1.050,1.0,-11.978991662822754,eval,3.77633712615227e-05
0,-0.00036787026404331246,3.069337359422098e-40,3.3778654977899766e-36,0.7913314176386331,0,0.00045873644451823847,0.00045873644451823847,9.086618047492601e-05,1.0,1.0,0,scan,heston,-0.00045873644451823847,D,digit_k=+1.050,1.0,-12.29010276776858,insample,3.7325680117280886e-05
0,-6.847898209561332e-05,1.0216502682952399e-32,2.2270190508882555e-28,0.6786081977747636,0,0.00011435421912547845,0.00011435421912547845,4.587523702986513e-05,1.0,1.0,0,scan,heston,-0.00011435421912547845,D,digit_k=+1.200,1.0,-10.698006946705865,eval,1.0689301259118218e-05
0,-6.847898209561332e-05,7.957362441721381e-37,1.6817578332384463e-32,0.6591707201889545,0,0.00011579472687438704,0.00011579472687438704,4.731574477877372e-05,1.0,1.0,0,scan,heston,-0.00011579472687438704,D,digit_k=+1.200,1.0,-11.530403944398541,insample,1.004255596185249e-05
0,-1.5374848067077212e-05,1.0385642134421873e-31,4.3440005146991826e-27,0.8385115344431623,0,3.928286119755233e-05,3.928286119755233e-05,2.390801313047512e-05,1.0,1.0,0,scan,heston,-3.928286119755233e-05,D,digit_k=+1.350,1.0,-10.384964412573725,eval,3.782666905433987e-06
0,-1.5374848067077212e-05,1.0331388372295982e-32,4.216679356952296e-28,0.6872813600516801,0,3.987609062720214e-05,3.987609062720214e-05,2.450124256012493e-05,1.0,1.0,0,scan,heston,-3.987609062720214e-05,D,digit_k=+1.350,1.0,-10.600562681778225,insample,3.7616956593961674e-06
0,-2.022578085214393e-06,6.03121746448285e-30,6.589283570504944e-25,0.7752693914752828,0,1.1175648217876281e-05,1.1175648217876281e-05,9.153070132661889e-06,1.0,1.0,0,scan,heston,-1.1175648217876281e-05,D,digit_k=+1.500,1.0,-9.874555621177391,eval,1.1317621416713184e-06
1,-2.022578085214393e-06,8.08174978557208e-26,8.633736436814478e-21,0.12640248227329343,0,1.1383241159328268e-05,1.1383241159328268e-05,9.360663074113876e-06,1.0,1.0,0,scan,heston,-1.1383241159328268e-05,D,digit_k=+1.500,1.0,-8.89663674904484,insample,1.2794993749239449e-06
1,-3.3917245051699575e-07,3.0914435497851436e-25,7.644020159228086e-20,0.8060127501119374,0,4.383436444317512e-06,4.383436444317512e-06,4.044263993800516e-06,1.0,1.0,0,scan,heston,-4.383436444317512e-06,D,digit_k=+1.650,1.0,-8.644460698768423,eval,5.070803832727264e-07
1,-3.3917245051699575e-07,2.545092802121976e-16,6.066071051882939e-11,0.0017790209394661395,1,4.534792284507531e-06,4.5347922847620405e-06,4.195619833990535e-06,0.9999999988514802,0.9999999999998699,0,scan,heston,-4.534792284507531e-06,D,digit_k=+1.650,0.9999999999438762,-5.9885603074694735,insample,7.572424842831303e-07
1,-1.0219320675703374e-08,2.608042026827604e-16,1.5342467082728235e-10,0.4491196453538391,0,1.710103708476324e-06,1.7101037087371281e-06,1.6998843878006207e-06,0.9999999937693256,0.9999999999999757,0,scan,heston,-1.710103708476324e-06,D,digit_k=+1.800,0.9999999998474922,-5.8322054174193285,eval,2.932173313663944e-07
1,-1.0219320675703374e-08,5.148675891645645e-11,2.850558123269438e-05,9.187447739318825e-05,1,1.8163670654344338e-06,1.8164185521933504e-06,1.8061477447587305e-06,0.9999491996729073,0.9999989532694146,0,scan,heston,-1.8163670654344338e-06,D,digit_k=+1.800,0.9999716547935197,-3.5384633979516646,insample,5.133208574337344e-07
1,0.0,9.699422490747457e-13,9.040455269285786e-07,0.3714495797563526,0,1.0728899632943169e-06,1.0728909332365659e-06,1.0728899632943169e-06,0.9999919920690034,0.9999999977966528,0,scan,heston,-1.0728899632943169e-06,D,digit_k=+1.950,0.9999990959544731,-4.285962706914118,eval,2.503264812742141e-07
1,0.0,1.0087297191988372e-09,0.0008804924460416865,2.5167370401305125e-05,1,1.1446339430074668e-06,1.1456426727266658e-06,1.1446339430074668e-06,0.9982313930428001,0.999886628205825,0,scan,heston,-1.1446339430074668e-06,D,digit_k=+1.950,0.9991195075539582,-2.6682182919579684,insample,4.289881178228194e-07
1,0.0,3.1513485904019038e-12,4.157004516921635e-06,0.6750366917670223,0,7.580784378279244e-07,7.580815891765148e-07,7.580784378279244e-07,0.9999767779908694,0.9999998085856021,0,scan,heston,-7.580784378279244e-07,D,digit_k=+2.100,0.9999958429954832,-3.967549989807906,eval,1.9106966258152371e-07
1,0.0,3.3982695541104598e-09,0.004111157337098154,4.211613345817961e-07,1,8.231985438164808e-07,8.265968133705912e-07,8.231985438164808e-07,0.9930551495783959,0.998516545372607,0,scan,heston,-8.231985438164808e-07,D,digit_k=+2.100,0.9958888426629019,-2.222212413126625,insample,3.7044097987835943e-07
1,0.0,2.4011187742864196e-11,3.921598550707913e-05,0.20848227142393116,0,6.122566042906002e-07,6.12280615478343e-07,6.122566042906002e-07,0.9998107910200872,0.9999993307308391,0,scan,heston,-6.122566042906002e-07,D,digit_k=+2.250,0.9999607840144931,-3.4623275176245514,eval,1.768338209409663e-07
1,0.0,5.057408068086951e-09,0.007420587841035821,2.972466180993262e-08,1,6.764799817488632e-07,6.815373898169502e-07,6.764799817488632e-07,0.9887427139775233,0.9963899824019009,0,scan,heston,-6.764799817488632e-07,D,digit_k=+2.250,0.9925794121589642,-2.03988407477528,insample,3.3162667923832207e-07
1,0.0,5.815591958610443e-11,0.00012192651734188675,0.021456365024600355,1,4.769169997229961e-07,4.769751556425822e-07,4.769169997229961e-07,0.9997328593886292,0.9999964317934673,0,scan,heston,-4.769169997229961e-07,D,digit_k=+2.400,0.9998780734826581,-3.1870901327350816,eval,1.4964026113491737e-07
1,0.0,7.70628498335399e-09,0.014259542156546696,1.6365786003582804e-09,1,5.327237581941515e-07,5.404300431775055e-07,5.327237581941515e-07,0.9799880345889671,0.9921128144976714,0,scan,heston,-5.327237581941515e-07,D,digit_k=+2.400,0.9857404578434533,-1.8299105459794904,insample,2.9112010932151994e-07
1,0.0,1.253662984867327e-10,0.0003177280655431999,0.029089026564297793,1,3.9444569015635214e-07,3.945710564548389e-07,3.9444569015635214e-07,0.9994383499608729,0.9999886777822644,0,scan,heston,-3.9444569015635214e-07,D,digit_k=+2.550,0.9996822719344568,-2.942461780627685,eval,1.3405295278710778e-07
1,0.0,8.848625324086547e-09,0.0196938673485179,7.534902558835605e-10,1,4.404600435876327e-07,4.4930866891171924e-07,4.404600435876327e-07,0.9676168236124363,0.9882823080378863,0,scan,heston,-4.404600435876327e-07,D,digit_k=+2.550,0.9803061326514821,-1.7226234380002174,insample,2.556914261534488e-07
1,0.0,1.7650752954574555e-10,0.0005546242596234064,0.0658472599014055,0,3.1807053356742204e-07,3.1824704109696774e-07,3.1807053356742204e-07,0.9987755327966263,0.9999567447499634,0,scan,heston,-3.1807053356742204e-07,D,digit_k=+2.700,0.9994453757403767,-2.7944587788312862,eval,1.1382187347936019e-07
1,0.0,1.062401038509792e-08,0.028893268728430916,3.1181679129966823e-10,1,3.5707444855194567e-07,3.6769845893704355e-07,3.5707444855194567e-07,0.9596357884446866,0.9827991637676654,0,scan,heston,-3.5707444855194567e-07,D,digit_k=+2.700,0.9711067312715692,-1.5920084483615826,insample,2.2429180505884202e-07
1,0.0,1.6148032338680677e-10,0.0005858132614779447,0.12329423793158101,0,2.75490052350027e-07,2.7565153267341386e-07,2.75490052350027e-07,0.9992770549806687,0.9999681351456874,0,scan,heston,-2.75490052350027e-07,D,digit_k=+2.850,0.9994141867385219,-2.7796828192337797,eval,9.910844879271726e-08
1,0.0,1.0615973637596195e-08,0.03304877027278747,2.252650696847344e-10,1,3.106054681882572e-07,3.212214418258534e-07,3.106054681882572e-07,0.9590055151166872,0.9827658261014729,0,scan,heston,-3.106054681882572e-07,D,digit_k=+2.850,0.9669512297272126,-1.545331406637454,insample,2.0099602380056174e-07
1,0.0,1.9061978260277897e-10,0.0007898694243887464,0.2425615185182689,0,2.4114013276588746e-07,2.4133075254849024e-07,2.4114013276588746e-07,0.9984797577723121,0.999899830912202,0,scan,heston,-2.4114013276588746e-07,D,digit_k=+3.000,0.9992101305756113,-2.6981762460904237,eval,8.937152756988809e-08
1,0.0,9.844249996796621e-09,0.03493681893450817,5.8177337516057055e-09,1,2.7192868460410243e-07,2.8177293460089906e-07,2.7192868460410243e-07,0.9585141211840355,0.9805116002552661,0,scan,heston,-2.7192868460410243e-07,D,digit_k=+3.000,0.9650631810654918,-1.5258922518942946,insample,1.782096240848729e-07
,,,,,,,,,,,1,ladder,heston,,ladder_dv=0.0001,delta_ATM,,,eval,
,,,,,,,,,,,1,ladder,heston,,ladder_dv=0.0001,delta_ATM,,,insample,
0,nan,1.5496827429498982e-08,nan,0.91331311853687,0,1.5810854745191224e-05,1.578358271938758e-05,nan,0.9997375487550666,1.003167752966553,0,ladder,heston,-1.576808589195808e-05,ladder_dv=0.0002,delta_ATM,1.00172787296069,-2.637986405281167,eval,5.977318859714689e-06
0,nan,7.453306383266875e-09,nan,0.8368064045296721,0,1.695665945589104e-05,1.6951282106304365e-05,nan,0.9997046633303379,1.0004392038928187,0,ladder,heston,-1.69438287999211e-05,ladder_dv=0.0002,delta_ATM,1.0003172237682645,-2.85669010808857,insample,5.9312799634603435e-06
0,nan,3.034136058776466e-08,nan,0.9118203068445672,0,3.166290335261183e-05,3.161970422636105e-05,nan,0.9997402024217967,1.0019006012676805,0,ladder,heston,-3.158936286577328e-05,ladder_dv=0.0003,delta_ATM,1.0013662090556423,-2.6443662281071894,eval,1.1945910717663578e-05
0,nan,1.5132212303885763e-08,nan,0.8862948295157287,0,3.3968671584301894e-05,3.396174165055422e-05,nan,0.9998375628721732,1.0006071731249269,0,ladder,heston,-3.394660943825033e-05,ladder_dv=0.0003,delta_ATM,1.0002040511885102,-2.853153130960582,insample,1.189792761905541e-05
0,nan,7.356219168403109e-08,nan,0.898542282582922,0,7.92866123335984e-05,7.917671020685807e-05,nan,0.9997312608512077,1.0016915618854738,0,ladder,heston,-7.910314801517403e-05,ladder_dv=0.0005,delta_ATM,1.0013880612929382,-2.65333273020516,eval,2.9812751003549278e-05
0,nan,3.237556557524513e-08,nan,0.8628344623576276,0,8.48294989645042e-05,8.480683523455214e-05,nan,0.9997920224914105,1.0005216643714339,0,ladder,heston,-8.47744596689769e-05,ladder_dv=0.0005,delta_ATM,1.0002672394258008,-2.8941738755837965,insample,2.929141900704797e-05
0,nan,1.031664465926577e-07,nan,0.9265913720495403,0,0.00011131532024501531,0.00011117207143414778,nan,0.9996678188056984,1.0020453906460964,0,ladder,heston,-0.00011106890498755512,ladder_dv=0.0007,delta_ATM,1.001288532353671,-2.6536614245239427,eval,4.185496460140181e-05
0,nan,4.399476665131729e-08,nan,0.8669247286581327,0,0.00011887462574188744,0.00011884469593130068,nan,0.9998125822221231,1.0004263374662723,0,ladder,heston,-0.00011880070116464937,ladder_dv=0.0007,delta_ATM,1.0002518396833129,-2.902301139754161,insample,4.093327861033482e-05
1,-0.0002777814421048228,2.5665002138794994e-13,6.7263446666480934e-09,0.09263757308359322,0,0.0003159373845045941,0.0003159373847612441,3.815594239977129e-05,0.9999999928078964,0.9999999999965152,0,std,kou,-0.0003159373845045941,A,price_ATMcall,0.9999999991876555,-5.562277655086594,eval,5.680000246224234e-05
0,-0.0002777814421048228,4.170542520899404e-11,8.16670660652969e-07,0.48634118557979367,0,0.0003288490182511868,0.00032884905995661203,5.106757614636398e-05,0.9999996966643233,0.9999999487375842,0,std,kou,-0.0003288490182511868,A,price_ATMcall,0.9999998731776054,-4.671233201981982,insample,7.039875853589534e-05
0,-0.00016231676234952278,1.8984779049253022e-06,0.12403736206161939,0.6375295326636221,0,0.00017767046192882144,0.0001776224563224579,1.340721606800984e-05,0.9941795151579788,1.0068450694864342,0,std,kou,-0.00017572397841753262,A,delta_ATM,1.0002702676641089,-1.9237102885931066,eval,9.134638383934997e-05
0,-0.00016231676234952278,1.4944566056470066e-06,0.04825284402580414,0.9565126028561896,0,0.00019364856124163697,0.00019328813068685469,2.9476911731684928e-05,0.9975780527674846,1.0041349699159443,0,std,kou,-0.0001917936740812077,A,delta_ATM,1.0018647319600096,-2.026943894316937,insample,9.462209320097662e-05
0,-3.852231310499999e-05,1.4181522351504177e-05,0.517289197779385,0.327539987334432,0,3.624608545534246e-05,3.947028242583817e-05,-1.3233553030666004e-05,0.9028210146543841,0.9639071169418207,0,std,kou,-2.5288760074333987e-05,A,digital_OTM110,0.9183133037734467,-0.6007892451527177,eval,4.209256453634703e-05
0,-3.852231310499999e-05,1.0750262017294318e-05,0.5807753209505977,0.8690083439894994,0,4.168023871556979e-05,4.1512646314505744e-05,-7.759928807788559e-06,0.9896274704312826,1.0172152523938023,0,std,kou,-3.076238429721143e-05,A,digital_OTM110,1.004037140870142,-0.7502963768858529,insample,4.100031033721958e-05
0,1.0941580578945887e-09,1.3367202668646112e-07,0.9782530199524707,0.8921923140999303,0,1.4230800757487428e-07,1.377377706612635e-07,2.9715859169077893e-09,1.019493597579408,1.0528832648719126,0,scan,kou,-4.065743974802378e-09,A,digit_k=-3.000,1.0331807091959568,-0.02355849453068545,eval,1.7258080602335e-07
1,1.0941580578945887e-09,1.3207446421970302e-07,0.8621051586646399,0.5428780848492447,0,1.604358774154024e-07,1.5429410459838404e-07,2.112548232078645e-08,1.0269429419590272,1.0520836744844222,0,scan,kou,2.221964037868104e-08,A,digit_k=-3.000,1.0398056220813163,0.11566985500420257,insample,1.9209534219502346e-07
0,3.246763739221932e-09,1.3362326891228418e-07,0.9938083730917675,0.9210734121666009,0,1.4252417177182706e-07,1.3770253260800112e-07,8.324999564950211e-10,1.0187890909625943,1.053257314467339,0,scan,kou,4.079263695716953e-09,A,digit_k=-2.850,1.0350148909573924,0.023642928784689994,eval,1.7253631023743915e-07
1,3.246763739221932e-09,1.25213565551009e-07,0.8245951491055525,0.559950324088618,0,1.616661691303452e-07,1.5509529897112274e-07,2.6634969680891812e-08,1.024009751004423,1.0549673200060006,0,scan,kou,2.9881733420113744e-08,A,digit_k=-2.850,1.0423666623218921,0.15558276112009392,insample,1.9206326719608808e-07
0,9.480550788995399e-09,1.1593347783656082e-07,0.894894351644928,0.8496318868677991,0,1.4406152580818599e-07,1.390304553374603e-07,1.361642671190408e-08,1.0226523740555846,1.0538496380758562,0,scan,kou,2.309697750089948e-08,A,digit_k=-2.700,1.036186822941161,0.13373527772595148,eval,1.7270669260678916e-07
1,9.480550788995399e-09,1.1017595722931008e-07,0.7413949033074365,0.45511150995559124,0,1.6533870159232235e-07,1.580868559278683e-07,3.843034790956282e-08,1.03434389945612,1.066336935235956,0,scan,kou,4.791089869855822e-08,A,digit_k=-2.700,1.0458725402683884,0.24928737663818668,insample,1.921914352209484e-07
0,2.7202992633344272e-08,8.008836652698686e-08,0.6528459330089073,0.8654403019106808,0,1.5267069376756752e-07,1.4987874578978487e-07,4.2587386629453735e-08,1.0021597064457133,1.0506142920501236,0,scan,kou,6.979037926279801e-08,A,digit_k=-2.550,1.0186280447108795,0.4010103164608027,eval,1.740363686369644e-07
0,2.7202992633344272e-08,7.892841495538224e-08,0.5469224286343234,0.5341320677041661,0,1.7836402633417664e-07,1.7151672127758387e-07,6.538531368885736e-08,1.0265486141452296,1.0551812103833673,0,scan,kou,9.258830632220164e-08,A,digit_k=-2.550,1.0399220845967025,0.47925339147640195,insample,1.9319280357510128e-07
0,7.65582061301124e-08,2.8673626012360625e-08,0.20906157211051096,0.9487321315422502,0,2.0858074234444692e-07,2.1371218293654149e-07,1.0848035079406847e-07,0.9643208023918194,0.9912302915564732,0,scan,kou,1.8503855692418086e-07,A,digit_k=-2.400,0.9759890123174763,1.0250301232080665,eval,1.8052011617479134e-07
0,7.65582061301124e-08,3.164512366098162e-08,0.19998813400265258,0.691444811119402,0,2.3451254339732435e-07,2.347932125158507e-07,1.2658988272475667e-07,0.9890772055178232,1.005565118617169,0,scan,kou,2.0314808885486905e-07,A,digit_k=-2.400,0.9988046114471585,1.0232236977205196,insample,1.985373181909596e-07
0,1.724950747035155e-07,3.990148098329367e-09,0.018227436041846908,0.9938921156341008,0,3.874138334403936e-07,3.9140398153872297e-07,2.1491875873687808e-07,0.9854965123165182,0.99413200696807,0,scan,kou,3.874138334403936e-07,A,digit_k=-2.250,0.9898055505653188,1.9389291941777258,eval,1.998081387415958e-07
0,1.724950747035155e-07,5.4171771338355814e-09,0.023499704018984643,0.9721744073589105,0,4.0034956118856267e-07,4.03016154009843e-07,2.251039021724919e-07,0.9906794575895499,0.996554306313814,0,scan,kou,3.975989768760074e-07,A,digit_k=-2.250,0.9933834095860703,1.8492811748489824,insample,2.1500190575858562e-07
0,4.659787623811951e-07,6.729525395209728e-11,0.00013880421745032288,0.7480679668522419,0,9.507328593603847e-07,9.508001546143368e-07,4.847540969791896e-07,0.9998659383149748,0.9999825918468681,0,scan,kou,9.507328593603847e-07,A,digit_k=-2.100,0.9999292225041977,3.320905362437068,eval,2.8628724868650975e-07
0,4.659787623811951e-07,9.608174540259983e-11,0.00020280026840724445,0.5621671263598753,0,9.396579184952291e-07,9.397540002406318e-07,4.7367915611403403e-07,0.9998456513450344,0.9999352772711476,0,scan,kou,9.396579184952291e-07,A,digit_k=-2.100,0.9998977586204708,3.230799733727622,insample,2.908437526120115e-07
0,1.2251008495797398e-06,2.85290709400563e-12,2.650183840693699e-06,0.9353523039818954,0,2.301592030859673e-06,2.3015948837667667e-06,1.0764911812799332e-06,0.9999964575347023,0.9999999381671859,0,scan,kou,2.301592030859673e-06,A,digit_k=-1.950,0.9999987604651392,4.221567329407273,eval,5.451984657041646e-07
0,1.2251008495797398e-06,2.8227086038602643e-12,2.774692519979574e-06,0.9616129813673975,0,2.2424030376191534e-06,2.2424058603277573e-06,1.0173021880394136e-06,0.9999973890355,0.9999994181551767,0,scan,kou,2.2424030376191534e-06,A,digit_k=-1.950,0.9999987412142227,4.2184039653764,insample,5.315761733641999e-07
0,3.1218599736636817e-06,4.928069999163092e-13,2.0763577103139362e-07,0.9379245418676586,0,5.49528000212996e-06,5.49528049493696e-06,2.3734200284662783e-06,0.9999997325081866,0.9999999951137272,0,scan,kou,5.49528000212996e-06,A,digit_k=-1.800,0.999999910321775,4.736659327266692,eval,1.1601594335687706e-06
0,3.1218599736636817e-06,5.510897240674236e-13,2.5031262627517974e-07,0.991949465711883,0,5.323465199589722e-06,5.323465750679446e-06,2.20160522592604e-06,0.9999997966144188,0.9999999730476693,0,scan,kou,5.323465199589722e-06,A,digit_k=-1.800,0.9999998964791453,4.7096468920798324,insample,1.130332129260506e-06
0,6.429034136966135e-06,1.3168753382112787e-13,3.024059106843165e-08,0.9035956816691342,0,1.0783695378236928e-05,1.0783695509924462e-05,4.3546612412707925e-06,0.9999999379196518,0.9999999997389075,0,scan,kou,1.0783695378236928e-05,A,digit_k=-1.650,0.999999987788274,5.099927469457399,eval,2.11448014561357e-06
0,6.429034136966135e-06,2.296370557991782e-13,5.7233282267897533e-08,0.8939887238837972,0,1.0441333162232776e-05,1.0441333391869832e-05,4.012299025266641e-06,0.9999999471628866,0.9999999943063536,0,scan,kou,1.0441333162232776e-05,A,digit_k=-1.650,0.9999999780069224,4.994953934789125,insample,2.0903762674387075e-06
0,1.52705967108299e-05,1.627892657975521e-14,1.8433687849929798e-09,0.7583115453683124,0,2.410167092792376e-05,2.4101670944202684e-05,8.831074217093863e-06,0.9999999946105402,0.9999999999956868,0,scan,kou,2.410167092792376e-05,A,digit_k=-1.500,0.9999999993245728,5.592602497601082,eval,4.3095626657288886e-06
0,1.52705967108299e-05,7.691577021634527e-14,9.524656255560364e-09,0.9917702093529975,0,2.334603454501385e-05,2.3346034621929618e-05,8.07543783418395e-06,0.999999990388484,0.999999999210024,0,scan,kou,2.334603454501385e-05,A,digit_k=-1.500,0.9999999967054033,5.327574644766245,insample,4.382113081784552e-06
0,3.45020349772894e-05,1.8284298124496455e-15,1.1028995460839968e-10,0.9569606926767157,0,5.108042435771929e-05,5.1080424359547724e-05,1.6578389380429893e-05,0.9999999987044097,0.9999999999976936,0,scan,kou,5.108042435771929e-05,A,digit_k=-1.350,0.9999999999642049,6.057773381352282,eval,8.432211167713996e-06
0,3.45020349772894e-05,3.183821554737183e-14,2.1201349993527334e-09,0.8019701143257222,0,4.951910487594706e-05,4.951910490778528e-05,1.5017069898657665e-05,0.9999999985841173,0.9999999998416762,0,scan,kou,4.951910487594706e-05,A,digit_k=-1.350,0.999999999357052,5.600675682754704,insample,8.841630489053954e-06
0,7.331994608202997e-05,1.6265682518544406e-16,5.793505336723111e-12,0.8808457643217047,0,0.00010139566462042053,0.00010139566462058319,2.8075718538390562e-05,0.9999999999681841,0.999999999999988,0,scan,kou,0.00010139566462042053,A,digit_k=-1.200,0.9999999999983958,6.518173879471643,eval,1.5555839180626396e-05
0,7.331994608202997e-05,1.3158312161942807e-14,5.222081600735353e-10,0.9675965361308442,0,9.851739254326207e-05,9.851739255642039e-05,2.5197446461232103e-05,0.9999999997517645,0.9999999999724006,0,scan,kou,9.851739254326207e-05,A,digit_k=-1.200,0.9999999998664366,5.853156628159728,insample,1.683149773735623e-05
0,0.00014432746584944602,1.713738846567824e-17,4.1148933317153795e-13,0.7747183508163528,0,0.0001859746899307738,0.00018597468993079093,4.164722408132778e-05,0.9999999999993695,1.0,0,scan,kou,0.0001859746899307738,A,digit_k=-1.050,0.9999999999999079,6.917891468003262,eval,2.6883146518118533e-05
0,0.00014432746584944602,5.757196350705794e-15,1.562277239951689e-10,0.7318032688528067,0,0.00018117877624800494,0.00018117877625376213,3.6851310398558924e-05,0.9999999999100476,0.9999999999925397,0,scan,kou,0.00018117877624800494,A,digit_k=-1.050,0.9999999999682236,6.075986822290772,insample,2.981882310595546e-05
0,0.00023164558171715944,4.520532872008683e-18,8.733218263437338e-14,0.6038056040668034,0,0.000283408090515709,0.00028340809051571354,5.1762508798549554e-05,0.9999999999991813,0.9999999999999998,0,scan,kou,0.000283408090515709,A,digit_k=-0.900,0.9999999999999839,7.153413580683437,eval,3.961858032100979e-05
0,0.00023164558171715944,3.3208530884975254e-15,7.358444315587806e-11,0.7650633875407242,0,0.0002767754073410133,0.00027677540734433415,4.512982562385385e-05,0.999999999954532,0.9999999999964233,0,scan,kou,0.0002767754073410133,A,digit_k=-0.900,0.9999999999880016,6.223209873428683,insample,4.447470243977545e-05
0,0.0003758281147951521,3.826038571476987e-18,6.421868871214438e-14,0.7400033011998481,0,0.00043540638785249654,0.0004354063878525004,5.957827305734444e-05,0.9999999999998164,0.9999999999999999,0,scan,kou,0.00043540638785249654,A,digit_k=-0.750,0.9999999999999911,7.231906619947881,eval,6.020630668149231e-05
0,0.0003758281147951521,3.613396037157773e-15,7.083187657918486e-11,0.9575909971852385,0,0.0004268418138726051,0.00042684181387621855,5.1013699077453024e-05,0.9999999999660993,0.9999999999988833,0,scan,kou,0.0004268418138726051,A,digit_k=-0.750,0.9999999999915345,6.275202792920409,insample,6.802040156441825e-05
0,0.0005252704184786186,8.987483919776582e-18,1.4867127332448109e-13,0.9005264212278808,0,0.0005857224729932772,0.0005857224729932862,6.045205451465864e-05,0.9999999999998254,0.9999999999999998,0,scan,kou,0.0005857224729932772,A,digit_k=-0.600,0.9999999999999847,7.158539434601002,eval,8.182150539845757e-05
0,0.0005252704184786186,7.846803162077736e-15,1.5103374914960643e-10,0.8540681693034211,0,0.0005772243903893599,0.0005772243903972067,5.195397191074132e-05,0.999999999964319,0.9999999999971124,0,scan,kou,0.0005772243903893599,A,digit_k=-0.600,0.999999999986406,6.204505093902233,insample,9.303310766182691e-05
0,0.0006075779014815408,9.182328699574354e-17,1.5618837285096582e-12,0.842453013719288,0,0.000666367992779321,0.0006663679927794128,5.879009129778018e-05,0.9999999999979545,0.999999999999999,0,scan,kou,0.000666367992779321,A,digit_k=-0.450,0.9999999999998622,6.862844973373662,eval,9.709792299908902e-05
0,0.0006075779014815408,3.510807141286486e-14,6.622214835895057e-10,0.6310540424837349,0,0.0006605935046590694,0.0006605935046941776,5.3015603177528656e-05,0.9999999997786042,0.9999999999908297,0,scan,kou,0.0006605935046590694,A,digit_k=-0.450,0.9999999999468535,5.996985653906488,insample,0.00011015425795270216
0,0.0005731311152979913,1.5726052165106434e-15,2.8710935422357513e-11,0.9554025157939037,0,0.0006279048519711924,0.000627904851972765,5.4773736673201104e-05,0.9999999999870463,0.9999999999999852,0,scan,kou,0.0006279048519711924,A,digit_k=-0.322,0.9999999999974954,6.4538858647971455,eval,9.729097556498673e-05
0,0.0005731311152979913,1.8674884180931746e-13,3.6137487708093375e-09,0.6445732300765104,0,0.0006248084323940078,0.0006248084325807567,5.167731709601652e-05,0.9999999988513346,0.9999999999292192,0,scan,kou,0.0006248084323940078,A,digit_k=-0.322,0.9999999997011101,5.724921047503358,insample,0.00010913834919461242
0,0.0005731311152979913,1.5726052165106434e-15,2.8710935422357513e-11,0.9554025157939037,0,0.0006279048519711924,0.000627904851972765,5.4773736673201104e-05,0.9999999999853065,0.9999999999999849,0,scan,kou,0.0006279048519711924,A,digit_k=-0.300,0.9999999999974954,6.4538858647971455,eval,9.729097556498673e-05
0,0.0005731311152979913,1.8674884180931746e-13,3.6137487708093375e-09,0.6445732300765104,0,0.0006248084323940078,0.0006248084325807567,5.167731709601652e-05,0.9999999995054705,0.9999999999517213,0,scan,kou,0.0006248084323940078,A,digit_k=-0.300,0.9999999997011101,5.724921047503358,insample,0.00010913834919461242
0,0.000547972434264473,3.790978973561838e-15,7.14898101675604e-11,0.9556686960985673,0,0.000601000676532922,0.0006010006765367129,5.3028242268449e-05,0.9999999999248115,0.9999999999997793,0,scan,kou,0.000601000676532922,A,digit_k=-0.289,0.9999999999936924,6.3187708119730255,eval,9.51135425570627e-05
0,0.000547972434264473,3.0893557937654574e-13,6.121772292946644e-09,0.6137105192333989,0,0.0005984374895951426,0.0005984374899040782,5.04650553306696e-05,0.9999999981134955,0.999999999895214,0,scan,kou,0.0005984374895951426,A,digit_k=-0.289,0.999999999483763,5.636515021295126,insample,0.0001061715416945056
0,0.0005164106504138602,1.0494403267869858e-14,2.061025538585707e-10,0.9671500383502131,0,0.0005673290066847304,0.0005673290066952249,5.0918356270870284e-05,0.9999999999119068,0.9999999999995404,0,scan,kou,0.0005673290066847304,A,digit_k=-0.256,0.999999999981502,6.158150258280217,eval,9.212652872863938e-05
0,0.0005164106504138602,5.498900019977117e-13,1.1260293091617362e-08,0.5019537120216211,0,0.0005652450805065502,0.0005652450810564402,4.883443009269007e-05,0.9999999968225357,0.9999999998022329,0,scan,kou,0.0005652450805065502,A,digit_k=-0.256,0.9999999990271654,5.532522909056308,insample,0.000102167689099179
0,0.000478869779327039,3.1937989431399715e-14,6.589997648296947e-10,0.9826256349645669,0,0.000527334120461677,0.000527334120493615,4.846434113463808e-05,0.9999999996568474,0.999999999997367,0,scan,kou,0.000527334120461677,A,digit_k=-0.222,0.999999999939435,5.976771771751837,eval,8.82305934708816e-05
0,0.000478869779327039,1.060345304758181e-12,2.2680376028007375e-08,0.5898965617968606,0,0.0005256214416186941,0.0005256214426790394,4.67516622916551e-05,0.9999999938352986,0.9999999991365346,0,scan,kou,0.0005256214416186941,A,digit_k=-0.222,0.9999999979826826,5.410765280576358,insample,9.714364130811169e-05
0,0.0004359482780914999,1.1925757494838038e-13,2.613162015838479e-09,0.9899698144386243,0,0.00048158554585902294,0.0004815855459782805,4.563726776752306e-05,0.9999999982069279,0.9999999999790357,0,scan,kou,0.00048158554585902294,A,digit_k=-0.189,0.9999999997523648,5.755086601110128,eval,8.36799824638829e-05
0,0.0004359482780914999,2.315961315897972e-12,5.2417136177513505e-08,0.6300329145635586,0,0.00048013156171574793,0.0004801315640317092,4.418328362424805e-05,0.9999999877875212,0.9999999985727245,0,scan,kou,0.00048013156171574793,A,digit_k=-0.189,0.9999999951764028,5.262167084417456,insample,9.1242173426521e-05
0,0.00038840308689725464,5.411579911879847e-13,1.2732501750938468e-08,0.9671004540477696,0,0.0004309051807420721,0.0004309051812832301,4.250209384481748e-05,0.9999999887386353,0.9999999998647312,0,scan,kou,0.0004309051807420721,A,digit_k=-0.156,0.9999999987441367,5.490146876319559,eval,7.848700416389203e-05
0,0.00038840308689725464,5.928908594013969e-12,1.439756628675409e-07,0.898225238112995,0,0.0004295830170487142,0.00042958302297762277,4.1179930151459565e-05,0.9999999530453845,0.9999999947065596,0,scan,kou,0.0004295830170487142,A,digit_k=-0.156,0.999999986198457,5.078236388317909,insample,8.459295397058255e-05
0,0.00038840308689725464,5.411579911879847e-13,1.2732501750938468e-08,0.9671004540477696,0,0.0004309051807420721,0.0004309051812832301,4.250209384481748e-05,0.9999999916787794,0.9999999998682669,0,scan,kou,0.0004309051807420721,A,digit_k=-0.150,0.9999999987441367,5.490146876319559,eval,7.848700416389203e-05
0,0.00038840308689725464,5.928908594013969e-12,1.439756628675409e-07,0.898225238112995,0,0.0004295830170487142,0.00042958302297762277,4.1179930151459565e-05,0.9999999724635646,0.9999999959728189,0,scan,kou,0.0004295830170487142,A,digit_k=-0.150,0.999999986198457,5.078236388317909,insample,8.459295397058255e-05
0,0.000337126154231862,3.2868789391961734e-12,8.38445543550224e-08,0.8571912760543442,0,0.00037632820723212804,0.00037632821051900695,3.920205300026602e-05,0.9999999697484999,0.9999999995818316,0,scan,kou,0.00037632820723212804,A,digit_k=-0.122,0.9999999912659248,5.158949898946964,eval,7.294666833437237e-05
0,0.000337126154231862,1.8913168968585664e-11,5.000320151385301e-07,0.8517420368096801,0,0.00037495005138003947,0.00037495007029320846,3.782389714817745e-05,0.9999998564369736,0.9999999860272248,0,scan,kou,0.00037495005138003947,A,digit_k=-0.122,0.9999999495581666,4.84373577375285,insample,7.740927021903469e-05
0,0.00028311450296913786,2.717737392672818e-11,7.608392008454803e-07,0.8824236790912464,0,0.0003188347356003114,0.00031883476277768535,3.572023263117354e-05,0.9999997260203735,0.9999999926147489,0,scan,kou,0.0003188347356003114,A,digit_k=-0.089,0.9999999147603175,4.7461824172017595,eval,6.717709257123098e-05
0,0.00028311450296913786,8.084203743221683e-11,2.3686827654353363e-06,0.9435295548804108,0,0.0003172439554744497,0.00031724403631648714,3.412945250531185e-05,0.9999995230787004,0.9999999089831394,0,scan,kou,0.0003172439554744497,A,digit_k=-0.089,0.9999997451739727,4.537262578921309,insample,6.991968173679545e-05
0,0.00022743532870203305,3.095347171245531e-10,9.635127155381614e-06,0.6346570807566108,0,0.00025956066858873173,0.0002595609781234488,3.212533988669868e-05,0.9999948536435219,0.9999997263323244,0,scan,kou,0.00025956066858873173,A,digit_k=-0.056,0.999998807468213,4.229494420419217,eval,6.136919517747106e-05
0,0.00022743532870203305,5.082205106695075e-10,1.6846040842685615e-05,0.8325468077982379,0,0.0002576033636671559,0.00025760387188766663,3.016803496512288e-05,0.9999957234390632,0.999998922996083,0,scan,kou,0.0002576033636671559,A,digit_k=-0.056,0.9999980271239443,4.125376257687363,insample,6.244360455294938e-05
0,0.00017118795562037236,4.914544576678009e-09,0.00017256977562971304,0.5835725489897082,0,0.0001996616350749167,0.00019966654961949337,2.8473679454544355e-05,0.9999276807744594,0.999994302487573,0,scan,kou,0.0001996616350749167,A,digit_k=-0.022,0.9999753862397781,3.5712245956494,eval,5.590845093253222e-05
0,0.00017118795562037236,5.157582456905819e-09,0.00019847598340077085,0.6517889430016713,0,0.00019716872524449045,0.00019717388282694735,2.598076962411809e-05,0.9999605487870649,0.9999852026767123,0,scan,kou,0.00019716872524449045,A,digit_k=-0.022,0.9999738424664415,3.5571308547534883,insample,5.5429145931195826e-05
0,0.00011546467975530004,9.179559088646939e-08,0.0036953970279817875,0.44113687225922593,0,0.00014021340608706145,0.0001403052016779479,2.4748726331761406e-05,0.9985104211870824,0.9997704213031062,0,scan,kou,0.00014021340608706145,A,digit_k=+0.000,0.9993457434949763,2.7497043795678606,eval,5.099217469664763e-05
0,0.00011546467975530004,8.04897254675022e-08,0.0037141411549647136,0.9530706874439744,0,0.00013705534416997908,0.00013713583389544657,2.1590664414679038e-05,0.9991660114518706,0.9996568076292505,0,scan,kou,0.00013705534416997908,A,digit_k=+0.000,0.9994130656942017,2.779165679984573,insample,4.9315283776366966e-05
0,0.00011546467975530004,9.179559088646939e-08,0.0036953970279817875,0.44113687225922593,0,0.00014021340608706145,0.0001403052016779479,2.4748726331761406e-05,0.9988131360386028,0.999824425257458,0,scan,kou,0.00014021340608706145,A,digit_k=+0.011,0.9993457434949763,2.7497043795678606,eval,5.099217469664763e-05
0,0.00011546467975530004,8.04897254675022e-08,0.0037141411549647136,0.9530706874439744,0,0.00013705534416997908,0.00013713583389544657,2.1590664414679038e-05,0.9991632786994302,0.9996126600964521,0,scan,kou,0.00013705534416997908,A,digit_k=+0.011,0.9994130656942017,2.779165679984573,insample,4.9315283776366966e-05
1,6.13125868845927e-05,1.4966118256970745e-06,0.06661417322286776,0.20921557368731913,0,8.45897476709819e-05,8.377945471900885e-05,2.097025600871909e-05,0.9937459838576705,1.0161236325248906,0,scan,kou,8.228284289331178e-05,A,digit_k=+0.044,1.0096717381927434,1.7552885319151768,eval,4.687710390469756e-05
0,6.13125868845927e-05,1.4213155953643463e-06,0.07689191396147224,0.8892713621238609,0,8.002082650708481e-05,7.979717807420096e-05,1.7063275594243914e-05,0.9968156462381007,1.0059681366980973,0,scan,kou,7.837586247883661e-05,A,digit_k=+0.044,1.0028027110517104,1.7562633838550272,insample,4.462648552565065e-05
1,9.698338797522773e-06,1.4533591173317354e-05,0.4589871755157662,0.17797254947837704,0,4.253575074898817e-05,4.13628208323114e-05,1.7130890861471276e-05,1.0054081792229668,1.0488420981539295,0,scan,kou,2.682922965899405e-05,A,digit_k=+0.078,1.0283571065288786,0.6113407203967997,eval,4.388588681215304e-05
0,9.698338797522773e-06,1.5806044927984673e-05,0.5598396895088431,0.8163965465396013,0,3.709184031543432e-05,3.7931501297758485e-05,1.242711757225104e-05,0.9648553353635139,0.9897486498594636,0,scan,kou,2.2125456369773812e-05,A,digit_k=+0.078,0.9778637556227235,0.5290641336322408,insample,4.181998922866598e-05
0,-8.26288810720721e-05,1.2678651413818059e-06,0.11984580855972213,0.6158153950273522,0,7.466119135059029e-05,7.458547507448763e-05,-9.311271138966266e-06,0.9925279364024607,1.0092021531994404,0,scan,kou,-7.331760993310583e-05,A,digit_k=+0.111,1.0010151611426628,-1.7718229405291637,eval,4.1379761067552924e-05
0,-8.26288810720721e-05,9.355787795587904e-07,0.23186909161830477,0.9424704858224522,0,8.105044007846853e-05,8.046509471939435e-05,-3.099365132236531e-06,0.9992304503580215,1.0107394561272849,0,scan,kou,-7.952951593983556e-05,A,digit_k=+0.111,1.0072745251977326,-1.8965036099177028,insample,4.1934808625693405e-05
0,-0.0001220533941525826,6.179908654286243e-08,0.011072769166327311,0.6648993357106054,0,0.00011653401606342891,0.00011659581514997178,-5.51937808915368e-06,0.9990604422420044,0.9998915480155954,0,scan,kou,-0.00011653401606342891,A,digit_k=+0.144,0.9994699716583878,-2.8066761962224596,eval,4.152029230171742e-05
0,-0.0001220533941525826,6.62204740113487e-08,0.044850931109603975,0.954344881885131,0,0.0001237560692336662,0.00012352985121541422,1.4102365888202597e-06,0.9997931944261815,1.0037204497883527,0,scan,kou,-0.00012346363074140285,A,digit_k=+0.144,1.001831282204473,-2.8036269420475213,insample,4.4037110961430527e-05
0,-0.0001220533941525826,6.179908654286243e-08,0.011072769166327311,0.6648993357106054,0,0.00011653401606342891,0.00011659581514997178,-5.51937808915368e-06,0.9989814907191152,0.9998894416664977,0,scan,kou,-0.00011653401606342891,A,digit_k=+0.150,0.9994699716583878,-2.8066761962224596,eval,4.152029230171742e-05
0,-0.0001220533941525826,6.62204740113487e-08,0.044850931109603975,0.954344881885131,0,0.0001237560692336662,0.00012352985121541422,1.4102365888202597e-06,0.9997663019740277,1.0021369618861073,0,scan,kou,-0.00012346363074140285,A,digit_k=+0.150,1.001831282204473,-2.8036269420475213,insample,4.4037110961430527e-05
1,-0.00015639006951398995,2.588151344521446e-09,0.0013729000856154726,0.24767585531193603,0,0.000154507486725629,0.00015451007487697353,-1.8825827883609523e-06,0.9998992132489971,0.9999974530869387,0,scan,kou,-0.000154507486725629,A,digit_k=+0.178,0.9999832493036678,-3.6595255325850946,eval,4.222063361762766e-05
0,-0.00015639006951398995,6.191374956382487e-09,0.0010834402957314792,0.9568424003582165,0,0.0001620984292599169,0.00016210462063487327,5.708359745926943e-06,0.9999351189853489,0.9999805501579283,0,scan,kou,-0.0001620984292599169,A,digit_k=+0.178,0.9999618063018061,-3.4685643431160513,insample,4.673358001319147e-05
1,-0.00018539741045699209,1.3707075804023146e-10,8.77421671054635e-05,0.43903183483521124,0,0.00018695947275470276,0.00018695960982546082,1.562062297710674e-06,0.9999969795947654,0.9999999820008666,0,scan,kou,-0.00018695947275470276,A,digit_k=+0.211,0.999999266842939,-4.328310633899744,eval,4.319455985677604e-05
0,-0.00018539741045699209,9.117309809885727e-10,9.351043338132538e-05,0.9757354976494448,0,0.00019514654423452278,0.00019514745596550378,9.749133777530697e-06,0.9999908469913673,0.9999981130885989,0,scan,kou,-0.00019514654423452278,A,digit_k=+0.211,0.9999953279894094,-3.9424006747938254,insample,4.949941934674824e-05
1,-0.0002089931955229452,1.0924386497137627e-11,2.313398498472569e-06,0.4004625758625836,0,0.00021371540885190308,0.00021371541977628958,4.722213328957879e-06,0.9999997438289185,0.9999999987819909,0,scan,kou,-0.00021371540885190308,A,digit_k=+0.244,0.9999999488834895,-4.84128458765628,eval,4.414435982483011e-05
0,-0.0002089931955229452,2.1113832348500533e-10,1.5721988526510852e-05,0.9246347921881025,0,0.0002224224766609313,0.00022242268779925479,1.3429281137986097e-05,0.9999978549091838,0.9999997158806819,0,scan,kou,-0.0002224224766609313,A,digit_k=+0.244,0.9999990507338726,-4.276051808669461,insample,5.201585168121254e-05
1,-0.0002272432110565836,1.3133363698570157e-12,1.7225334787590543e-07,0.2991080923496183,0,0.000234867655863175,0.0002348676571765114,7.624444806591401e-06,0.9999999750857824,0.9999999999392365,0,scan,kou,-0.000234867655863175,A,digit_k=+0.278,0.9999999944081853,-5.236631193209948,eval,4.48509064697386e-05
0,-0.0002272432110565836,6.874411072256201e-11,4.112382860440507e-06,0.7831325663381352,0,0.0002439595116427347,0.00024395958038684544,1.6716300586151083e-05,0.9999994563523738,0.9999999257458703,0,scan,kou,-0.0002439595116427347,A,digit_k=+0.278,0.9999997182151624,-4.517700584763118,insample,5.400081458818645e-05
1,-0.0002403448748325632,2.401585536427478e-13,2.3595000046169828e-08,0.2610095563918531,0,0.0002505232409061497,0.00025052324114630827,1.0178366073586493e-05,0.9999999922902332,0.999999999996025,0,scan,kou,-0.0002505232409061497,A,digit_k=+0.300,0.999999999041372,-5.5349558531578475,eval,4.5262012480771484e-05
0,-0.0002403448748325632,2.9591183137437425e-11,1.5116276148191144e-06,0.7676026271790125,0,0.00025992055479268935,0.0002599205843838725,1.9575679960126156e-05,0.9999997294195087,0.9999999639936978,0,scan,kou,-0.00025992055479268935,A,digit_k=+0.300,0.9999998861529832,-4.691686598308859,insample,5.540023813320756e-05
1,-0.0002403448748325632,2.401585536427478e-13,2.3595000046169828e-08,0.2610095563918531,0,0.0002505232409061497,0.00025052324114630827,1.0178366073586493e-05,0.9999999946023559,0.9999999999848992,0,scan,kou,-0.0002505232409061497,A,digit_k=+0.311,0.999999999041372,-5.5349558531578475,eval,4.5262012480771484e-05
0,-0.0002403448748325632,2.9591183137437425e-11,1.5116276148191144e-06,0.7676026271790125,0,0.00025992055479268935,0.0002599205843838725,1.9575679960126156e-05,0.9999997784922032,0.9999999762263503,0,scan,kou,-0.00025992055479268935,A,digit_k=+0.311,0.9999998861529832,-4.691686598308859,insample,5.540023813320756e-05
1,-0.00024860708646515657,6.199646874695156e-14,4.9720719833773684e-09,0.25935887405586433,0,0.00026107602670696466,0.00026107602676896113,1.2468940241808094e-05,0.9999999987924494,0.9999999999990906,0,scan,kou,-0.00026107602670696466,A,digit_k=+0.344,0.9999999997625348,-5.761792962254456,eval,4.5311594570869766e-05
0,-0.00024860708646515657,1.578763059657929e-11,7.170651555125194e-07,0.6355192022620889,0,0.0002706240805338969,0.0002706240963215275,2.201699406874033e-05,0.9999998780945841,0.9999999844046894,0,scan,kou,-0.0002706240805338969,A,digit_k=+0.344,0.9999999416621402,-4.816851968568546,insample,5.6182768808301145e-05
1,-0.00025242771769544935,2.3065727555457403e-14,1.600399201000857e-09,0.29097354861377145,0,0.00026684020147082127,0.000266840201493887,1.4412483775371918e-05,0.9999999984236778,0.9999999999998408,0,scan,kou,-0.00026684020147082127,A,digit_k=+0.378,0.9999999999135597,-5.9214417269364,eval,4.5063383847378916e-05
0,-0.00025242771769544935,9.856831727680797e-12,4.0913934000467193e-07,0.5608449749740152,0,0.0002765193332676664,0.00027651934312449813,2.409161557221707e-05,0.9999998962463204,0.9999999898133105,0,scan,kou,-0.0002765193332676664,A,digit_k=+0.378,0.999999964353916,-4.907437379269332,insample,5.634699169790269e-05
1,-0.0002522701287167585,1.0580355574397287e-14,6.571812738321898e-10,0.3861441700491105,0,0.0002683697286121532,0.00026836972862273356,1.6099599895394695e-05,0.999999999437672,0.9999999999998166,0,scan,kou,-0.0002683697286121532,A,digit_k=+0.411,0.9999999999605754,-6.042968291169872,eval,4.441024934787452e-05
0,-0.0002522701287167585,6.8906470774521966e-12,2.6721868579636675e-07,0.5302496069256046,0,0.0002780566683653875,0.00027805667525603457,2.578653964862898e-05,0.9999999145905338,0.9999999937306916,0,scan,kou,-0.0002780566683653875,A,digit_k=+0.411,0.9999999752185519,-4.97343694975183,insample,5.590835295082253e-05
1,-0.0002486399801400411,6.2344082459971255e-15,3.559707542881378e-10,0.46774109379686213,0,0.00026615380162305953,0.00026615380162929396,1.7513821483018416e-05,0.9999999996862046,0.999999999999958,0,scan,kou,-0.00026615380162305953,A,digit_k=+0.444,0.9999999999765758,-6.122413319460061,eval,4.34720408008213e-05
0,-0.0002486399801400411,5.372510419730133e-12,1.981336457434557e-07,0.5193230162629525,0,0.00027575556333690716,0.00027575556870941754,2.7115583196866044e-05,0.9999999590814294,0.9999999946360123,0,scan,kou,-0.00027575556333690716,A,digit_k=+0.444,0.9999999805171282,-5.016723373435437,insample,5.4967265047359105e-05
1,-0.0002486399801400411,6.2344082459971255e-15,3.559707542881378e-10,0.46774109379686213,0,0.00026615380162305953,0.00026615380162929396,1.7513821483018416e-05,0.9999999995110984,0.9999999999994924,0,scan,kou,-0.00026615380162305953,A,digit_k=+0.450,0.9999999999765758,-6.122413319460061,eval,4.34720408008213e-05
0,-0.0002486399801400411,5.372510419730133e-12,1.981336457434557e-07,0.5193230162629525,0,0.00027575556333690716,0.00027575556870941754,2.7115583196866044e-05,0.9999999670478322,0.9999999964233954,0,scan,kou,-0.00027575556333690716,A,digit_k=+0.450,0.9999999805171282,-5.016723373435437,insample,5.4967265047359105e-05
1,-0.00024206342452719483,4.27357372501495e-15,2.2863007397988102e-10,0.390257075381535,0,0.0002607555136720986,0.00026075551367637216,1.8692089144903783e-05,0.9999999996934775,0.9999999999999435,0,scan,kou,-0.0002607555136720986,A,digit_k=+0.478,0.9999999999836109,-6.176400733087426,eval,4.2218036837411215e-05
1,-0.00024206342452719483,4.5181122113153615e-12,1.604724599498467e-07,0.44417776022039046,0,0.00027021848295712635,0.0002702184874752386,2.8155058429931524e-05,0.9999999551786569,0.9999999959468825,0,scan,kou,-0.00027021848295712635,A,digit_k=+0.478,0.9999999832797812,-5.044082771783338,insample,5.357138159364313e-05
1,-0.00019651899535979122,4.523966617810548e-15,2.0724785878309817e-10,0.36808785863561266,0,0.00021834776909688283,0.00021834776910140683,2.1828773737091618e-05,0.9999999994956832,0.9999999999999442,0,scan,kou,-0.00021834776909688283,A,digit_k=+0.600,0.9999999999792808,-6.141008941289294,eval,3.55556833061769e-05
1,-0.00019651899535979122,3.785812815976502e-12,1.267117155118316e-07,0.3756838002697158,0,0.00022639636163944015,0.00022639636542525296,2.987736627964893e-05,0.9999999616641598,0.9999999950141651,0,scan,kou,-0.00022639636163944015,A,digit_k=+0.600,0.9999999832779435,-5.044063150584919,insample,4.488372862920774e-05
0,-0.00012723380813032991,2.3282857693382757e-14,1.080615517382019e-09,0.4683039909357273,0,0.00014877973014765366,0.00014877973017093652,2.1545922017323748e-05,0.9999999979200525,0.9999999999956692,0,scan,kou,-0.00014877973014765366,A,digit_k=+0.750,0.9999999998435078,-5.82812432397981,eval,2.5527892316143577e-05
0,-0.00012723380813032991,5.4410694888819054e-12,1.9973619680651034e-07,0.3898063904365766,0,0.00015447508181581159,0.00015447508725688108,2.7241273685481673e-05,0.9999999263687525,0.9999999864447146,0,scan,kou,-0.00015447508181581159,A,digit_k=+0.750,0.9999999647770421,-4.909616577017928,insample,3.146377713871066e-05
0,-7.160153051676289e-05,1.0100853161509788e-13,5.839865174623783e-09,0.8477103359064565,0,8.889791117023044e-05,8.889791127123897e-05,1.7296380653467546e-05,0.9999999957032419,0.9999999999842124,0,scan,kou,-8.889791117023044e-05,A,digit_k=+0.900,0.9999999988637693,-5.506791484044198,eval,1.614332255503229e-05
0,-7.160153051676289e-05,7.742805134155935e-12,3.70692600031728e-07,0.8074413715617874,0,9.248892417742041e-05,9.248893192022554e-05,2.0887393660657517e-05,0.9999998322833413,0.9999999588451713,0,scan,kou,-9.248892417742041e-05,A,digit_k=+0.900,0.9999999162839815,-4.749562588885401,insample,1.9473145673215594e-05
0,-4.1901213047691e-05,2.2084644056277526e-13,1.715996514232484e-08,0.8735099128876902,0,5.47710781634623e-05,5.477107838430874e-05,1.2869865115771306e-05,0.9999999854825339,0.9999999998793547,0,scan,kou,-5.47710781634623e-05,A,digit_k=+1.050,0.9999999959678274,-5.292997570127093,eval,1.0347837390400911e-05
0,-4.1901213047691e-05,8.834927520120717e-12,5.834554149526801e-07,0.9559044522063769,0,5.704362519935635e-05,5.704363403428387e-05,1.5142412151665354e-05,0.9999996756023557,0.9999999248989595,0,scan,kou,-5.704362519935635e-05,A,digit_k=+1.050,0.9999998451198338,-4.633171178468526,insample,1.2312004672836601e-05
0,-1.9927680259590114e-05,4.947017820326477e-13,6.249358445016656e-08,0.9131882762233837,0,2.7843720849507687e-05,2.7843721344209466e-05,7.916040589917573e-06,0.9999999357427073,0.9999999987854042,0,scan,kou,-2.7843720849507687e-05,A,digit_k=+1.200,0.9999999822329144,-5.033231794836372,eval,5.53197666717292e-06
0,-1.9927680259590114e-05,9.271618937925842e-12,1.025042145912813e-06,0.9512084211963165,0,2.8972780962126775e-05,2.8972790233745712e-05,9.04510070253666e-06,0.9999994250648228,0.9999998852604521,0,scan,kou,-2.8972780962126775e-05,A,digit_k=+1.200,0.999999679988746,-4.49286003796401,insample,6.448627537317214e-06
0,-8.881162940490436e-06,9.285993209579948e-13,2.1203019088433112e-07,0.8295932511248101,0,1.3260723795451334e-05,1.3260724724050655e-05,4.379560854960898e-06,0.9999997960508291,0.9999999944724457,0,scan,kou,-1.3260723795451334e-05,A,digit_k=+1.350,0.9999999299737126,-4.782923161507985,eval,2.772514495355268e-06
0,-8.881162940490436e-06,8.918856048579584e-12,1.8273793933669166e-06,0.9183480028384549,0,1.376183511115173e-05,1.376184403000778e-05,4.880672170661295e-06,0.9999988228946636,0.9999997435201479,0,scan,kou,-1.376183511115173e-05,A,digit_k=+1.350,0.9999993519141744,-4.353092736961199,insample,3.1613925874592264e-06
0,-3.7566454913030414e-06,1.3385547572847742e-12,5.940586350016563e-07,0.9436445694703206,0,6.009880918309384e-06,6.009882256864142e-06,2.2532354270063427e-06,0.9999993734482064,0.9999999811276796,0,scan,kou,-6.009880918309384e-06,A,digit_k=+1.500,0.9999997772743789,-4.563351370071989,eval,1.3169884216508568e-06
0,-3.7566454913030414e-06,7.30440634502124e-12,2.9863118749635302e-06,0.39067303665139885,0,6.202600514629276e-06,6.202607819035621e-06,2.4459550233262343e-06,0.9999979772344523,0.9999994451988793,0,scan,kou,-6.202600514629276e-06,A,digit_k=+1.500,0.9999988223652763,-4.232069740025658,insample,1.4656186914801812e-06
0,-1.5220782327596044e-06,1.4769854304313745e-12,1.3398702465789495e-06,0.46712115638201956,0,2.624411429002807e-06,2.6244129059882375e-06,1.1023331962432028e-06,0.9999976303074543,0.9999999049642361,0,scan,kou,-2.624411429002807e-06,A,digit_k=+1.650,0.9999994372130137,-4.381317104915609,eval,5.990005667607019e-07
1,-1.5220782327596044e-06,5.072646154947371e-12,4.343111766737185e-06,0.2732244661287596,0,2.6900482036749596e-06,2.6900532763211146e-06,1.1679699709153553e-06,0.9999963414449232,0.9999993924036064,0,scan,kou,-2.6900482036749596e-06,A,digit_k=+1.650,0.999998114295282,-4.134802542127435,insample,6.505868602593242e-07
0,-7.196272225433058e-07,1.1263422471820401e-12,1.842053308214075e-06,0.6347205816158991,0,1.3310862760772111e-06,1.3310874024194582e-06,6.114590535339053e-07,0.9999986945519056,0.9999998734115888,0,scan,kou,-1.3310862760772111e-06,A,digit_k=+1.800,0.9999991538179649,-4.299366066036659,eval,3.096005912574604e-07
1,-7.196272225433058e-07,3.1144779059430006e-12,4.895934553813977e-06,0.12863892698282986,0,1.3557596347375843e-06,1.3557627492154901e-06,6.361324121942785e-07,0.9999944281107004,0.9999991450290086,0,scan,kou,-1.3557596347375843e-06,A,digit_k=+1.800,0.999997702785456,-4.093509845198827,insample,3.311973553276585e-07
0,-2.742230476088414e-07,4.860811077240494e-13,1.640866437742797e-06,0.7760371318749044,0,5.704569755807816e-07,5.704574616618893e-07,2.9623392797194014e-07,0.999997146742168,0.9999999370259007,0,scan,kou,-5.704569755807816e-07,A,digit_k=+1.950,0.9999991479099839,-4.297957687081676,eval,1.3272745269116953e-07
1,-2.742230476088414e-07,1.3508569435282871e-12,4.48509545828091e-06,0.20932728305365045,0,5.754096995700267e-07,5.754110504269701e-07,3.0118665196118524e-07,0.9999960816799988,0.9999991901209477,0,scan,kou,-5.754096995700267e-07,A,digit_k=+1.950,0.9999976523618334,-4.088949045318107,insample,1.4072312792180115e-07
0,-1.016506889827086e-07,1.5729981944792687e-13,1.050603986360552e-06,0.47475162187116726,0,2.5137375897887223e-07,2.513739162786917e-07,1.4972306999616364e-07,0.9999982983848225,0.9999999788154962,0,scan,kou,-2.5137375897887223e-07,A,digit_k=+2.100,0.9999993742396912,-4.360116894987935,eval,5.765298615453011e-08
1,-1.016506889827086e-07,5.339683006937606e-13,3.58502049991226e-06,0.09115195046801239,0,2.505944360043852e-07,2.5059496997268594e-07,1.4894374702167663e-07,0.9999962237548994,0.9999993080847595,0,scan,kou,-2.505944360043852e-07,A,digit_k=+2.100,0.9999978691978503,-4.109276735415886,insample,6.098261376378766e-08
1,-3.6780647648977176e-08,8.23921248322584e-14,1.0298704773257196e-06,0.3487411838374713,0,1.1678297978009152e-07,1.1678306217221636e-07,8.000233213111434e-08,0.9999958750389102,0.9999999407587603,0,scan,kou,-1.1678297978009152e-07,A,digit_k=+2.250,0.9999992944856616,-4.336044521074643,eval,2.693306750253295e-08
1,-3.6780647648977176e-08,2.711102230716889e-13,3.470007358878061e-06,0.08683588323024394,0,1.1490995813115324e-07,1.149102292413763e-07,7.812931048217606e-08,0.9999952509360779,0.9999992299375495,0,scan,kou,-1.1490995813115324e-07,A,digit_k=+2.250,0.9999976406780766,-4.0879057084098,insample,2.810973792638024e-08
1,-1.6058046629464513e-08,1.3300156948916955e-13,2.6375676239412695e-06,0.1934955034067376,0,6.648375609043925e-08,6.648388909200874e-08,5.042570946097473e-08,0.9999905077453211,0.9999996878300703,0,scan,kou,-6.648375609043925e-08,A,digit_k=+2.400,0.9999979994917368,-4.122471805948144,eval,1.6127158467042175e-08
1,-1.6058046629464513e-08,2.6366200995781065e-13,5.441676382036305e-06,0.10010787504279883,0,6.451013320794183e-08,6.451039686995179e-08,4.845208657847732e-08,0.9999930191054973,0.9999984961923019,0,scan,kou,-6.451013320794183e-08,A,digit_k=+2.400,0.9999959128757108,-3.9711908757039387,insample,1.6244530980019105e-08
1,-5.60056816283034e-09,4.2170298982832755e-13,1.446166947371227e-05,0.3549627335842449,0,3.476019541510664e-08,3.476061711809647e-08,2.91596272522763e-08,0.9999671827595706,0.99999857695277,0,scan,kou,-3.476019541510664e-08,A,digit_k=+2.550,0.9999878683687232,-3.732424899519952,eval,9.313032773834872e-09
1,-5.60056816283034e-09,5.105612774858991e-13,1.8561308681849752e-05,0.0706120449240224,0,3.310680759624226e-08,3.310731815751975e-08,2.750623943341192e-08,0.9999796976280609,0.9999946436849068,0,scan,kou,-3.310680759624226e-08,A,digit_k=+2.550,0.9999845785975459,-3.678304322099101,insample,9.000562405165316e-09
1,-1.9196284993726293e-09,1.3907279118361955e-12,8.043493976278022e-05,0.424735783574928,0,1.9208334785740266e-08,1.92097255136521e-08,1.7288706286367638e-08,0.9997313285604023,0.9999865889153361,0,scan,kou,-1.9208334785740266e-08,A,digit_k=+2.700,0.9999276029264007,-3.3154082245726983,eval,5.793656009952109e-09
1,-1.9196284993726293e-09,1.4123651354495996e-12,8.825124697609717e-05,0.1452901109200836,0,1.792212751049386e-08,1.792353987562931e-08,1.6002499011121232e-08,0.9998363433299226,0.999966684729775,0,scan,kou,-1.792212751049386e-08,A,digit_k=+2.700,0.9999212005471436,-3.2947662503560284,insample,5.439574813101602e-09
1,-6.478876757800128e-10,2.4167783499143836e-12,0.00023137757029945366,0.3736191259913286,0,1.1090642167862832e-08,1.1093058946212746e-08,1.0442754492082819e-08,0.9996188941100687,0.9999564532127845,0,scan,kou,-1.1090642167862832e-08,A,digit_k=+2.850,0.9997821359859682,-3.040263531928297,eval,3.6479213237243803e-09
1,-6.478876757800128e-10,3.817192825181623e-12,0.0004003043203818577,0.10894128610145049,0,1.0179797755496713e-08,1.0183614948321895e-08,9.5319100797167e-09,0.999408754704396,0.9997978755911193,0,scan,kou,-1.0179797755496713e-08,A,digit_k=+2.850,0.9996251632799794,-2.8990063521365856,insample,3.5114782511580696e-09
0,-2.1581470618076643e-10,3.0122061916371713e-12,0.0004562708454533925,0.7582744054509861,0,6.81459663532111e-09,6.817608841512746e-09,6.598781929140344e-09,0.9990670370014925,0.9998235621511196,0,scan,kou,-6.81459663532111e-09,A,digit_k=+3.000,0.9995581726288997,-2.85539843073445,eval,2.3865659383893045e-09
1,-2.1581470618076643e-10,9.151209528538727e-12,0.0015324979226789463,0.06168685776710425,0,6.178097058233555e-09,6.187248267762094e-09,5.962282352052789e-09,0.9978815684671937,0.9991691418727536,0,scan,kou,-6.178097058233555e-09,A,digit_k=+3.000,0.9985209564684482,-2.5225864336510035,insample,2.449112139754053e-09
1,-0.0013928656015801595,1.749827459604705e-12,8.731556134976587e-09,0.24346747540454816,0,0.0015932683038334939,0.0015932683055833213,0.0002004027022533344,0.9999999927206,0.9999999999785719,0,std,kou,-0.0015932683038334939,B,price_ATMcall,0.9999999989017371,-5.512432813840607,eval,0.0002890317864433864
0,-0.0013928656015801595,1.0718941708134371e-10,4.240012643770237e-07,0.7177316017550622,0,0.0016456699694878507,0.0016456700766772677,0.0002528043679076912,0.9999998488383416,0.9999999770562785,0,std,kou,-0.0016456699694878507,B,price_ATMcall,0.999999934865792,-4.7964010624714035,insample,0.00034310516323668303
0,-0.0008121826224300741,9.307107548059028e-06,0.10305651375583876,0.8633067292422101,0,0.0009026536078371699,0.0009024933384524441,8.100360847431104e-05,0.994514750944846,1.006481123836271,0,std,kou,-0.0008931862309043852,B,delta_ATM,1.0001775851165846,-1.9352244627717894,eval,0.0004615414119068594
0,-0.0008121826224300741,6.902913567750967e-06,0.045295280281819644,0.9871074832502962,0,0.0009671167945074254,0.0009645806984504055,0.0001454951624525804,0.9982630216437809,1.006890650087028,0,std,kou,-0.0009576777848826545,B,delta_ATM,1.0026292212368484,-2.051275804374732,insample,0.00046686934191892977
0,-0.00018575824535328842,7.384759828895462e-05,0.5430042349641342,0.4184721040705832,0,0.00017873770639733415,0.0001974552424073352,-6.215060123490783e-05,0.8734981681344992,0.9424250295422578,0,std,kou,-0.0001236076441183806,B,digital_OTM110,0.9052061835289833,-0.5816714052913441,eval,0.0002125042472329695
0,-0.00018575824535328842,5.5476066551855575e-05,0.5790131985799818,0.7695365919654527,0,0.0001991154178516321,0.00020089897607807367,-4.033533582707035e-05,0.9790531235046713,1.005646724752034,0,std,kou,-0.00014542290952621807,B,digital_OTM110,0.9911221139039134,-0.7218045098859246,insample,0.00020147132296139436
0,-0.0027954269045151327,3.0206557074224165e-13,7.667770164839847e-10,0.5935996328879058,0,0.003189368772903064,0.0031893687732051294,0.0003939418683879315,0.9999999987264498,0.9999999999984057,0,std,kou,-0.003189368772903064,C,price_ATMcall,0.99999999990529,-5.907159061820065,eval,0.000539915844405988
0,-0.0027954269045151327,3.2530681406619534e-11,6.543657517955351e-08,0.6811260365876237,0,0.0032925598792874398,0.0032925599118181206,0.0004971329747723071,0.9999999694897435,0.9999999980499475,0,std,kou,-0.0032925598792874398,C,price_ATMcall,0.9999999901199427,-5.137303632309115,insample,0.0006409120649556586
0,-0.0016258226549457728,1.016574033729376e-05,0.0637853876610681,0.9394799489878818,0,0.0017836069382402146,0.0017851967798050703,0.00014920838452200371,0.9963270031030818,1.0008357655097089,0,std,kou,-0.0017750310394677765,C,delta_ATM,0.9991094306337314,-2.1224727722966814,eval,0.0008363033263070103
0,-0.0016258226549457728,8.927051063114723e-06,0.030126322468511137,0.9741377377453022,0,0.0019225714646771534,0.0019221432919052134,0.00028739358589632575,0.9979767354299388,1.001612646523136,0,std,kou,-0.0019132162408420986,C,delta_ATM,1.0002227579877854,-2.185119175550824,insample,0.0008755660845637016
0,-0.0003545298956331514,0.00013478903171681875,0.4996556431797643,0.4160145768398984,0,0.0003343015772581556,0.00035434410558755403,-0.00013497482176241606,0.9237098186263041,0.972524685615267,0,std,kou,-0.00021955507387073532,C,digital_OTM110,0.9434376697302048,-0.5735284445667862,eval,0.00038281462053129013
0,-0.0003545298956331514,0.00010389714863314603,0.5616817945596791,0.9987216743307209,0,0.000375691797251174,0.0003773490884195227,-8.10779558467747e-05,0.9844632913128137,1.0102981001124716,0,std,kou,-0.00027345193978637667,C,digital_OTM110,0.9956080689758916,-0.723107450680603,insample,0.00037816224895622123
0,-0.008497535986329513,3.211862411138322e-14,2.5071655372056973e-11,0.972547543647426,0,0.009778609119871984,0.009778609119904103,0.0012810731335424711,0.9999999999842267,0.9999999999998594,0,std,kou,-0.009778609119871984,D,price_ATMcall,0.9999999999967154,-6.414482045118204,eval,0.0015244581013854545
0,-0.008497535986329513,2.573814947104774e-13,1.924814665424165e-10,0.8662477122842307,0,0.00983471145202152,0.009834711452278901,0.001337175465692007,0.9999999999303507,0.999999999993302,0,std,kou,-0.00983471145202152,D,price_ATMcall,0.9999999999738294,-6.105568763772508,insample,0.0016107772809596285
0,-0.004894457616390122,6.173317839947687e-06,0.009652602348442117,0.5047213112531668,0,0.005527833884983104,0.005534007202823051,0.0006333762685929827,0.9982350786456204,0.9995472252410054,0,std,kou,-0.005527833884983104,D,delta_ATM,0.9988844760019832,-2.6023212967977085,eval,0.0021241934621160697
0,-0.004894457616390122,6.448498688358116e-06,0.008987849584665895,0.6234286261118593,0,0.0056054775875079175,0.005611926086196275,0.0007110199711177958,0.998568269541967,0.9992733633774536,0,std,kou,-0.0056054775875079175,D,delta_ATM,0.9988509295045388,-2.594006459691941,insample,0.002160934320947532
0,-0.0008648905919134127,0.00036933695818306187,0.49586708653242606,0.7488307094583376,0,0.0008111812572315303,0.0008587339514345219,-0.00037549359866195266,0.9185214728225631,0.9679188815439597,0,std,kou,-0.00048939699325146,D,digital_OTM110,0.9446246487360207,-0.5133529447401407,eval,0.0009533343448515578
0,-0.0008648905919134127,0.0003207555269216048,0.5000752199502809,0.98675849523079,0,0.0008741703369533005,0.0008649870862559629,-0.00032065903257905463,0.9990542295136446,1.0258212342690822,0,std,kou,-0.0005442315593343581,D,digital_OTM110,1.0106166332922804,-0.5857536171102475,insample,0.0009291134419609152
0,4.4667903484919214e-08,7.452366466010603e-10,0.0017047784177209222,0.9864726075965867,0,4.810684207113344e-07,4.818136573579355e-07,4.364005172264152e-07,0.9979460524828446,0.9991636857365715,0,scan,kou,4.810684207113344e-07,D,digit_k=-3.000,0.9984532679071664,2.5098170781491795,eval,1.91674694104038e-07
1,4.4667903484919214e-08,5.466293440310736e-09,0.014012669167601511,0.4454647413024868,0,4.321415108389456e-07,4.3476442078151495e-07,3.84630223856285e-07,0.991605427279022,0.9967911092612789,0,scan,kou,4.2929812734120424e-07,D,digit_k=-3.000,0.9939670547607035,1.8710924813222125,insample,2.2943715055593595e-07
0,1.315551595053292e-07,1.0109525931243175e-10,0.00015147106041828135,0.861141994948614,0,7.988769966085498e-07,7.989780918678624e-07,6.673218371032207e-07,0.9998106623342553,0.9999636385715309,0,scan,kou,7.988769966085498e-07,D,digit_k=-2.850,0.9998734692974169,3.1778407493364673,eval,2.5138987747430553e-07
1,1.315551595053292e-07,8.095002745563692e-10,0.0013445726793166865,0.5298886976500146,0,7.327958771243553e-07,7.336053773989116e-07,6.012407176190261e-07,0.9987120392878397,0.9992647486110523,0,scan,kou,7.327958771243553e-07,D,digit_k=-2.850,0.9988965453369133,2.60537057844094,insample,2.8126358806234084e-07
1,3.810145725827218e-07,3.938016207516846e-11,3.3880164894511186e-05,0.46727739735268037,0,1.543311981446969e-06,1.5433513616090442e-06,1.1622974088642472e-06,0.9999558090187683,0.9999943528123232,0,scan,kou,1.543311981446969e-06,D,digit_k=-2.700,0.999974483994342,3.5628884722621317,eval,4.331631465486476e-07
1,3.810145725827218e-07,9.247821987987613e-11,8.651391192717297e-05,0.37608265937027796,0,1.449862543590521e-06,1.449955021810401e-06,1.0688479710077992e-06,0.999898191748203,0.9999658561285163,0,scan,kou,1.449862543590521e-06,D,digit_k=-2.700,0.9999362199389022,3.3461228649237986,insample,4.33296266191809e-07
1,1.0835385438472723e-06,2.781398704074903e-11,1.2167084487151535e-05,0.4103057671206689,0,3.369513351944483e-06,3.369541165931524e-06,2.285974808097211e-06,0.9999796526212137,0.999998124947173,0,scan,kou,3.369513351944483e-06,D,digit_k=-2.550,0.999991745467507,3.8181442421085734,eval,8.825002771722596e-07
1,1.0835385438472723e-06,1.5651517410626246e-11,7.306819896841713e-06,0.5129030749048656,0,3.225565207809874e-06,3.2255808593272844e-06,2.1420266639626015e-06,0.9999908711141904,0.9999978372736666,0,scan,kou,3.225565207809874e-06,D,digit_k=-2.550,0.9999951476902632,3.9342221840586777,insample,8.198736769061352e-07
1,3.0196452982006478e-06,1.6153613230729655e-11,3.336909721586742e-06,0.20639150496348635,0,7.860519243061046e-06,7.860535396674277e-06,4.840873944860398e-06,0.9999961825599197,0.9999998214645083,0,scan,kou,7.860519243061046e-06,D,digit_k=-2.400,0.9999979449729038,4.116852796230638,eval,1.9093515440382235e-06
0,3.0196452982006478e-06,3.3237409028051296e-12,7.240944171689816e-07,0.6290964020159417,0,7.609845715844854e-06,7.609849039585757e-06,4.5902004176442065e-06,0.9999990455334049,0.999999868113489,0,scan,kou,7.609845715844854e-06,D,digit_k=-2.400,0.9999995632316901,4.43167043456729,insample,1.717150638388543e-06
1,6.7454496833682134e-06,8.312720108054537e-12,9.272203070469012e-07,0.3613543462897477,0,1.5710646343918884e-05,1.571065465663899e-05,8.96519666055067e-06,0.9999982646943383,0.9999999748206856,0,scan,kou,1.5710646343918884e-05,D,digit_k=-2.250,0.9999994708864596,4.393613150815994,eval,3.5757919062585337e-06
0,6.7454496833682134e-06,9.206105343535537e-13,1.0765908812424376e-07,0.698121661551186,0,1.5296612908706278e-05,1.529661382931681e-05,8.551163225338065e-06,0.9999998637038805,0.9999999859189184,0,scan,kou,1.5296612908706278e-05,D,digit_k=-2.250,0.9999999398160572,4.81107730435808,insample,3.179456895205145e-06
0,1.8008270916843634e-05,3.220304435935151e-12,1.662984073345182e-07,0.2974411186380693,0,3.7372881510653095e-05,3.737288473095753e-05,1.936461059380946e-05,0.9999995865925928,0.9999999974525371,0,scan,kou,3.7372881510653095e-05,D,digit_k=-2.100,0.9999999138331317,4.744154032403599,eval,7.877670340252071e-06
0,1.8008270916843634e-05,2.053183649467073e-13,1.1063172416040392e-08,0.9611100289491523,0,3.6566994848285364e-05,3.656699505360373e-05,1.855872393144173e-05,0.9999999729130165,0.9999999988735881,0,scan,kou,3.6566994848285364e-05,D,digit_k=-2.100,0.9999999943851452,5.235919226034834,insample,6.983872987662107e-06
0,4.672395420997244e-05,9.555120555019557e-13,2.2810793506210085e-08,0.5111765717572836,0,8.861254670658312e-05,8.861254766209517e-05,4.188859249661068e-05,0.9999999581216048,0.9999999997436128,0,scan,kou,8.861254670658312e-05,D,digit_k=-1.950,0.9999999892169668,5.121903110076965,eval,1.7300707335178694e-05
0,4.672395420997244e-05,4.6388140345078676e-14,1.152313223082715e-09,0.7809144169065823,0,8.698049154929549e-05,8.698049159568362e-05,4.025653733932305e-05,0.9999999974302587,0.9999999998969815,0,scan,kou,8.698049154929549e-05,D,digit_k=-1.950,0.9999999994666835,5.631212562231092,insample,1.5446138924443964e-05
0,0.0001173032033389476,1.7517926880951906e-13,1.943825825004764e-09,0.47786953564931833,0,0.00020742407024767475,0.00020742407042285404,9.012086690872715e-05,0.9999999971598563,0.9999999999926987,0,scan,kou,0.00020742407024767475,D,digit_k=-1.800,0.9999999991554535,5.555873059399846,eval,3.733419896927613e-05
1,0.0001173032033389476,7.813259815938032e-15,9.02640601694042e-11,0.4289432247532444,0,0.0002038632339931099,0.00020386323400092314,8.656003065416228e-05,0.999999999771061,0.9999999999952156,0,scan,kou,0.0002038632339931099,D,digit_k=-1.800,0.9999999999616741,6.047303799364576,insample,3.371142591092099e-05
0,0.00023836020460173666,2.961664889066893e-14,1.8271152696893915e-10,0.4946866373319674,0,0.0004004553355252084,0.00040045533555482506,0.00016209513092347173,0.9999999994538602,0.9999999999984179,0,scan,kou,0.0004004553355252084,D,digit_k=-1.650,0.9999999999260425,5.945754097175007,eval,6.735147955672702e-05
1,0.00023836020460173666,1.3706377586293496e-15,8.80363501812706e-12,0.4496047080480412,0,0.00039405018445609017,0.0003940501844574608,0.0001556899798543535,0.9999999999665834,0.9999999999992947,0,scan,kou,0.00039405018445609017,D,digit_k=-1.650,0.9999999999965217,6.40612557285004,insample,6.151146741895352e-05
0,0.0005555644080114502,1.4755211804322194e-15,4.616760700639821e-12,0.8456013656801826,0,0.0008751653741652558,0.0008751653741667314,0.0003196009661538056,0.9999999999485466,0.9999999999999815,0,scan,kou,0.0008751653741652558,D,digit_k=-1.500,0.9999999999983139,6.511023355753684,eval,0.00013441287587947085
0,0.0005555644080114502,1.0898838115737413e-16,3.560024427760433e-13,0.7337392139030396,0,0.000861709445409125,0.0008617094454092339,0.00030614503739767476,0.9999999999989587,0.9999999999999887,0,scan,kou,0.000861709445409125,D,digit_k=-1.500,0.9999999999998735,6.874602099710572,insample,0.0001253468103187243
0,0.0012281562501366427,6.305439228163941e-17,1.0864384705418267e-13,0.8868297598876844,0,0.0018085332709373346,0.0018085332709373975,0.0005803770208006919,0.9999999999996605,0.9999999999999996,0,scan,kou,0.0018085332709373346,D,digit_k=-1.350,0.9999999999999653,7.049274093679984,eval,0.00025655595837290144
0,0.0012281562501366427,1.1134684404916451e-17,2.0154817606749537e-14,0.8660614930286726,0,0.0017806139613484471,0.0017806139613484584,0.0005524577112118044,0.9999999999999513,0.9999999999999997,0,scan,kou,0.0017806139613484471,D,digit_k=-1.350,0.9999999999999937,7.276355289743875,insample,0.00024471234435985385
0,0.0025450677679991203,1.5785819684994299e-18,1.6675038692995616e-15,0.8987889882587836,0,0.0034917414144971723,0.0034917414144971736,0.000946673646498052,0.9999999999999961,1.0,0,scan,kou,0.0034917414144971723,D,digit_k=-1.200,0.9999999999999997,7.611681405891314,eval,0.00045873457233701646
0,0.0025450677679991203,1.3160841762350803e-18,1.47296281935811e-15,0.901717387893896,0,0.003438562266936034,0.003438562266936036,0.0008934944989369138,0.9999999999999962,1.0,0,scan,kou,0.003438562266936034,D,digit_k=-1.200,0.9999999999999994,7.632487101100165,insample,0.0004505166168496232
0,0.004868341376338192,3.1298734061483156e-20,2.321612418080237e-17,0.7563012616837567,0,0.006216487768808145,0.006216487768808146,0.001348146392469953,1.0,1.0,0,scan,kou,0.006216487768808145,D,digit_k=-1.050,0.9999999999999999,8.15658789075509,eval,0.0007621431721288863
0,0.004868341376338192,1.3545653442693491e-19,1.0788760906706599e-16,0.8996405856925889,0,0.006123875126675836,0.006123875126675836,0.0012555337503376432,0.9999999999999999,1.0,0,scan,kou,0.006123875126675836,D,digit_k=-1.050,1.0,7.981020148070258,insample,0.0007673048072878924
0,0.00762083473137776,2.2526179574871393e-21,1.3954270930779607e-18,0.7664222946157214,0,0.009235120399659026,0.009235120399659026,0.0016142856682812654,1.0,1.0,0,scan,kou,0.009235120399659026,D,digit_k=-0.900,1.0,8.505288901116387,eval,0.0010858091367651065
0,0.00762083473137776,2.4757196396540312e-20,1.6696527669686124e-17,0.8930645768122657,0,0.009103609885968075,0.009103609885968075,0.001482775154590315,1.0,1.0,0,scan,kou,0.009103609885968075,D,digit_k=-0.900,1.0,8.228635603381996,insample,0.0011063328508831357
0,0.011971296688861264,4.658091437811215e-22,2.6233357173316442e-19,0.8504008343683207,0,0.013746933488618348,0.013746933488618348,0.001775636799757084,1.0,1.0,0,scan,kou,0.013746933488618348,D,digit_k=-0.750,1.0,8.725707306557894,eval,0.0015754520528423754
0,0.011971296688861264,1.2063268882673377e-20,7.552473133673774e-18,0.5868312264169049,0,0.013568557436322593,0.013568557436322593,0.0015972607474613286,1.0,1.0,0,scan,kou,0.013568557436322593,D,digit_k=-0.750,1.0,8.357956080261513,insample,0.0016234300953514996
0,0.016225649812324522,4.711864070991096e-22,2.726302147957678e-19,0.7886854076943183,0,0.01795394837032582,0.01795394837032582,0.0017282985580012976,1.0,1.0,0,scan,kou,0.01795394837032582,D,digit_k=-0.600,1.0,8.753864050713915,eval,0.0020509740917054337
0,0.016225649812324522,1.9298026415514844e-20,1.2498276370395067e-17,0.6181587253681047,0,0.01776970483588173,0.017769704835881726,0.0015440550235572073,1.0,1.0,0,scan,kou,0.01776970483588173,D,digit_k=-0.600,1.0000000000000002,8.33494702428321,insample,0.0021319517429578255
0,0.01829833641170876,2.5695885826661645e-21,1.6216384099458169e-18,0.9363022173496628,0,0.019882899633020236,0.019882899633020236,0.0015845632213114767,1.0,1.0,0,scan,kou,0.019882899633020236,D,digit_k=-0.450,1.0,8.57679174477793,eval,0.0023182211046602766
0,0.01829833641170876,1.36795737449472e-19,9.32842784177728e-17,0.8025633640600542,0,0.019764775770727366,0.019764775770727366,0.0014664393590186064,1.0,1.0,0,scan,kou,0.019764775770727366,D,digit_k=-0.450,1.0,8.119134997712276,insample,0.0024343450104347907
0,0.017028957089914337,6.339661361981944e-20,4.534534273468135e-17,0.9862042154451779,0,0.018427041431028645,0.018427041431028645,0.0013980843411143078,1.0,1.0,0,scan,kou,0.018427041431028645,D,digit_k=-0.315,1.0,8.201198180885633,eval,0.0022468718624525106
0,0.017028957089914337,2.441582772291354e-18,1.8006740931668732e-15,0.7069450751936341,0,0.018384884173863938,0.018384884173863938,0.0013559270839496006,0.9999999999999992,1.0,0,scan,kou,0.018384884173863938,D,digit_k=-0.315,1.0,7.763554399860549,insample,0.0023681014168193595
0,0.017028957089914337,6.339661361981944e-20,4.534534273468135e-17,0.9862042154451779,0,0.018427041431028645,0.018427041431028645,0.0013980843411143078,1.0,1.0,0,scan,kou,0.018427041431028645,D,digit_k=-0.300,1.0,8.201198180885633,eval,0.0022468718624525106
0,0.017028957089914337,2.441582772291354e-18,1.8006740931668732e-15,0.7069450751936341,0,0.018384884173863938,0.018384884173863938,0.0013559270839496006,0.9999999999999987,1.0,0,scan,kou,0.018384884173863938,D,digit_k=-0.300,1.0,7.763554399860549,insample,0.0023681014168193595
0,0.016247497430477244,2.0316724939480507e-19,1.5183518253690025e-16,0.9895239417356408,0,0.017585574982729862,0.017585574982729862,0.0013380775522526187,0.9999999999999998,1.0,0,scan,kou,0.017585574982729862,D,digit_k=-0.282,1.0,8.058496158705614,eval,0.0021822402885595623
0,0.016247497430477244,6.605466507151254e-18,5.031976179453377e-15,0.7137737042549873,0,0.01756019571671372,0.017560195716713727,0.0013126982862364765,0.9999999999999973,1.0,0,scan,kou,0.01756019571671372,D,digit_k=-0.282,0.9999999999999996,7.634651251213065,insample,0.0023000652078146453
0,0.015289591261745592,8.5134216500790895e-19,6.689303243803261e-16,0.9957576721486554,0,0.016562283101208188,0.016562283101208188,0.001272691839462596,0.9999999999999998,1.0,0,scan,kou,0.016562283101208188,D,digit_k=-0.248,1.0,7.879397292407681,eval,0.0021019733472720102
0,0.015289591261745592,2.1479442465134383e-17,1.700855476583866e-14,0.6902948103717371,0,0.016552452378451113,0.016552452378451134,0.0012628611167055208,0.9999999999999939,1.0,0,scan,kou,0.016552452378451113,D,digit_k=-0.248,0.9999999999999988,7.4787187712019705,insample,0.0022132738086353826
0,0.014168084793172133,4.151017536831312e-18,3.452694018193851e-15,0.9983655078803892,0,0.015370339471680467,0.015370339471680471,0.0012022546785083344,0.9999999999999953,1.0,0,scan,kou,0.015370339471680467,D,digit_k=-0.215,0.9999999999999998,7.675888648661902,eval,0.0020024182443501054
0,0.014168084793172133,8.298474954330482e-17,6.887902601608851e-14,0.6093813206640218,0,0.015372874615895756,0.01537287461589584,0.0012047898227236231,0.9999999999999731,0.9999999999999996,0,scan,kou,0.015372874615895756,D,digit_k=-0.215,0.9999999999999946,7.295493287555056,insample,0.0021071741155761765
0,0.01290027570092212,3.041694614808558e-17,2.697763616206453e-14,0.9906953025815088,0,0.014027763148871934,0.014027763148871964,0.0011274874479498143,0.999999999999882,1.0,0,scan,kou,0.014027763148871934,D,digit_k=-0.182,0.9999999999999979,7.413199862148588,eval,0.0018922683064970314
0,0.01290027570092212,4.1687133666339315e-16,3.660059467626725e-13,0.6697625533159255,0,0.014039249918009228,0.014039249918009644,0.001138974217087108,0.999999999999745,0.9999999999999974,0,scan,kou,0.014039249918009228,D,digit_k=-0.182,0.9999999999999704,7.070768446348408,insample,0.0019855338248644795
0,0.011507460028635692,3.1309030542894447e-16,2.9851410389194416e-13,0.9829242875234566,0,0.012556289217430681,0.012556289217430995,0.0010488291887949894,0.9999999999997642,0.9999999999999999,0,scan,kou,0.012556289217430681,D,digit_k=-0.150,0.999999999999975,7.094082859792446,eval,0.0017699665292319469
0,0.011507460028635692,2.8551148384061202e-15,2.67987368223311e-12,0.754863461530136,0,0.012572851601875566,0.012572851601878422,0.0010653915732398746,0.9999999999989644,0.9999999999999841,0,scan,kou,0.012572851601875566,D,digit_k=-0.150,0.9999999999997728,6.79395364054842,insample,0.0018505942588181487
0,0.011507460028635692,3.1309030542894447e-16,2.9851410389194416e-13,0.9829242875234566,0,0.012556289217430681,0.012556289217430995,0.0010488291887949894,0.9999999999993135,0.9999999999999996,0,scan,kou,0.012556289217430681,D,digit_k=-0.148,0.999999999999975,7.094082859792446,eval,0.0017699665292319469
0,0.011507460028635692,2.8551148384061202e-15,2.67987368223311e-12,0.754863461530136,0,0.012572851601875566,0.012572851601878422,0.0010653915732398746,0.9999999999985243,0.9999999999999876,0,scan,kou,0.012572851601875566,D,digit_k=-0.148,0.9999999999997728,6.79395364054842,insample,0.0018505942588181487
0,0.010014302848147161,5.229509985811461e-15,5.387933798945439e-12,0.9734985305567615,0,0.01098489940351071,0.010984899403515939,0.0009705965553635492,0.9999999999947919,0.9999999999999931,0,scan,kou,0.01098489940351071,D,digit_k=-0.115,0.999999999999524,6.690717664352666,eval,0.0016418118286528403
0,0.010014302848147161,2.8353438836695502e-14,2.873966733845042e-11,0.6775870076910144,0,0.01100086398338852,0.011000863983416874,0.0009865611352413584,0.9999999999918253,0.999999999999605,0,scan,kou,0.01100086398338852,D,digit_k=-0.115,0.9999999999974225,6.4497286783580074,insample,0.0017056320555470488
0,0.008448059804151602,1.4880366718522617e-13,1.6700303377639214e-10,0.8411088249447264,0,0.009339083540640218,0.009339083540789021,0.0008910237364886161,0.9999999999594481,0.9999999999996857,0,scan,kou,0.009339083540640218,D,digit_k=-0.082,0.9999999999840666,6.180646622194719,eval,0.0015110204662249324
0,0.008448059804151602,4.504221984848996e-13,4.990478302688495e-10,0.5037855433182659,0,0.009350622987358838,0.009350622987809261,0.0009025631832072362,0.999999999841821,0.9999999999893567,0,scan,kou,0.009350622987358838,D,digit_k=-0.082,0.9999999999518296,6.0121544744794635,insample,0.0015552865494475542
0,0.006837685948838362,7.037190208087694e-12,8.675767174024297e-09,0.8473717948083477,0,0.00764881769152786,0.00764881769856505,0.0008111317426894981,0.9999999963241348,0.9999999999786486,0,scan,kou,0.00764881769152786,D,digit_k=-0.049,0.9999999990799636,5.541746548204416,eval,0.001380217883476854
0,0.006837685948838362,1.239165492202327e-11,1.5218406991638834e-08,0.42758034852281934,0,0.007651940340920932,0.007651940353312588,0.0008142543920825708,0.9999999961353481,0.9999999995783793,0,scan,kou,0.007651940340920932,D,digit_k=-0.049,0.9999999983805865,5.44768380408354,insample,0.0014046227013368691
0,0.0036030783699393934,5.496892137555716e-08,8.486108182368486e-05,0.9613112306163266,0,0.00425077523488888,0.004250830203810257,0.0006476968649494867,0.9999623922740987,0.9999979149238378,0,scan,kou,0.00425077523488888,D,digit_k=-0.015,0.999987068662181,3.7180795826513107,eval,0.001143271718745114
0,0.0036030783699393934,5.112257270214745e-08,8.163850604944003e-05,0.7345916048674062,0,0.004229233864513602,0.004229284987086305,0.0006261554945742086,0.9999761748731013,0.9999941324233217,0,scan,kou,0.004229233864513602,D,digit_k=-0.015,0.9999879122421735,3.7332378891495277,insample,0.0011328594614357854
0,0.0036030783699393934,5.496892137555716e-08,8.486108182368486e-05,0.9613112306163266,0,0.00425077523488888,0.004250830203810257,0.0006476968649494867,0.9999701648427287,0.9999977179850121,0,scan,kou,0.00425077523488888,D,digit_k=+0.000,0.999987068662181,3.7180795826513107,eval,0.001143271718745114
0,0.0036030783699393934,5.112257270214745e-08,8.163850604944003e-05,0.7345916048674062,0,0.004229233864513602,0.004229284987086305,0.0006261554945742086,0.999979480432893,0.9999940567103602,0,scan,kou,0.004229233864513602,D,digit_k=+0.000,0.9999879122421735,3.7332378891495277,insample,0.0011328594614357854
0,0.002036546949406597,4.57319250039041e-06,0.008081358932810687,0.7999618885991548,0,0.0025978677530041944,0.002602440945504585,0.0005613208035975975,0.9972094798352151,0.9992239684786034,0,scan,kou,0.0025978677530041944,D,digit_k=+0.018,0.9982427295772878,2.4732168443068367,eval,0.0010504003152753446
0,0.002036546949406597,4.25588458867678e-06,0.008009899976134929,0.6538273394244503,0,0.0025636191215173748,0.0025678750061060517,0.0005270721721107778,0.9974819579716837,0.9987743408485872,0,scan,kou,0.0025636191215173748,D,digit_k=+0.018,0.9983426434002601,2.4900392332799886,insample,0.0010295496903237398
0,0.0005394509345507436,0.00015688826620962793,0.25007711748597905,0.9604980207052504,0,0.0011992019219393916,0.0011668104778261258,0.0004704712770657543,1.0146858298453272,1.0501486362692547,0,scan,kou,0.0010099222116164979,D,digit_k=+0.051,1.0277606729874538,1.024170321643745,eval,0.0009860881440067707
0,0.0005394509345507436,0.00015893315294316114,0.27235020379748354,0.9960205686377681,0,0.0011200576727036164,0.0011230126529819954,0.0004246285654880906,0.9889567991352304,1.0076695414368657,0,scan,kou,0.0009640795000388342,D,digit_k=+0.051,0.9973687025960638,1.00369046055277,insample,0.0009605346846754721
0,-0.0008648905919134127,0.00036933695818306187,0.49586708653242606,0.7488307094583376,0,0.0008111812572315303,0.0008587339514345219,-0.00037549359866195266,0.9216125660350254,0.9671069461006168,0,scan,kou,-0.00048939699325146,D,digit_k=+0.085,0.9446246487360207,-0.5133529447401407,eval,0.0009533343448515578
0,-0.0008648905919134127,0.0003207555269216048,0.5000752199502809,0.98675849523079,0,0.0008741703369533005,0.0008649870862559629,-0.00032065903257905463,0.9995497745384226,1.0233496082374534,0,scan,kou,-0.0005442315593343581,D,digit_k=+0.085,1.0106166332922804,-0.5857536171102475,insample,0.0009291134419609152
0,-0.0021566318720305576,1.7279205716929577e-05,0.058824589603877174,0.6210490392123529,0,0.0019117290005296566,0.0018974490804524252,-0.00027646199729506205,0.998416476980408,1.0120423562537386,0,scan,kou,-0.0018801698747354955,D,digit_k=+0.118,1.0075258515363303,-1.975043631547134,eval,0.0009519637159927855
0,-0.0021566318720305576,1.2874622281194105e-05,0.05655937661954126,0.937291009636412,0,0.0019513440308227476,0.001954750915365694,-0.00021475557894605783,0.9955204376019282,1.000387793513248,0,scan,kou,-0.0019418762930844997,D,digit_k=+0.118,0.9982571260020057,-2.0772598662210404,insample,0.0009348258851297064
0,-0.003319853057010613,3.266343134925131e-07,0.0018407613176872287,0.5731558869057057,0,0.00314273446235607,0.0031430610966695625,-0.00017711859465454304,0.9998352144471994,0.9999882138202102,0,scan,kou,-0.00314273446235607,D,digit_k=+0.150,0.9998960776442308,-3.2267674209273407,eval,0.0009739575409041658
0,-0.003319853057010613,2.290362496492465e-07,0.002066291365807173,0.9725706836825269,0,0.0032092379725136336,0.003209467008763283,-0.0001106150844969794,0.9999101297150208,0.9999675883920452,0,scan,kou,-0.0032092379725136336,D,digit_k=+0.150,0.9999286372942846,-3.3189053578505137,insample,0.0009669567602831838
0,-0.003319853057010613,3.266343134925131e-07,0.0018407613176872287,0.5731558869057057,0,0.00314273446235607,0.0031430610966695625,-0.00017711859465454304,0.9996875955773893,0.9999638290998781,0,scan,kou,-0.00314273446235607,D,digit_k=+0.151,0.9998960776442308,-3.2267674209273407,eval,0.0009739575409041658
0,-0.003319853057010613,2.290362496492465e-07,0.002066291365807173,0.9725706836825269,0,0.0032092379725136336,0.003209467008763283,-0.0001106150844969794,0.9998888764809875,0.9999622719545038,0,scan,kou,-0.0032092379725136336,D,digit_k=+0.151,0.9999286372942846,-3.3189053578505137,insample,0.0009669567602831838
0,-0.004342830451326483,5.508031788979318e-09,6.979539633265374e-05,0.7962043762847892,0,0.0042639191241743675,0.004263924632206156,-7.891132715211538e-05,0.9999946716900558,0.999999752946954,0,scan,kou,-0.0042639191241743675,D,digit_k=+0.185,0.9999987082248718,-4.213089895596942,eval,0.0010120645962552442
0,-0.004342830451326483,4.340606687341358e-09,0.000468840564809173,0.7811277657308018,0,0.004333576619724654,0.004333580960331341,-9.253831601828931e-06,0.999997908852206,0.9999995948047025,0,scan,kou,-0.004333576619724654,D,digit_k=+0.185,0.999998998378771,-4.265130626961687,insample,0.0010160478069136478
0,-0.005218122961494963,1.414511682230791e-10,8.110172579508378e-06,0.9823446521316928,0,0.0052355640232779254,0.005235564164729094,1.744106178296241e-05,0.9999998696080418,0.9999999974306584,0,scan,kou,-0.0052355640232779254,D,digit_k=+0.218,0.9999999729826311,-4.957818405929355,eval,0.0010560217407350777
0,-0.005218122961494963,1.423094491672883e-10,1.596031703455363e-06,0.770401255465051,0,0.005307287369525706,0.005307287511835155,8.916440803074296e-05,0.9999999315876119,0.9999999885490921,0,scan,kou,-0.005307287369525706,D,digit_k=+0.218,0.9999999731860298,-4.959186298924588,insample,0.0010701931828365884
0,-0.0059424836729159635,6.953391098663377e-12,6.35281320214235e-08,0.990371003257554,0,0.006051937397363308,0.006051937404316699,0.0001094537244473448,0.9999999952427495,0.9999999999274665,0,scan,kou,-0.006051937397363308,D,digit_k=+0.252,0.9999999988510471,-5.504942220828314,eval,0.0010993643810584246
0,-0.0059424836729159635,9.392298787206883e-12,5.1731517826403054e-08,0.9480263779386358,0,0.00612404220233795,0.006124042211730249,0.00018155852942198635,0.9999999957618793,0.9999999996667601,0,scan,kou,-0.00612404220233795,D,digit_k=+0.252,0.9999999984663235,-5.4567922205699055,insample,0.0011222787958194158
0,-0.006516614519152149,6.190913494980683e-13,3.150824886768671e-09,0.9821074607311918,0,0.006713100001460983,0.0067131000020800745,0.00019648548230883408,0.9999999995534681,0.9999999999980878,0,scan,kou,-0.006713100001460983,D,digit_k=+0.285,0.9999999999077785,-5.911324779157976,eval,0.0011356337626939209
0,-0.006516614519152149,1.1387984076448628e-12,4.267466269900481e-09,0.9280156814542407,0,0.006783470384145696,0.006783470385284494,0.00026685586499354715,0.9999999994316199,0.9999999999680784,0,scan,kou,-0.006783470384145696,D,digit_k=+0.285,0.9999999998321216,-5.816997772384186,insample,0.0011661462922247926
0,-0.006944789157718104,9.585196402634946e-14,3.478360421943388e-10,0.9440314871978955,0,0.007220355667123864,0.0072203556672197165,0.0002755665094057603,0.9999999998529243,0.9999999999997893,0,scan,kou,-0.007220355667123864,D,digit_k=+0.300,0.9999999999867247,-6.2080637065356,eval,0.0011630608203202818
0,-0.006944789157718104,2.306184212048881e-13,6.6983538330308e-10,0.9737259111090845,0,0.0072890803474626505,0.007289080347693269,0.0003442911897445465,0.9999999998907678,0.9999999999935297,0,scan,kou,-0.0072890803474626505,D,digit_k=+0.300,0.9999999999683611,-6.076648851749147,insample,0.0011995230472079208
0,-0.006944789157718104,9.585196402634946e-14,3.478360421943388e-10,0.9440314871978955,0,0.007220355667123864,0.0072203556672197165,0.0002755665094057603,0.9999999999242778,0.9999999999999212,0,scan,kou,-0.007220355667123864,D,digit_k=+0.318,0.9999999999867247,-6.2080637065356,eval,0.0011630608203202818
0,-0.006944789157718104,2.306184212048881e-13,6.6983538330308e-10,0.9737259111090845,0,0.0072890803474626505,0.007289080347693269,0.0003442911897445465,0.9999999999250548,0.9999999999921517,0,scan,kou,-0.0072890803474626505,D,digit_k=+0.318,0.9999999999683611,-6.076648851749147,insample,0.0011995230472079208
0,-0.007234374072299436,2.3148353280055928e-14,6.61537594216943e-11,0.9131308689413631,0,0.007584291499228515,0.007584291499251663,0.00034991742692907883,0.9999999999632967,0.9999999999999218,0,scan,kou,-0.007584291499228515,D,digit_k=+0.351,0.9999999999969479,-6.425169111754628,eval,0.0011804034053132255
0,-0.007234374072299436,7.059346173844774e-14,1.7051167815451694e-10,0.9263170369329944,0,0.0076483836139945175,0.007648383614065111,0.00041400954169508106,0.9999999999709792,0.9999999999983944,0,scan,kou,-0.0076483836139945175,D,digit_k=+0.351,0.9999999999907702,-6.262350112627485,insample,0.0012213280120784394
0,-0.007395280446043884,7.768771024281762e-15,1.869256783250211e-11,0.9205514249132349,0,0.007810887926714807,0.007810887926722576,0.00041560748067092333,0.9999999999892727,0.999999999999974,0,scan,kou,-0.007810887926714807,D,digit_k=+0.385,0.9999999999990054,-6.586543028423252,eval,0.001185885811875528
0,-0.007395280446043884,2.877531563948092e-14,6.043419990351056e-11,0.8901428437554503,0,0.007871423353266693,0.007871423353295468,0.00047614290722280874,0.9999999999776209,0.9999999999993093,0,scan,kou,-0.007871423353266693,D,digit_k=+0.385,0.9999999999963443,-6.39886778134925,insample,0.0012301275197792792
0,-0.007439379563133323,3.3513816445746956e-15,7.070442762514174e-12,0.9932433689961204,0,0.007913378399856709,0.00791337839986006,0.00047399883672338567,0.9999999999941066,0.9999999999999822,0,scan,kou,-0.007913378399856709,D,digit_k=+0.418,0.9999999999995764,-6.707125589719485,eval,0.001179846462393091
0,-0.007439379563133323,1.469576281745776e-14,2.7701723879701888e-11,0.9036614995809075,0,0.007969879501724467,0.007969879501739163,0.0005304999385911434,0.9999999999891992,0.9999999999997358,0,scan,kou,-0.007969879501724467,D,digit_k=+0.418,0.999999999998156,-6.4981347820425785,insample,0.0012264872565815371
0,-0.007379912643070719,1.781630563056496e-15,3.3933331885541963e-12,0.9797711071250408,0,0.007904951141812881,0.007904951141814663,0.0005250384987421624,0.9999999999985969,0.9999999999999974,0,scan,kou,-0.007904951141812881,D,digit_k=+0.450,0.9999999999997746,-6.794997027162735,eval,0.0011633487270433156
0,-0.007379912643070719,9.169627146714165e-15,1.5888911819924663e-11,0.88595139198752,0,0.007957021211013665,0.007957021211022835,0.0005771085679429459,0.9999999999969471,0.9999999999998733,0,scan,kou,-0.007957021211013665,D,digit_k=+0.450,0.9999999999988476,-6.565549361082892,insample,0.0012119353268713023
0,-0.007379912643070719,1.781630563056496e-15,3.3933331885541963e-12,0.9797711071250408,0,0.007904951141812881,0.007904951141814663,0.0005250384987421624,0.9999999999986947,0.9999999999999868,0,scan,kou,-0.007904951141812881,D,digit_k=+0.452,0.9999999999997746,-6.794997027162735,eval,0.0011633487270433156
0,-0.007379912643070719,9.169627146714165e-15,1.5888911819924663e-11,0.88595139198752,0,0.007957021211013665,0.007957021211022835,0.0005771085679429459,0.9999999999955103,0.9999999999998463,0,scan,kou,-0.007957021211013665,D,digit_k=+0.452,0.9999999999988476,-6.565549361082892,insample,0.0012119353268713023
0,-0.007230922475946693,1.0700498644337571e-15,1.879863048666072e-12,0.9798674255957477,0,0.007800139401185497,0.007800139401186568,0.000569216925238804,0.9999999999983912,0.9999999999999976,0,scan,kou,-0.007800139401185497,D,digit_k=+0.485,0.9999999999998628,-6.86345730584688,eval,0.001136473799369404
0,-0.007230922475946693,6.618560024357002e-15,1.0729451322169734e-11,0.8186814184671063,0,0.007847781607467276,0.007847781607473894,0.0006168591315205826,0.9999999999967217,0.9999999999997944,0,scan,kou,-0.007847781607467276,D,digit_k=+0.485,0.9999999999991567,-6.609990216403001,insample,0.0011872606994171697
0,-0.006021108627241873,5.419921608202055e-16,7.833176912155764e-13,0.9951113692885207,0,0.006713027330084778,0.00671302733008532,0.0006919187028429051,0.9999999999993472,0.9999999999999979,0,scan,kou,-0.006713027330084778,D,digit_k=+0.600,0.9999999999999193,-6.935893005502788,eval,0.0009678677748862053
0,-0.006021108627241873,4.6584347057354805e-15,6.476484879101063e-12,0.7797877077336294,0,0.006740393052769923,0.0067403930527745815,0.00071928442552805,0.9999999999964886,0.9999999999998547,0,scan,kou,-0.006740393052769923,D,digit_k=+0.600,0.9999999999993089,-6.638193110592283,insample,0.0010153957470768007
0,-0.004019588668429341,1.4643917558459886e-15,2.0712422357158082e-12,0.9559250597317975,0,0.004726600011956174,0.004726600011957639,0.0007070113435268333,0.9999999999981096,0.9999999999999987,0,scan,kou,-0.004726600011956174,D,digit_k=+0.750,0.99999999999969,-6.750797082280498,eval,0.000700154360195859
0,-0.004019588668429341,1.2070725941850954e-14,1.6766210205042674e-11,0.5035295422689678,0,0.004739532280851552,0.0047395322808636235,0.0007199436124222117,0.9999999999879753,0.9999999999996191,0,scan,kou,-0.004739532280851552,D,digit_k=+0.750,0.9999999999974531,-6.451458540716147,insample,0.0007346450807890394
0,-0.0023267437834118203,3.593168616109056e-15,6.1433027773989775e-12,0.942254156291968,0,0.002911635778204286,0.002911635778207879,0.0005848919947924656,0.9999999999920366,0.9999999999999344,0,scan,kou,-0.002911635778204286,D,digit_k=+0.900,0.999999999998766,-6.555766187712844,eval,0.00044413356041608445
0,-0.0023267437834118203,3.849133652727329e-14,6.484780729671352e-11,0.5643034956310581,0,0.0029203079782450965,0.002920307978283588,0.0005935641948332762,0.999999999957897,0.9999999999987461,0,scan,kou,-0.0029203079782450965,D,digit_k=+0.900,0.9999999999868194,-6.209136603122641,insample,0.0004703243244441494
0,-0.0013893304105703499,7.937402493986088e-15,1.7898355737220305e-11,0.7566775032817508,0,0.001832801453965576,0.0018328014539735137,0.0004434710433952262,0.9999999999735987,0.9999999999995359,0,scan,kou,-0.001832801453965576,D,digit_k=+1.050,0.9999999999956691,-6.374079654472887,eval,0.00028753977881017587
0,-0.0013893304105703499,9.012281075122403e-14,2.0013281758805327e-10,0.6354126323586579,0,0.001839645415472211,0.0018396454155623339,0.0004503150049018612,0.9999999998180884,0.999999999986919,0,scan,kou,-0.001839645415472211,D,digit_k=+1.050,0.9999999999510107,-6.0095555573325745,insample,0.00030612004463916856
0,-0.000675476573550675,2.013927892943414e-14,7.224932663472233e-11,0.9218491129897952,0,0.000954223516477896,0.0009542235164980353,0.00027874694292722097,0.9999999998540227,0.999999999998753,0,scan,kou,-0.000954223516477896,D,digit_k=+1.200,0.9999999999788944,-6.138212460055991,eval,0.00015545625419247737
1,-0.000675476573550675,2.2823943561246535e-13,8.100986444615052e-10,0.30976493723241905,0,0.0009572193427652636,0.000957219342993503,0.0002817427692145886,0.9999999994875949,0.9999999999358877,0,scan,kou,-0.0009572193427652636,D,digit_k=+1.200,0.99999999976156,-5.761138082676371,insample,0.0001661510849121293
0,-0.00030678152247060335,4.83094537831345e-14,3.073931757947166e-10,0.9645589750576647,0,0.000463940033369188,0.00046394003341749743,0.00015715851089858463,0.9999999996580127,0.9999999999893115,0,scan,kou,-0.000463940033369188,D,digit_k=+1.350,0.9999999998958714,-5.892307644618676,eval,7.873655982523161e-05
1,-0.00030678152247060335,4.98777448343712e-13,3.1621383771507266e-09,0.4186555325636123,0,0.0004645157476299516,0.00046451574812872903,0.00015773422515934823,0.9999999975158401,0.9999999995730369,0,scan,kou,-0.0004645157476299516,D,digit_k=+1.350,0.9999999989262421,-5.516175673593133,insample,8.420974514166891e-05
0,-0.000131895492323293,1.235779016967467e-13,1.5077117882045458e-09,0.9764096792425839,0,0.00021385936796400098,0.00021385936808757886,8.196387564070797e-05,0.9999999972569608,0.9999999999088073,0,scan,kou,-0.00021385936796400098,D,digit_k=+1.500,0.9999999994221536,-5.618130657102429,eval,3.806592993590144e-05
1,-0.000131895492323293,9.394393467266312e-13,1.1543873150996575e-08,0.5451566881137464,0,0.00021327540040039808,0.00021327540133983742,8.137990807710507e-05,0.9999999891042091,0.9999999987420211,0,scan,kou,-0.00021327540040039808,D,digit_k=+1.500,0.9999999955951819,-5.277809693772557,insample,4.040983149734406e-05
0,-5.420242943526139e-05,3.262112268434094e-13,8.052747151706893e-09,0.9767888212322667,0,9.471173862763655e-05,9.471173895384777e-05,4.0509309192375155e-05,0.9999999787296858,0.9999999993552362,0,scan,kou,-9.471173862763655e-05,D,digit_k=+1.650,0.9999999965557467,-5.31998729270598,eval,1.7803000912707442e-05
0,-5.420242943526139e-05,1.5232518496837469e-12,3.830495054430895e-08,0.6942922268220224,0,9.396887658348706e-05,9.396887810673891e-05,3.976644714822567e-05,0.9999999638931871,0.999999993794537,0,scan,kou,-9.396887658348706e-05,D,digit_k=+1.650,0.9999999837898261,-5.049610884498152,insample,1.860913221491244e-05
0,-2.5886181901219763e-05,5.477199915211494e-13,2.4261527304231336e-08,0.9806457463412023,0,4.84618413543285e-05,4.846184190204849e-05,2.2575659453108738e-05,0.9999999278658127,0.9999999988802867,0,scan,kou,-4.84618413543285e-05,D,digit_k=+1.800,0.9999999886979122,-5.113608594344357,eval,9.477033773747804e-06
0,-2.5886181901219763e-05,2.003258690602779e-12,9.115484340654556e-08,0.7082003949244442,0,4.78626170870236e-05,4.786261909028229e-05,2.1976435185803837e-05,0.9999999165164611,0.9999999830665585,0,scan,kou,-4.78626170870236e-05,D,digit_k=+1.800,0.9999999581456526,-4.878061006470791,insample,9.811811911235514e-06
0,-9.97641940534092e-06,6.850397445936303e-13,6.277209479328252e-08,0.9952281789774095,0,2.0889544160029834e-05,2.088954484506958e-05,1.0913124754688913e-05,0.9999999181485087,0.9999999965049596,0,scan,kou,-2.0889544160029834e-05,D,digit_k=+1.950,0.9999999672065738,-4.92264320217308,eval,4.243562513490361e-06
0,-9.97641940534092e-06,2.058467751070623e-12,1.9561284789708624e-07,0.6589201808242414,0,2.049958989509762e-05,2.0499591953565373e-05,1.05231704897567e-05,0.9999997877974507,0.9999999464969865,0,scan,kou,-2.049958989509762e-05,D,digit_k=+1.950,0.9999998995849402,-4.715389272246291,insample,4.347380186775574e-06
0,-3.7356568993519122e-06,7.301505932728853e-13,1.3360355673070672e-07,0.8988707397528721,0,9.200709728700394e-06,9.200710458850987e-06,5.4650528293484815e-06,0.9999997173478415,0.9999999898934051,0,scan,kou,-9.200709728700394e-06,D,digit_k=+2.100,0.9999999206419334,-4.759570108446409,eval,1.933096796362484e-06
0,-3.7356568993519122e-06,1.8063505640020085e-12,3.4582667586195764e-07,0.6476977033419973,0,8.95893799765224e-06,8.958939804002804e-06,5.223281098300328e-06,0.9999995723572421,0.9999999227665667,0,scan,kou,-8.95893799765224e-06,D,digit_k=+2.100,0.9999997983745171,-4.582562228461309,insample,1.9550062936429325e-06
0,-1.3640291566862177e-06,1.2649674976686466e-12,4.3956217952715526e-07,0.5651226450210709,0,4.241817557402411e-06,4.241818822369908e-06,2.877788400716193e-06,0.9999988563590221,0.9999999311730271,0,scan,kou,-4.241817557402411e-06,D,digit_k=+2.250,0.999999701786533,-4.506648657305278,eval,9.41235467851798e-07
1,-1.3640291566862177e-06,2.1545412824545668e-12,7.876975481514966e-07,0.54288261713958,0,4.0992662922895675e-06,4.09926844683085e-06,2.73523713560335e-06,0.9999989373164975,0.9999997394913217,0,scan,kou,-4.0992662922895675e-06,D,digit_k=+2.250,0.9999994744083461,-4.394942543633539,insample,9.327235229110595e-07
1,-5.994958467129629e-07,3.8011162528299575e-12,2.1228901668257014e-06,0.3880065487391774,0,2.3900303938493945e-06,2.3900341949656474e-06,1.7905345471364317e-06,0.9999957516316609,0.999999885482334,0,scan,kou,-2.3900303938493945e-06,D,digit_k=+2.400,0.9999984095975443,-4.1701855435614545,eval,5.73123274464244e-07
1,-5.994958467129629e-07,4.0331570450290004e-12,2.3865044740757454e-06,0.3155375882844401,0,2.2894769314723536e-06,2.2894809646293987e-06,1.6899810847593908e-06,0.9999960231477032,0.9999994408356397,0,scan,kou,-2.2894769314723536e-06,D,digit_k=+2.400,0.9999982383967775,-4.148972615649017,insample,5.518177976969401e-07
1,-2.1069254510488257e-07,1.5117612288296897e-11,1.4833941336910925e-05,0.3333915347500932,0,1.229800528018826e-06,1.2298156456311143e-06,1.0191079829139435e-06,0.999957277182989,0.9999981882580359,0,scan,kou,-1.229800528018826e-06,D,digit_k=+2.550,0.9999877074158701,-3.7294663137709603,eval,3.2975241617756905e-07
1,-2.1069254510488257e-07,1.3315863117779159e-11,1.3952225161955295e-05,0.17203019432287425,0,1.1650691536596018e-06,1.1650824695227196e-06,9.543766085547193e-07,0.9999815961913469,0.9999948654859699,0,scan,kou,-1.1650691536596018e-06,D,digit_k=+2.550,0.999988570883636,-3.7457948241309857,insample,3.110338949037057e-07
1,-7.272527081164163e-08,4.9313248629979097e-11,8.279593307802525e-05,0.3267380687800602,0,6.682758475178391e-07,6.68325160766469e-07,5.955505767061974e-07,0.9997907316843204,0.9999912925786367,0,scan,kou,-6.682758475178391e-07,D,digit_k=+2.700,0.9999262136882989,-3.310785441987834,eval,2.0184812916073428e-07
1,-7.272527081164163e-08,5.0013115525260534e-11,9.049453468933806e-05,0.025392748428921252,1,6.253397439764465e-07,6.253897570919717e-07,5.526144731648049e-07,0.9998886449911005,0.999971652012025,0,scan,kou,-6.253397439764465e-07,D,digit_k=+2.700,0.9999200288860538,-3.291162435491848,insample,1.900057369495932e-07
1,-2.4705778576133925e-08,8.287196035983956e-11,0.0002331288611089125,0.484863846107474,0,3.8009995894488773e-07,3.8018283090524757e-07,3.553941803687538e-07,0.9994561124511935,0.999954951209915,0,scan,kou,-3.8009995894488773e-07,D,digit_k=+2.850,0.9997820207709998,-3.0401278232836977,eval,1.2502762417875403e-07
1,-2.4705778576133925e-08,1.4345311064882954e-10,0.00043727285267929495,0.053485596948087855,0,3.5262547818546666e-07,3.527689312961155e-07,3.2791969960933275e-07,0.9993768060178944,0.9998047031383425,0,scan,kou,-3.5262547818546666e-07,D,digit_k=+2.850,0.9995933510637636,-2.8774503839136996,insample,1.2254789175751175e-07
1,-8.280634349844409e-09,1.0633386035981148e-10,0.0004783629448686686,0.41825189979314636,0,2.304612930344543e-07,2.3056762689481413e-07,2.2218065868460988e-07,0.999258924810147,0.9999112824398733,0,scan,kou,-2.304612930344543e-07,D,digit_k=+3.000,0.9995388170412651,-2.8439641953733035,eval,8.103523012328345e-08
1,-8.280634349844409e-09,3.351440228021519e-10,0.0016381849753683557,0.12353574642441101,0,2.1252801784460344e-07,2.128631618674056e-07,2.0424738349475901e-07,0.9978936972350427,0.9991606300975143,0,scan,kou,-2.1252801784460344e-07,D,digit_k=+3.000,0.9984255424007518,-2.504738065070892,insample,8.485039645795787e-08
