source,cell,s,gamma1,gamma2,ratio_obs,ratio_pred_edge,ratio_pred_null,caveat
nn_suite,Exp01/Exp01-A/ATM,8.431162790697675,-0.0574254058890558,-1.0448253681251003,0.9801,0.9999999999999998,1.0,measured moments have sampling error; kurt=raw(ref3)
nn_suite,Exp01/Exp01-A/OTM_K110,8.978780487804878,-0.0584154871264316,-0.9247490234443,0.9819,1.0,1.0,measured moments have sampling error; kurt=raw(ref3)
nn_suite,Exp01/Exp01-A/OTM_K125,9.78764705882353,-0.0603855146725627,-0.7901241879781296,0.9831,1.0,1.0,measured moments have sampling error; kurt=raw(ref3)
nn_suite,Exp01/Exp01-B/ATM,8.775458937198069,-0.115960468164729,-0.9088609502807276,0.9858,1.0,1.0,measured moments have sampling error; kurt=raw(ref3)
nn_suite,Exp01/Exp01-B/OTM_K110,9.361878172588831,-0.0868606819707191,-0.8516580106630824,0.9873,1.0,1.0,measured moments have sampling error; kurt=raw(ref3)
nn_suite,Exp01/Exp01-B/OTM_K125,10.181280487804877,-0.0619990554631242,-0.7623553452094205,0.9879,1.0,1.0,measured moments have sampling error; kurt=raw(ref3)
nn_suite,Exp01/Exp01-C/ATM,9.308312020460358,-0.2529069611919033,-0.828241210283045,0.975,1.0,1.0,measured moments have sampling error; kurt=raw(ref3)
nn_suite,Exp01/Exp01-C/OTM_K110,9.82590425531915,-0.2578080863144742,-0.7702165900077627,0.977,1.0,1.0,measured moments have sampling error; kurt=raw(ref3)
nn_suite,Exp01/Exp01-C/OTM_K125,10.536509433962264,-0.2617644463534158,-0.7074599467190459,0.9783,1.0,1.0,measured moments have sampling error; kurt=raw(ref3)
nn_suite,Exp01/Exp01-D/ATM,11.54824295010846,0.1905321785517956,-0.6252280046872456,0.9693,1.0,1.0,measured moments have sampling error; kurt=raw(ref3)
nn_suite,Exp01/Exp01-D/OTM_K110,12.249717194570136,0.1776529311292121,-0.7037830491441768,0.9714,1.0,1.0,measured moments have sampling error; kurt=raw(ref3)
nn_suite,Exp01/Exp01-D/OTM_K125,12.895390625,0.1558220098529822,-0.7826462619595533,0.9735,1.0,1.0,measured moments have sampling error; kurt=raw(ref3)
nn_suite,Exp01/Exp01-E/ATM,30.65882295719844,-0.2428263913880932,-0.8461751987873223,0.9977,1.0,1.0,measured moments have sampling error; kurt=raw(ref3)
nn_suite,Exp01/Exp01-E/OTM_K110,33.721604166666665,-0.1904606167000722,-0.902155965787332,0.9972,1.0,1.0,measured moments have sampling error; kurt=raw(ref3)
nn_suite,Exp01/Exp01-E/OTM_K125,35.76988235294118,-0.1387868697801212,-0.9083217202078367,0.9971,1.0,1.0,measured moments have sampling error; kurt=raw(ref3)
nn_suite,Exp02/Exp02-A/ATM,8.431162790697675,-0.0574254058890558,-1.0448253681251003,0.9801,0.9999999999999998,1.0,measured moments have sampling error; kurt=raw(ref3)
nn_suite,Exp02/Exp02-A/OTM_K110,8.978780487804878,-0.0584154871264316,-0.9247490234443,0.9819,1.0,1.0,measured moments have sampling error; kurt=raw(ref3)
nn_suite,Exp02/Exp02-A/OTM_K125,9.78764705882353,-0.0603855146725627,-0.7901241879781296,0.9831,1.0,1.0,measured moments have sampling error; kurt=raw(ref3)
nn_suite,Exp02/Exp02-B/ATM,8.775458937198069,-0.115960468164729,-0.9088609502807276,0.9858,1.0,1.0,measured moments have sampling error; kurt=raw(ref3)
nn_suite,Exp02/Exp02-B/OTM_K110,9.361878172588831,-0.0868606819707191,-0.8516580106630824,0.9873,1.0,1.0,measured moments have sampling error; kurt=raw(ref3)
nn_suite,Exp02/Exp02-B/OTM_K125,10.181280487804877,-0.0619990554631242,-0.7623553452094205,0.9879,1.0,1.0,measured moments have sampling error; kurt=raw(ref3)
nn_suite,Exp02/Exp02-C/ATM,9.308312020460358,-0.2529069611919033,-0.828241210283045,0.975,1.0,1.0,measured moments have sampling error; kurt=raw(ref3)
nn_suite,Exp02/Exp02-C/OTM_K110,9.82590425531915,-0.2578080863144742,-0.7702165900077627,0.977,1.0,1.0,measured moments have sampling error; kurt=raw(ref3)
nn_suite,Exp02/Exp02-C/OTM_K125,10.536509433962264,-0.2617644463534158,-0.7074599467190459,0.9783,1.0,1.0,measured moments have sampling error; kurt=raw(ref3)
nn_suite,Exp02/Exp02-D/ATM,11.54824295010846,0.1905321785517956,-0.6252280046872456,0.9693,1.0,1.0,measured moments have sampling error; kurt=raw(ref3)
nn_suite,Exp02/Exp02-D/OTM_K110,12.249717194570136,0.1776529311292121,-0.7037830491441768,0.9714,1.0,1.0,measured moments have sampling error; kurt=raw(ref3)
nn_suite,Exp02/Exp02-D/OTM_K125,12.895390625,0.1558220098529822,-0.7826462619595533,0.9735,1.0,1.0,measured moments have sampling error; kurt=raw(ref3)
nn_suite,Exp02/Exp02-E/ATM,30.65882295719844,-0.2428263913880932,-0.8461751987873223,0.9977,1.0,1.0,measured moments have sampling error; kurt=raw(ref3)
nn_suite,Exp02/Exp02-E/OTM_K110,33.721604166666665,-0.1904606167000722,-0.902155965787332,0.9972,1.0,1.0,measured moments have sampling error; kurt=raw(ref3)
nn_suite,Exp02/Exp02-E/OTM_K125,35.76988235294118,-0.1387868697801212,-0.9083217202078367,0.9971,1.0,1.0,measured moments have sampling error; kurt=raw(ref3)
nn_suite,Exp02/Exp02-F1/ATM,9.07,-0.0575238999138226,-1.0619594384482156,0.9757,1.0,1.0,measured moments have sampling error; kurt=raw(ref3)
nn_suite,Exp02/Exp02-F1/OTM_K110,9.21,-0.0611846655606506,-0.9472479522472832,0.9777,1.0,1.0,measured moments have sampling error; kurt=raw(ref3)
nn_suite,Exp02/Exp02-F1/OTM_K125,11.096666666666668,-0.0648906831052621,-0.8141599101036019,0.979,1.0,1.0,measured moments have sampling error; kurt=raw(ref3)
nn_suite,Exp02/Exp02-F2/ATM,8.066666666666666,-0.0575246172616086,-1.0528749428162216,0.9755,0.999999999999998,1.0,measured moments have sampling error; kurt=raw(ref3)
nn_suite,Exp02/Exp02-F2/OTM_K110,9.21375,-0.0615128041371786,-0.939719964662665,0.9775,1.0,1.0,measured moments have sampling error; kurt=raw(ref3)
nn_suite,Exp02/Exp02-F2/OTM_K125,9.515714285714283,-0.0652139415134278,-0.8093185498086672,0.9789,1.0,1.0,measured moments have sampling error; kurt=raw(ref3)
nn_suite,Exp02/Exp02-F3/ATM,8.375384615384617,-0.057471782953104,-1.0580030595002856,0.9759,0.9999999999999998,1.0,measured moments have sampling error; kurt=raw(ref3)
nn_suite,Exp02/Exp02-F3/OTM_K110,9.213333333333331,-0.0611236679886015,-0.9407855740594466,0.9779,1.0,1.0,measured moments have sampling error; kurt=raw(ref3)
nn_suite,Exp02/Exp02-F3/OTM_K125,9.991,-0.0651445951082719,-0.8079696467624231,0.9793,1.0,1.0,measured moments have sampling error; kurt=raw(ref3)
nn_suite,Exp02/Exp02-F4/ATM,8.637142857142857,-0.055552479743586,-1.0565967023652325,0.9771,1.0,1.0,measured moments have sampling error; kurt=raw(ref3)
nn_suite,Exp02/Exp02-F4/OTM_K110,9.208999999999998,-0.0586048587679344,-0.9363262480058356,0.979,1.0,1.0,measured moments have sampling error; kurt=raw(ref3)
nn_suite,Exp02/Exp02-F4/OTM_K125,9.791764705882352,-0.0626093870197968,-0.8016117418861382,0.9804,1.0,1.0,measured moments have sampling error; kurt=raw(ref3)
nn_suite,Exp02/Exp02-F5/ATM,8.463333333333333,-0.0561056204630939,-1.0523217181330216,0.9781,1.0,1.0,measured moments have sampling error; kurt=raw(ref3)
nn_suite,Exp02/Exp02-F5/OTM_K110,8.89,-0.0582285205573189,-0.9323525179311858,0.9801,1.0,1.0,measured moments have sampling error; kurt=raw(ref3)
nn_suite,Exp02/Exp02-F5/OTM_K125,9.709166666666668,-0.0611530659907259,-0.7978610277007081,0.9814,1.0,1.0,measured moments have sampling error; kurt=raw(ref3)
nn_suite,Exp02/Exp02-G1/ATM,3.366071428571429,0.1076634148152673,-0.963489396120969,1.005,0.9996098592264008,1.0,measured moments have sampling error; kurt=raw(ref3)
nn_suite,Exp02/Exp02-G1/OTM_K110,3.684814814814815,0.122389518112795,-0.9432541846489664,1.0094,0.9998611268382094,1.0,measured moments have sampling error; kurt=raw(ref3)
nn_suite,Exp02/Exp02-G1/OTM_K125,3.9275,0.1161542868247641,-0.8648064458442719,1.0114,0.9999458760172222,1.0,measured moments have sampling error; kurt=raw(ref3)
nn_suite,Exp02/Exp02-G2/ATM,1.732222222222222,-0.398582503137519,-0.5817600662160114,0.9676,1.0067096998281526,1.0,measured moments have sampling error; kurt=raw(ref3)
nn_suite,Exp02/Exp02-G2/OTM_K110,2.2624444444444443,-0.4244579008571236,-0.5795130473653396,0.9977,1.001647320612049,1.0,measured moments have sampling error; kurt=raw(ref3)
nn_suite,Exp02/Exp02-G2/OTM_K125,3.114390243902439,-0.3930952155084823,-0.5300349936440396,1.0115,1.0000239033152936,1.0,measured moments have sampling error; kurt=raw(ref3)
nn_suite,Exp02/Exp02-G3/ATM,7.988652482269503,-0.1329370638402032,-0.599627443475947,1.0026,0.999999999999998,1.0,measured moments have sampling error; kurt=raw(ref3)
nn_suite,Exp02/Exp02-G3/OTM_K110,8.592014925373135,-0.1972349677618999,-0.4835655768525813,1.0043,1.0,1.0,measured moments have sampling error; kurt=raw(ref3)
nn_suite,Exp02/Exp02-G3/OTM_K125,9.403660714285714,-0.2528504936144645,-0.4278126914611038,1.0054,1.0,1.0,measured moments have sampling error; kurt=raw(ref3)
nn_suite,Exp03/Exp03-AA-A/ATM,8.431162790697675,-0.0574254058890558,-1.0448253681251003,0.9801,0.9999999999999998,1.0,measured moments have sampling error; kurt=raw(ref3)
nn_suite,Exp03/Exp03-AA-A/OTM_K110,8.978780487804878,-0.0584154871264316,-0.9247490234443,0.9819,1.0,1.0,measured moments have sampling error; kurt=raw(ref3)
nn_suite,Exp03/Exp03-AA-A/OTM_K125,9.78764705882353,-0.0603855146725627,-0.7901241879781296,0.9831,1.0,1.0,measured moments have sampling error; kurt=raw(ref3)
nn_suite,Exp03/Exp03-AA-B/ATM,8.775458937198069,-0.115960468164729,-0.9088609502807276,0.9858,1.0,1.0,measured moments have sampling error; kurt=raw(ref3)
nn_suite,Exp03/Exp03-AA-B/OTM_K110,9.361878172588831,-0.0868606819707191,-0.8516580106630824,0.9873,1.0,1.0,measured moments have sampling error; kurt=raw(ref3)
nn_suite,Exp03/Exp03-AA-B/OTM_K125,10.181280487804877,-0.0619990554631242,-0.7623553452094205,0.9879,1.0,1.0,measured moments have sampling error; kurt=raw(ref3)
nn_suite,Exp03/Exp03-AA-C/ATM,9.308312020460358,-0.2529069611919033,-0.828241210283045,0.975,1.0,1.0,measured moments have sampling error; kurt=raw(ref3)
nn_suite,Exp03/Exp03-AA-C/OTM_K110,9.82590425531915,-0.2578080863144742,-0.7702165900077627,0.977,1.0,1.0,measured moments have sampling error; kurt=raw(ref3)
nn_suite,Exp03/Exp03-AA-C/OTM_K125,10.536509433962264,-0.2617644463534158,-0.7074599467190459,0.9783,1.0,1.0,measured moments have sampling error; kurt=raw(ref3)
nn_suite,Exp03/Exp03-AA-D/ATM,11.54824295010846,0.1905321785517956,-0.6252280046872456,0.9693,1.0,1.0,measured moments have sampling error; kurt=raw(ref3)
nn_suite,Exp03/Exp03-AA-D/OTM_K110,12.249717194570136,0.1776529311292121,-0.7037830491441768,0.9714,1.0,1.0,measured moments have sampling error; kurt=raw(ref3)
nn_suite,Exp03/Exp03-AA-D/OTM_K125,12.895390625,0.1558220098529822,-0.7826462619595533,0.9735,1.0,1.0,measured moments have sampling error; kurt=raw(ref3)
nn_suite,Exp03/Exp03-AA-E/ATM,30.65882295719844,-0.2428263913880932,-0.8461751987873223,0.9977,1.0,1.0,measured moments have sampling error; kurt=raw(ref3)
nn_suite,Exp03/Exp03-AA-E/OTM_K110,33.721604166666665,-0.1904606167000722,-0.902155965787332,0.9972,1.0,1.0,measured moments have sampling error; kurt=raw(ref3)
nn_suite,Exp03/Exp03-AA-E/OTM_K125,35.76988235294118,-0.1387868697801212,-0.9083217202078367,0.9971,1.0,1.0,measured moments have sampling error; kurt=raw(ref3)
nn_suite,Exp03/Exp03-AB1-A/ATM,0.1240856031128404,-0.6262656399075937,-0.4787051642610591,1.0988,1.032093989929614,1.0,measured moments have sampling error; kurt=raw(ref3)
nn_suite,Exp03/Exp03-AB1-A/OTM_K110,0.1962746710526315,-0.5223390759581479,-0.5386585528002521,1.0913,1.0372142780069016,1.0,measured moments have sampling error; kurt=raw(ref3)
nn_suite,Exp03/Exp03-AB1-A/OTM_K125,0.2663960749330954,-0.6727977961517289,-0.3767273738598877,0.9933,1.0414431307549643,1.0,measured moments have sampling error; kurt=raw(ref3)
nn_suite,Exp03/Exp03-AB1-B/ATM,0.6839446076374318,-0.5638372377363905,-0.5642783048071975,1.0968,1.04960230473183,1.0,measured moments have sampling error; kurt=raw(ref3)
nn_suite,Exp03/Exp03-AB1-B/OTM_K110,0.746647932557206,-0.4666548170846299,-0.5947459759156719,1.0451,1.0412504782895904,1.0,measured moments have sampling error; kurt=raw(ref3)
nn_suite,Exp03/Exp03-AB1-B/OTM_K125,0.8139256017505471,-0.6094783485893149,-0.4252917218051575,0.9473,1.0484444329476643,1.0,measured moments have sampling error; kurt=raw(ref3)
nn_suite,Exp03/Exp03-AB1-C/ATM,1.3396090286174929,-0.4778574353707278,-0.6803146585456776,1.0981,1.0192361660469658,1.0,measured moments have sampling error; kurt=raw(ref3)
nn_suite,Exp03/Exp03-AB1-C/OTM_K110,1.3991336441336442,-0.3885614166410876,-0.6761987069811113,1.0331,1.0129545612535642,1.0,measured moments have sampling error; kurt=raw(ref3)
nn_suite,Exp03/Exp03-AB1-C/OTM_K125,1.4725191815856775,-0.5190863737385424,-0.4999832418354035,0.9458,1.018116953132751,1.0,measured moments have sampling error; kurt=raw(ref3)
nn_suite,Exp03/Exp03-AB1-D/ATM,3.3459214795587275,-0.1558695593736259,-1.2387235236485998,1.0308,0.9996117233799549,1.0,measured moments have sampling error; kurt=raw(ref3)
nn_suite,Exp03/Exp03-AB1-D/OTM_K110,3.4774943420627227,-0.0551135152037467,-1.1855117711510952,1.0086,0.9997198694295224,1.0,measured moments have sampling error; kurt=raw(ref3)
nn_suite,Exp03/Exp03-AB1-D/OTM_K125,3.679512641993404,-0.0698201245722053,-1.050650526640468,0.9776,0.999873974125184,1.0,measured moments have sampling error; kurt=raw(ref3)
nn_suite,Exp03/Exp03-AB1-E/ATM,17.371930207197384,1.2514419570624296,0.1813435209858394,1.0526,1.0,1.0,measured moments have sampling error; kurt=raw(ref3)
nn_suite,Exp03/Exp03-AB1-E/OTM_K110,17.39669133192389,1.2559077803018923,0.161393427954203,1.0413,1.0,1.0,measured moments have sampling error; kurt=raw(ref3)
nn_suite,Exp03/Exp03-AB1-E/OTM_K125,17.023318705430608,1.0436779835847467,-0.2243892917809784,1.0284,1.0,1.0,measured moments have sampling error; kurt=raw(ref3)
nn_suite,Exp03/Exp03-AB2-A/ATM,3.355124839124839,-0.6151982281254655,-0.4027345858687039,0.9683,1.000146916521707,1.0,measured moments have sampling error; kurt=raw(ref3)
nn_suite,Exp03/Exp03-AB2-A/OTM_K110,3.226012192024384,-0.6158826105170285,-0.4391080848424793,0.9512,1.000216178113058,1.0,measured moments have sampling error; kurt=raw(ref3)
nn_suite,Exp03/Exp03-AB2-A/OTM_K125,3.199536216779573,-0.7245783289999768,-0.4180743992283235,0.9283,1.0003364845804203,1.0,measured moments have sampling error; kurt=raw(ref3)
nn_suite,Exp03/Exp03-AB2-B/ATM,3.663961482203804,-0.6424470258674793,-0.3630586615335445,0.9772,1.0000541089403832,1.0,measured moments have sampling error; kurt=raw(ref3)
nn_suite,Exp03/Exp03-AB2-B/OTM_K110,3.555240280125574,-0.6464775862530465,-0.3866494225787571,0.9626,1.0000789985439706,1.0,measured moments have sampling error; kurt=raw(ref3)
nn_suite,Exp03/Exp03-AB2-B/OTM_K125,3.5162093773257257,-0.756729872881437,-0.3590273029470436,0.9417,1.000128238820577,1.0,measured moments have sampling error; kurt=raw(ref3)
nn_suite,Exp03/Exp03-AB2-C/ATM,4.061846544950312,-0.6043704953043895,-0.4302003915932522,0.9803,1.000006744611588,1.0,measured moments have sampling error; kurt=raw(ref3)
nn_suite,Exp03/Exp03-AB2-C/OTM_K110,3.969873795318954,-0.6192962078067765,-0.4294658366440318,0.9681,1.0000110715616135,1.0,measured moments have sampling error; kurt=raw(ref3)
nn_suite,Exp03/Exp03-AB2-C/OTM_K125,3.9124634606317774,-0.7416235859511315,-0.3831261530951253,0.95,1.000024683853304,1.0,measured moments have sampling error; kurt=raw(ref3)
nn_suite,Exp03/Exp03-AB2-D/ATM,5.645551565928586,-0.772465308987872,-0.4954128754309446,0.9663,1.0000000015183783,1.0,measured moments have sampling error; kurt=raw(ref3)
nn_suite,Exp03/Exp03-AB2-D/OTM_K110,5.549282475852553,-0.7948302103314431,-0.4994961513413236,0.9602,1.0000000034006475,1.0,measured moments have sampling error; kurt=raw(ref3)
nn_suite,Exp03/Exp03-AB2-D/OTM_K125,5.361491822895891,-0.900679343576242,-0.4251908457222075,0.9502,1.000000026703196,1.0,measured moments have sampling error; kurt=raw(ref3)
nn_suite,Exp03/Exp03-AB2-E/ATM,7.132770672654496,-1.411894700148669,0.4213009436942623,0.9589,1.00000000000256,1.0,measured moments have sampling error; kurt=raw(ref3)
nn_suite,Exp03/Exp03-AB2-E/OTM_K110,7.124587813620071,-1.421949034064112,0.4303270009249624,0.9572,1.0000000000027451,1.0,measured moments have sampling error; kurt=raw(ref3)
nn_suite,Exp03/Exp03-AB2-E/OTM_K125,6.898494186046512,-1.4465861343253692,0.4843183408814733,0.9533,1.000000000013959,1.0,measured moments have sampling error; kurt=raw(ref3)
nn_suite,Exp03/Exp03-AB3-A/ATM,0.5498230088495575,0.0275548670715185,-1.0182473886209165,1.0649,1.0202863415312604,1.0,measured moments have sampling error; kurt=raw(ref3)
nn_suite,Exp03/Exp03-AB3-A/OTM_K110,0.6475559105431311,-0.183752119702832,-0.7286776551099376,0.9728,1.025257957724466,1.0,measured moments have sampling error; kurt=raw(ref3)
nn_suite,Exp03/Exp03-AB3-A/OTM_K125,0.7956068268015171,-0.3933557224019107,-0.4483669649116475,0.8926,1.0330602566026434,1.0,measured moments have sampling error; kurt=raw(ref3)
nn_suite,Exp03/Exp03-AB3-B/ATM,1.283300760043431,-0.085850100258737,-0.9722298363029748,0.9923,0.9980064440197642,1.0,measured moments have sampling error; kurt=raw(ref3)
nn_suite,Exp03/Exp03-AB3-B/OTM_K110,1.4117523493642896,-0.3143599942052028,-0.659355876260586,0.9233,1.0092709472686543,1.0,measured moments have sampling error; kurt=raw(ref3)
nn_suite,Exp03/Exp03-AB3-B/OTM_K125,1.6260932370321737,-0.539761153975591,-0.3449363794509241,0.8611,1.0156235409670584,1.0,measured moments have sampling error; kurt=raw(ref3)
nn_suite,Exp03/Exp03-AB3-C/ATM,2.314436821040595,-0.2952382766411718,-0.8449806498644912,1.0116,0.9990675846894852,1.0,measured moments have sampling error; kurt=raw(ref3)
nn_suite,Exp03/Exp03-AB3-C/OTM_K110,2.4709485251590517,-0.5395804371862383,-0.501238739417472,0.9675,1.0017594945153527,1.0,measured moments have sampling error; kurt=raw(ref3)
nn_suite,Exp03/Exp03-AB3-C/OTM_K125,2.7702878684030154,-0.7830840239328242,-0.1439410534225582,0.9347,1.001994705829882,1.0,measured moments have sampling error; kurt=raw(ref3)
nn_suite,Exp03/Exp03-AB3-D/ATM,6.098403126744835,-0.0553178081624293,-0.7053387527691144,0.9758,0.9999999988931232,1.0,measured moments have sampling error; kurt=raw(ref3)
nn_suite,Exp03/Exp03-AB3-D/OTM_K110,6.182457487657707,-0.1894215519767217,-0.6745045320247729,0.9623,0.999999999449564,1.0,measured moments have sampling error; kurt=raw(ref3)
nn_suite,Exp03/Exp03-AB3-D/OTM_K125,6.592961562696912,-0.2600554886324023,-0.7228448924836797,0.9505,0.999999999956231,1.0,measured moments have sampling error; kurt=raw(ref3)
nn_suite,Exp03/Exp03-AB3-E/ATM,13.111506677796326,1.1037730772245955,-0.1611606563051499,0.9869,1.0,1.0,measured moments have sampling error; kurt=raw(ref3)
nn_suite,Exp03/Exp03-AB3-E/OTM_K110,13.076306015341135,0.9683268391105496,-0.4804406097152642,0.9827,1.0,1.0,measured moments have sampling error; kurt=raw(ref3)
nn_suite,Exp03/Exp03-AB3-E/OTM_K125,13.453928571428571,0.9177690114648026,-0.6539293048586079,0.9784,1.0,1.0,measured moments have sampling error; kurt=raw(ref3)
nn_suite,Exp03/Exp03-B1B1-A/ATM,10.626774193548387,-0.4850237312044529,-0.540520513406872,0.8992,1.0,1.0,measured moments have sampling error; kurt=raw(ref3)
nn_suite,Exp03/Exp03-B1B1-A/OTM_K110,11.71103448275862,-0.5024945470180032,-0.5035790522611086,0.9071,1.0,1.0,measured moments have sampling error; kurt=raw(ref3)
nn_suite,Exp03/Exp03-B1B1-A/OTM_K125,12.915,-0.4297646013037436,-0.4060222334349879,0.9185,1.0,1.0,measured moments have sampling error; kurt=raw(ref3)
nn_suite,Exp03/Exp03-B1B1-B/ATM,10.583987341772152,-0.4805643668783489,-0.4945239851557521,0.9006,1.0,1.0,measured moments have sampling error; kurt=raw(ref3)
nn_suite,Exp03/Exp03-B1B1-B/OTM_K110,11.636351351351353,-0.4983728575980233,-0.4604600760772319,0.9085,1.0,1.0,measured moments have sampling error; kurt=raw(ref3)
nn_suite,Exp03/Exp03-B1B1-B/OTM_K125,12.681693548387097,-0.423594570444096,-0.3666405452679058,0.9198,1.0,1.0,measured moments have sampling error; kurt=raw(ref3)
nn_suite,Exp03/Exp03-B1B1-C/ATM,10.293577981651376,-0.4792745671537494,-0.4363184013477372,0.9138,1.0,1.0,measured moments have sampling error; kurt=raw(ref3)
nn_suite,Exp03/Exp03-B1B1-C/OTM_K110,11.319117647058825,-0.4989711322809332,-0.4048693842375774,0.9213,1.0,1.0,measured moments have sampling error; kurt=raw(ref3)
nn_suite,Exp03/Exp03-B1B1-C/OTM_K125,12.32385214007782,-0.4247061797504063,-0.3165611032752307,0.9317,1.0,1.0,measured moments have sampling error; kurt=raw(ref3)
nn_suite,Exp03/Exp03-B1B1-D/ATM,8.857621899059026,-0.8839024690057865,-0.0159699794788541,0.9493,1.0,1.0,measured moments have sampling error; kurt=raw(ref3)
nn_suite,Exp03/Exp03-B1B1-D/OTM_K110,9.635372050816695,-0.9673681594163718,0.1455417917179478,0.9534,1.0,1.0,measured moments have sampling error; kurt=raw(ref3)
nn_suite,Exp03/Exp03-B1B1-D/OTM_K125,10.33272245762712,-0.9378006032768856,0.1945821648044079,0.9598,1.0,1.0,measured moments have sampling error; kurt=raw(ref3)
nn_suite,Exp03/Exp03-B1B1-E/ATM,15.126856330014224,-0.5016858848011719,-0.6138712860531115,1.0261,1.0,1.0,measured moments have sampling error; kurt=raw(ref3)
nn_suite,Exp03/Exp03-B1B1-E/OTM_K110,16.051332027424092,-0.499987268984428,-0.5135308476147591,1.0236,1.0,1.0,measured moments have sampling error; kurt=raw(ref3)
nn_suite,Exp03/Exp03-B1B1-E/OTM_K125,16.96810706401766,-0.508947734001355,-0.4837636146531028,1.0232,1.0,1.0,measured moments have sampling error; kurt=raw(ref3)
nn_suite,Exp03/Exp03-B2B2-A/ATM,8.477758620689656,-0.591887467533403,-0.990814345615138,1.0454,1.0,1.0,measured moments have sampling error; kurt=raw(ref3)
nn_suite,Exp03/Exp03-B2B2-A/OTM_K110,9.065454545454545,-0.611619221517565,-0.8921620889377002,1.0434,1.0,1.0,measured moments have sampling error; kurt=raw(ref3)
nn_suite,Exp03/Exp03-B2B2-A/OTM_K125,9.148823529411764,-0.7624838549572533,-0.531737667796361,1.0358,1.0,1.0,measured moments have sampling error; kurt=raw(ref3)
nn_suite,Exp03/Exp03-B2B2-B/ATM,7.604342507645261,-0.5106875352888505,-1.0366181090362392,1.0372,0.9999999999999474,1.0,measured moments have sampling error; kurt=raw(ref3)
nn_suite,Exp03/Exp03-B2B2-B/OTM_K110,8.000126984126984,-0.5078556317000886,-0.96932658648175,1.0358,0.9999999999999978,1.0,measured moments have sampling error; kurt=raw(ref3)
nn_suite,Exp03/Exp03-B2B2-B/OTM_K125,8.168200692041523,-0.6340138018188964,-0.6940278186033639,1.0296,0.9999999999999996,1.0,measured moments have sampling error; kurt=raw(ref3)
nn_suite,Exp03/Exp03-B2B2-C/ATM,8.130306946688208,-0.3028059382043211,-1.413550754557616,1.0175,0.9999999999999984,1.0,measured moments have sampling error; kurt=raw(ref3)
nn_suite,Exp03/Exp03-B2B2-C/OTM_K110,8.483361064891847,-0.2820689890261013,-1.3637024045999655,1.0175,1.0,1.0,measured moments have sampling error; kurt=raw(ref3)
nn_suite,Exp03/Exp03-B2B2-C/OTM_K125,8.64996383363472,-0.3615484169003277,-1.1645874119788775,1.0138,1.0,1.0,measured moments have sampling error; kurt=raw(ref3)
nn_suite,Exp03/Exp03-B2B2-D/ATM,12.029160305343511,-0.4668368727764228,-0.6471886718449222,0.967,1.0,1.0,measured moments have sampling error; kurt=raw(ref3)
nn_suite,Exp03/Exp03-B2B2-D/OTM_K110,12.019058025621703,-0.5100622399976299,-0.6075076410876159,0.97,1.0,1.0,measured moments have sampling error; kurt=raw(ref3)
nn_suite,Exp03/Exp03-B2B2-D/OTM_K125,11.178998516320474,-0.6833928692252693,-0.4978790052941275,0.9707,1.0,1.0,measured moments have sampling error; kurt=raw(ref3)
nn_suite,Exp03/Exp03-B2B2-E/ATM,8.702620074777107,-1.3102358937587415,0.3389698551276128,0.9576,1.0,1.0,measured moments have sampling error; kurt=raw(ref3)
nn_suite,Exp03/Exp03-B2B2-E/OTM_K110,8.786151532512173,-1.3378198726525912,0.3906110517834271,0.9592,1.0,1.0,measured moments have sampling error; kurt=raw(ref3)
nn_suite,Exp03/Exp03-B2B2-E/OTM_K125,8.480324193087688,-1.3861424829653408,0.4775115113476689,0.9591,1.0,1.0,measured moments have sampling error; kurt=raw(ref3)
nn_suite,Exp05_axis/Exp05ax-v1/ATM,8.431162790697675,-0.0574254058890558,-1.0448253681251003,0.9801,0.9999999999999998,1.0,measured moments have sampling error; kurt=raw(ref3)
nn_suite,Exp05_axis/Exp05ax-v1/OTM_K110,8.978780487804878,-0.0584154871264316,-0.9247490234443,0.9819,1.0,1.0,measured moments have sampling error; kurt=raw(ref3)
nn_suite,Exp05_axis/Exp05ax-v1/OTM_K125,9.78764705882353,-0.0603855146725627,-0.7901241879781296,0.9831,1.0,1.0,measured moments have sampling error; kurt=raw(ref3)
nn_suite,Exp05_axis/Exp05ax-v2/ATM,8.775458937198069,-0.115960468164729,-0.9088609502807276,0.9858,1.0,1.0,measured moments have sampling error; kurt=raw(ref3)
nn_suite,Exp05_axis/Exp05ax-v2/OTM_K110,9.361878172588831,-0.0868606819707191,-0.8516580106630824,0.9873,1.0,1.0,measured moments have sampling error; kurt=raw(ref3)
nn_suite,Exp05_axis/Exp05ax-v2/OTM_K125,10.181280487804877,-0.0619990554631242,-0.7623553452094205,0.9879,1.0,1.0,measured moments have sampling error; kurt=raw(ref3)
nn_suite,Exp05_axis/Exp05ax-v3/ATM,9.308312020460358,-0.2529069611919033,-0.828241210283045,0.975,1.0,1.0,measured moments have sampling error; kurt=raw(ref3)
nn_suite,Exp05_axis/Exp05ax-v3/OTM_K110,9.82590425531915,-0.2578080863144742,-0.7702165900077627,0.977,1.0,1.0,measured moments have sampling error; kurt=raw(ref3)
nn_suite,Exp05_axis/Exp05ax-v3/OTM_K125,10.536509433962264,-0.2617644463534158,-0.7074599467190459,0.9783,1.0,1.0,measured moments have sampling error; kurt=raw(ref3)
nn_suite,Exp05_axis/Exp05ax-v4/ATM,11.54824295010846,0.1905321785517956,-0.6252280046872456,0.9693,1.0,1.0,measured moments have sampling error; kurt=raw(ref3)
nn_suite,Exp05_axis/Exp05ax-v4/OTM_K110,12.249717194570136,0.1776529311292121,-0.7037830491441768,0.9714,1.0,1.0,measured moments have sampling error; kurt=raw(ref3)
nn_suite,Exp05_axis/Exp05ax-v4/OTM_K125,12.895390625,0.1558220098529822,-0.7826462619595533,0.9735,1.0,1.0,measured moments have sampling error; kurt=raw(ref3)
nn_suite,Exp05_axis/Exp05ax-v5/ATM,30.65882295719844,-0.2428263913880932,-0.8461751987873223,0.9977,1.0,1.0,measured moments have sampling error; kurt=raw(ref3)
nn_suite,Exp05_axis/Exp05ax-v5/OTM_K110,33.721604166666665,-0.1904606167000722,-0.902155965787332,0.9972,1.0,1.0,measured moments have sampling error; kurt=raw(ref3)
nn_suite,Exp05_axis/Exp05ax-v5/OTM_K125,35.76988235294118,-0.1387868697801212,-0.9083217202078367,0.9971,1.0,1.0,measured moments have sampling error; kurt=raw(ref3)
nn_suite,Exp05_axis/Exp05ax-kappa1/ATM,3.366607142857143,0.0931451756585425,-0.9999570938600266,1.0002,0.9996043049602082,1.0,measured moments have sampling error; kurt=raw(ref3)
nn_suite,Exp05_axis/Exp05ax-kappa1/OTM_K110,3.618727272727273,0.1125485055271341,-0.9877359726038656,1.0047,0.9998212064945072,1.0,measured moments have sampling error; kurt=raw(ref3)
nn_suite,Exp05_axis/Exp05ax-kappa1/OTM_K125,3.849387755102041,0.1151275838852152,-0.9182187214401272,1.0069,0.9999243386699372,1.0,measured moments have sampling error; kurt=raw(ref3)
nn_suite,Exp05_axis/Exp05ax-kappa2/ATM,3.5487452471482888,-0.0697305505842307,-0.0761963484435646,1.0023,1.0000018367933632,1.0,measured moments have sampling error; kurt=raw(ref3)
nn_suite,Exp05_axis/Exp05ax-kappa2/OTM_K110,3.8020077220077217,-0.0700790689456759,-0.0506951796406438,1.006,1.0000024362627995,1.0,measured moments have sampling error; kurt=raw(ref3)
nn_suite,Exp05_axis/Exp05ax-kappa2/OTM_K125,4.114361233480176,-0.0660101810506388,-0.0878154137461608,1.0077,0.9999994676192268,1.0,measured moments have sampling error; kurt=raw(ref3)
nn_suite,Exp05_axis/Exp05ax-kappa3/ATM,4.191473214285714,-0.1013683961216152,0.2916015185574814,0.9762,1.0000079322366826,1.0,measured moments have sampling error; kurt=raw(ref3)
nn_suite,Exp05_axis/Exp05ax-kappa3/OTM_K110,4.478619909502262,-0.0803869910548265,0.3964015663565665,0.98,1.0000029445924132,1.0,measured moments have sampling error; kurt=raw(ref3)
nn_suite,Exp05_axis/Exp05ax-kappa3/OTM_K125,4.828868894601542,-0.0589662327790792,0.3767739235073293,0.9815,1.0000005680053514,1.0,measured moments have sampling error; kurt=raw(ref3)
nn_suite,Exp05_axis/Exp05ax-kappa4/ATM,6.074686774941995,0.1029862083296517,-0.7907177440094295,0.9538,0.9999999983597744,1.0,measured moments have sampling error; kurt=raw(ref3)
nn_suite,Exp05_axis/Exp05ax-kappa4/OTM_K110,6.535910165484634,0.0897681810878714,-0.76831267805979,0.9578,0.9999999999073488,1.0,measured moments have sampling error; kurt=raw(ref3)
nn_suite,Exp05_axis/Exp05ax-kappa4/OTM_K125,6.962823218997362,0.0496664288338237,-0.7600543338809485,0.96,0.9999999999946892,1.0,measured moments have sampling error; kurt=raw(ref3)
nn_suite,Exp05_axis/Exp05ax-kappa5/ATM,7.885419896640827,-0.1555879951576936,-0.1929593801797513,0.9614,0.9999999999999992,1.0,measured moments have sampling error; kurt=raw(ref3)
nn_suite,Exp05_axis/Exp05ax-kappa5/OTM_K110,8.745914266577362,-0.105068025343839,-0.2385995383449528,0.9659,1.0,1.0,measured moments have sampling error; kurt=raw(ref3)
nn_suite,Exp05_axis/Exp05ax-kappa5/OTM_K125,9.5804,-0.0755397980151509,-0.3212036195019929,0.9713,1.0,1.0,measured moments have sampling error; kurt=raw(ref3)
nn_suite,Exp05_axis/Exp05ax-omega1/ATM,8.182181818181817,-0.1035821550367029,-0.590826946475155,0.9947,0.9999999999999996,1.0,measured moments have sampling error; kurt=raw(ref3)
nn_suite,Exp05_axis/Exp05ax-omega1/OTM_K110,8.681698113207547,-0.1667881428072343,-0.4684709495694927,0.9967,1.0,1.0,measured moments have sampling error; kurt=raw(ref3)
nn_suite,Exp05_axis/Exp05ax-omega1/OTM_K125,9.563181818181818,-0.2174831339265405,-0.3973774618871801,0.9981,1.0,1.0,measured moments have sampling error; kurt=raw(ref3)
nn_suite,Exp05_axis/Exp05ax-omega2/ATM,8.456479400749064,-0.1459228464293807,-0.599132301491339,0.9929,1.0,1.0,measured moments have sampling error; kurt=raw(ref3)
nn_suite,Exp05_axis/Exp05ax-omega2/OTM_K110,9.01078125,-0.1740837749462387,-0.5000850263582897,0.9952,1.0,1.0,measured moments have sampling error; kurt=raw(ref3)
nn_suite,Exp05_axis/Exp05ax-omega2/OTM_K125,9.820976744186046,-0.1830146715039493,-0.452199799546249,0.997,1.0,1.0,measured moments have sampling error; kurt=raw(ref3)
nn_suite,Exp05_axis/Exp05ax-omega3/ATM,8.060053763440859,-0.2910131124283982,-0.5254705654523559,0.9895,0.9999999999999992,1.0,measured moments have sampling error; kurt=raw(ref3)
nn_suite,Exp05_axis/Exp05ax-omega3/OTM_K110,8.572611940298506,-0.307308333961939,-0.4462619664168752,0.9921,1.0,1.0,measured moments have sampling error; kurt=raw(ref3)
nn_suite,Exp05_axis/Exp05ax-omega3/OTM_K125,9.262615384615383,-0.2872962571778273,-0.3601321160683119,0.9942,1.0,1.0,measured moments have sampling error; kurt=raw(ref3)
nn_suite,Exp05_axis/Exp05ax-omega4/ATM,9.18206474820144,0.1870975750874666,-0.6561551033545956,1.008,1.0,1.0,measured moments have sampling error; kurt=raw(ref3)
nn_suite,Exp05_axis/Exp05ax-omega4/OTM_K110,9.762647278150634,0.2044885150278517,-0.7172310532707109,1.009,1.0,1.0,measured moments have sampling error; kurt=raw(ref3)
nn_suite,Exp05_axis/Exp05ax-omega4/OTM_K125,10.333548936170212,0.2268589444783613,-0.7149574769502278,1.0109,1.0,1.0,measured moments have sampling error; kurt=raw(ref3)
nn_suite,Exp05_axis/Exp05ax-omega5/ATM,32.61481906443072,0.1978386810933471,-0.8790724141817603,1.0045,1.0,1.0,measured moments have sampling error; kurt=raw(ref3)
nn_suite,Exp05_axis/Exp05ax-omega5/OTM_K110,33.46863755458516,0.1489244180692358,-0.9695556048274364,1.0038,1.0,1.0,measured moments have sampling error; kurt=raw(ref3)
nn_suite,Exp05_axis/Exp05ax-omega5/OTM_K125,33.7380258302583,0.0461236181990537,-0.960936444667599,1.0037,1.0,1.0,measured moments have sampling error; kurt=raw(ref3)
nn_suite,Exp05_axis/Exp05ax-xi1/ATM,2.07,-0.4609036005409807,0.7211065183642473,0.9376,1.0115800260145724,1.0,measured moments have sampling error; kurt=raw(ref3)
nn_suite,Exp05_axis/Exp05ax-xi1/OTM_K110,2.999032258064516,-0.3511142197731154,0.2820897740192487,0.9337,1.0007985114712237,1.0,measured moments have sampling error; kurt=raw(ref3)
nn_suite,Exp05_axis/Exp05ax-xi1/OTM_K125,4.028888888888889,-0.2435857019792288,-0.3229870406451032,0.938,0.9999975492746046,1.0,measured moments have sampling error; kurt=raw(ref3)
nn_suite,Exp05_axis/Exp05ax-xi2/ATM,2.162704402515724,-0.4888425708623004,0.8770703860648137,0.9496,1.010997456158268,1.0,measured moments have sampling error; kurt=raw(ref3)
nn_suite,Exp05_axis/Exp05ax-xi2/OTM_K110,3.083576158940397,-0.3562203427334537,0.4805510180129202,0.9465,1.0007877432697183,1.0,measured moments have sampling error; kurt=raw(ref3)
nn_suite,Exp05_axis/Exp05ax-xi2/OTM_K125,4.263385826771653,-0.2140276197652768,-0.0125915852680797,0.9525,1.0000030252548446,1.0,measured moments have sampling error; kurt=raw(ref3)
nn_suite,Exp05_axis/Exp05ax-xi3/ATM,2.2152380952380955,-0.4010823120492749,1.089699243705856,0.966,1.01003743110797,1.0,measured moments have sampling error; kurt=raw(ref3)
nn_suite,Exp05_axis/Exp05ax-xi3/OTM_K110,3.1405016722408026,-0.2199792582745794,0.6692117546478502,0.9563,1.000664107529305,1.0,measured moments have sampling error; kurt=raw(ref3)
nn_suite,Exp05_axis/Exp05ax-xi3/OTM_K125,4.302738095238095,0.0055479388795812,0.2135921317557478,0.9602,1.0000026887232565,1.0,measured moments have sampling error; kurt=raw(ref3)
nn_suite,Exp05_axis/Exp05ax-xi4/ATM,2.83264667535854,0.4293238318129738,0.4860543103382571,0.9841,0.9996920499660688,1.0,measured moments have sampling error; kurt=raw(ref3)
nn_suite,Exp05_axis/Exp05ax-xi4/OTM_K110,3.915915300546448,0.4914503049757258,0.2505705298545329,0.9808,0.9999836880689524,1.0,measured moments have sampling error; kurt=raw(ref3)
nn_suite,Exp05_axis/Exp05ax-xi4/OTM_K125,5.136587301587301,0.5103822392461209,0.0167676697389747,0.9773,0.9999998785601516,1.0,measured moments have sampling error; kurt=raw(ref3)
nn_suite,Exp05_axis/Exp05ax-xi5/ATM,6.499643366619116,0.1318055658809285,0.1180570416926394,0.9882,1.0000000000049487,1.0,measured moments have sampling error; kurt=raw(ref3)
nn_suite,Exp05_axis/Exp05ax-xi5/OTM_K110,8.208384502923977,0.2691004701496244,-0.0059404213895457,0.9917,1.0,1.0,measured moments have sampling error; kurt=raw(ref3)
nn_suite,Exp05_axis/Exp05ax-xi5/OTM_K125,9.912521514629947,0.3422284227455513,-0.194251662219242,0.9937,1.0,1.0,measured moments have sampling error; kurt=raw(ref3)
nn_suite,Exp05_axis/Exp05ax-rho1/ATM,1.732222222222222,-0.398582503137519,-0.5817600662160114,0.9676,1.0067096998281526,1.0,measured moments have sampling error; kurt=raw(ref3)
nn_suite,Exp05_axis/Exp05ax-rho1/OTM_K110,2.2624444444444443,-0.4244579008571236,-0.5795130473653396,0.9977,1.001647320612049,1.0,measured moments have sampling error; kurt=raw(ref3)
nn_suite,Exp05_axis/Exp05ax-rho1/OTM_K125,3.114390243902439,-0.3930952155084823,-0.5300349936440396,1.0115,1.0000239033152936,1.0,measured moments have sampling error; kurt=raw(ref3)
nn_suite,Exp05_axis/Exp05ax-rho2/ATM,1.743318385650224,-0.2905127026678197,-0.9304460626689672,0.9795,1.0005262401529276,1.0,measured moments have sampling error; kurt=raw(ref3)
nn_suite,Exp05_axis/Exp05ax-rho2/OTM_K110,2.297013574660633,-0.2961321471300741,-0.952992815919084,1.006,0.9986030438901636,1.0,measured moments have sampling error; kurt=raw(ref3)
nn_suite,Exp05_axis/Exp05ax-rho2/OTM_K125,3.1040487804878047,-0.267452861765341,-0.8974432686725597,1.0143,0.9996164946192688,1.0,measured moments have sampling error; kurt=raw(ref3)
nn_suite,Exp05_axis/Exp05ax-rho3/ATM,1.7957416267942583,-0.0571238691339202,-0.5726582125674797,0.9744,0.996861838263182,1.0,measured moments have sampling error; kurt=raw(ref3)
nn_suite,Exp05_axis/Exp05ax-rho3/OTM_K110,2.395762711864407,-0.0789736163753185,-0.4773628537599017,0.9983,0.9988178262865802,1.0,measured moments have sampling error; kurt=raw(ref3)
nn_suite,Exp05_axis/Exp05ax-rho3/OTM_K125,3.2851052631578943,-0.0568695359247335,-0.4042335979760008,1.0082,0.9998526533977508,1.0,measured moments have sampling error; kurt=raw(ref3)
nn_suite,Exp05_axis/Exp05ax-rho4/ATM,1.930672975814932,-0.182685726418409,-0.7782489492306768,0.9638,0.9981188461129128,1.0,measured moments have sampling error; kurt=raw(ref3)
nn_suite,Exp05_axis/Exp05ax-rho4/OTM_K110,2.7564567769477057,-0.2481580223153826,-0.6470335706280061,0.9911,0.9995862382760484,1.0,measured moments have sampling error; kurt=raw(ref3)
nn_suite,Exp05_axis/Exp05ax-rho4/OTM_K125,3.9457142857142857,-0.2866132764126473,-0.4913944876775935,1.0025,0.99999075827233,1.0,measured moments have sampling error; kurt=raw(ref3)
nn_suite,Exp05_axis/Exp05ax-rho5/ATM,2.8035782967032965,-0.5498683626235578,-0.272160264867376,1.0284,1.0010009188045217,1.0,measured moments have sampling error; kurt=raw(ref3)
nn_suite,Exp05_axis/Exp05ax-rho5/OTM_K110,4.749005722460659,-0.4831539645591248,-0.4217594082142351,1.0153,1.0000000077854976,1.0,measured moments have sampling error; kurt=raw(ref3)
nn_suite,Exp05_axis/Exp05ax-rho5/OTM_K125,7.578083735909823,-0.4124070743322693,-0.5262984431733577,1.0097,0.9999999999999744,1.0,measured moments have sampling error; kurt=raw(ref3)
nn_suite,Exp05_diag/Exp05dg-vkappa_s1/ATM,6.956075949367089,-0.0295354589477309,-0.3132602455007571,0.9909,0.999999999997915,1.0,measured moments have sampling error; kurt=raw(ref3)
nn_suite,Exp05_diag/Exp05dg-vkappa_s1/OTM_K110,7.344285714285713,-0.0411056317079381,-0.3420951459794628,0.9936,0.9999999999998518,1.0,measured moments have sampling error; kurt=raw(ref3)
nn_suite,Exp05_diag/Exp05dg-vkappa_s1/OTM_K125,8.0,-0.0637127392970322,-0.4388946327927798,0.9952,0.9999999999999986,1.0,measured moments have sampling error; kurt=raw(ref3)
nn_suite,Exp05_diag/Exp05dg-vkappa_s2/ATM,6.979808917197452,-0.1484950670892155,-0.2339814880998276,0.9911,0.9999999999991184,1.0,measured moments have sampling error; kurt=raw(ref3)
nn_suite,Exp05_diag/Exp05dg-vkappa_s2/OTM_K110,7.417434210526315,-0.1701987816145817,-0.2612098171400325,0.9936,0.999999999999954,1.0,measured moments have sampling error; kurt=raw(ref3)
nn_suite,Exp05_diag/Exp05dg-vkappa_s2/OTM_K125,8.041007751937984,-0.2114869434296919,-0.3486858635053629,0.9947,0.9999999999999992,1.0,measured moments have sampling error; kurt=raw(ref3)
nn_suite,Exp05_diag/Exp05dg-vkappa_s4/ATM,7.466164383561643,-0.0369297412156285,-0.2217055673561638,0.9886,0.9999999999999614,1.0,measured moments have sampling error; kurt=raw(ref3)
nn_suite,Exp05_diag/Exp05dg-vkappa_s4/OTM_K110,7.922120141342756,-0.0900882141005615,-0.2458710556782914,0.9911,0.9999999999999988,1.0,measured moments have sampling error; kurt=raw(ref3)
nn_suite,Exp05_diag/Exp05dg-vkappa_s4/OTM_K125,8.530537190082645,-0.1755123995743416,-0.351887678385816,0.9923,1.0,1.0,measured moments have sampling error; kurt=raw(ref3)
nn_suite,Exp05_diag/Exp05dg-vkappa_s8/ATM,8.514240631163707,-0.090829706778071,-0.2619390615442678,0.9678,1.0,1.0,measured moments have sampling error; kurt=raw(ref3)
nn_suite,Exp05_diag/Exp05dg-vkappa_s8/OTM_K110,8.983805668016196,-0.1916029111154158,-0.2364195452874198,0.971,1.0,1.0,measured moments have sampling error; kurt=raw(ref3)
nn_suite,Exp05_diag/Exp05dg-vkappa_s8/OTM_K125,9.58974238875878,-0.3509054223299312,-0.2123052149368303,0.973,1.0,1.0,measured moments have sampling error; kurt=raw(ref3)
nn_suite,Exp05_diag/Exp05dg-vkappa_s16/ATM,9.384507361268405,0.1000958428988452,-0.2769503746280382,0.9645,1.0,1.0,measured moments have sampling error; kurt=raw(ref3)
nn_suite,Exp05_diag/Exp05dg-vkappa_s16/OTM_K110,9.939428904428905,0.0263118253355146,-0.2786626624720489,0.9676,1.0,1.0,measured moments have sampling error; kurt=raw(ref3)
nn_suite,Exp05_diag/Exp05dg-vkappa_s16/OTM_K125,10.489058355437669,-0.1063628782005078,-0.2494197057937506,0.9697,1.0,1.0,measured moments have sampling error; kurt=raw(ref3)
nn_suite,Exp05_diag/Exp05dg-vomega_s1/ATM,8.55778947368421,-0.0609199686552197,-0.837604658428599,0.9926,1.0,1.0,measured moments have sampling error; kurt=raw(ref3)
nn_suite,Exp05_diag/Exp05dg-vomega_s1/OTM_K110,9.206888888888887,-0.0880300754578607,-0.7113382967958128,0.9944,1.0,1.0,measured moments have sampling error; kurt=raw(ref3)
nn_suite,Exp05_diag/Exp05dg-vomega_s1/OTM_K125,10.190810810810811,-0.1043007790724328,-0.5997541871438883,0.9955,1.0,1.0,measured moments have sampling error; kurt=raw(ref3)
nn_suite,Exp05_diag/Exp05dg-vomega_s2/ATM,8.802108108108108,-0.0489224221305566,-1.0221135338122471,0.9937,1.0,1.0,measured moments have sampling error; kurt=raw(ref3)
nn_suite,Exp05_diag/Exp05dg-vomega_s2/OTM_K110,9.427386363636364,-0.0494720824274395,-0.981528909062511,0.9954,1.0,1.0,measured moments have sampling error; kurt=raw(ref3)
nn_suite,Exp05_diag/Exp05dg-vomega_s2/OTM_K125,10.420137931034482,-0.0484627006300169,-0.95693563834448,0.9964,1.0,1.0,measured moments have sampling error; kurt=raw(ref3)
nn_suite,Exp05_diag/Exp05dg-vomega_s4/ATM,9.21050847457627,-0.2045188489131277,-0.8482139593920848,0.9834,1.0,1.0,measured moments have sampling error; kurt=raw(ref3)
nn_suite,Exp05_diag/Exp05dg-vomega_s4/OTM_K110,9.855074183976262,-0.2078417794902917,-0.7954229802929396,0.9858,1.0,1.0,measured moments have sampling error; kurt=raw(ref3)
nn_suite,Exp05_diag/Exp05dg-vomega_s4/OTM_K125,10.738581560283686,-0.1954617348752485,-0.7720126697957008,0.9876,1.0,1.0,measured moments have sampling error; kurt=raw(ref3)
nn_suite,Exp05_diag/Exp05dg-vomega_s8/ATM,9.522176470588237,-0.0255981966283335,-0.8781868123059922,0.9745,1.0,1.0,measured moments have sampling error; kurt=raw(ref3)
nn_suite,Exp05_diag/Exp05dg-vomega_s8/OTM_K110,10.182916666666666,-0.0049501375942791,-0.940208142669142,0.977,1.0,1.0,measured moments have sampling error; kurt=raw(ref3)
nn_suite,Exp05_diag/Exp05dg-vomega_s8/OTM_K125,10.955426497277678,0.0255054313024142,-0.9476536537650442,0.9794,1.0,1.0,measured moments have sampling error; kurt=raw(ref3)
nn_suite,Exp05_diag/Exp05dg-vomega_s16/ATM,10.54339558573854,0.2395978363232343,-0.6052106160106678,0.9904,1.0,1.0,measured moments have sampling error; kurt=raw(ref3)
nn_suite,Exp05_diag/Exp05dg-vomega_s16/OTM_K110,11.261606033717834,0.2462017047298004,-0.6998152993828533,0.9919,1.0,1.0,measured moments have sampling error; kurt=raw(ref3)
nn_suite,Exp05_diag/Exp05dg-vomega_s16/OTM_K125,12.004564102564103,0.2742032488151359,-0.7999991005677014,0.9938,1.0,1.0,measured moments have sampling error; kurt=raw(ref3)
nn_suite,Exp05_diag/Exp05dg-vxi_s1/ATM,8.400571428571428,0.1768371566254301,-0.3391858716354399,0.9956,1.0,1.0,measured moments have sampling error; kurt=raw(ref3)
nn_suite,Exp05_diag/Exp05dg-vxi_s1/OTM_K110,8.089411764705883,0.1164345519333865,-0.2831307948249515,0.9993,0.9999999999999996,1.0,measured moments have sampling error; kurt=raw(ref3)
nn_suite,Exp05_diag/Exp05dg-vxi_s1/OTM_K125,7.718620689655173,0.0018178723498609,-0.2036711503589758,1.0046,0.999999999999994,1.0,measured moments have sampling error; kurt=raw(ref3)
nn_suite,Exp05_diag/Exp05dg-vxi_s2/ATM,8.382285714285715,0.1340259701589634,-0.3598936744367953,0.9965,1.0,1.0,measured moments have sampling error; kurt=raw(ref3)
nn_suite,Exp05_diag/Exp05dg-vxi_s2/OTM_K110,8.077058823529411,0.0670609763944705,-0.2656014221087721,0.9997,0.9999999999999996,1.0,measured moments have sampling error; kurt=raw(ref3)
nn_suite,Exp05_diag/Exp05dg-vxi_s2/OTM_K125,7.716206896551724,-0.0522118797927029,-0.1621781528801151,1.0042,0.999999999999996,1.0,measured moments have sampling error; kurt=raw(ref3)
nn_suite,Exp05_diag/Exp05dg-vxi_s4/ATM,8.645333333333333,0.2837182108981294,-0.6013863460519451,0.9993,1.0,1.0,measured moments have sampling error; kurt=raw(ref3)
nn_suite,Exp05_diag/Exp05dg-vxi_s4/OTM_K110,8.408846153846154,0.253918524569596,-0.5929443726390664,1.0027,1.0,1.0,measured moments have sampling error; kurt=raw(ref3)
nn_suite,Exp05_diag/Exp05dg-vxi_s4/OTM_K125,7.965,0.1681515258413672,-0.605375372646356,1.0064,0.999999999999997,1.0,measured moments have sampling error; kurt=raw(ref3)
nn_suite,Exp05_diag/Exp05dg-vxi_s8/ATM,8.95124031007752,0.1535819671295743,-0.016183214122353,1.0033,1.0,1.0,measured moments have sampling error; kurt=raw(ref3)
nn_suite,Exp05_diag/Exp05dg-vxi_s8/OTM_K110,8.766882591093118,0.1821856674612291,0.0660213818595591,1.0064,1.0,1.0,measured moments have sampling error; kurt=raw(ref3)
nn_suite,Exp05_diag/Exp05dg-vxi_s8/OTM_K125,8.395734597156398,0.1519526715991381,0.0543329035412698,1.0097,1.0,1.0,measured moments have sampling error; kurt=raw(ref3)
nn_suite,Exp05_diag/Exp05dg-vxi_s16/ATM,11.40605,0.3276076868198822,0.5029260574696308,0.9877,1.0,1.0,measured moments have sampling error; kurt=raw(ref3)
nn_suite,Exp05_diag/Exp05dg-vxi_s16/OTM_K110,11.375702917771882,0.2879811943559784,0.4320057769668888,0.9901,1.0,1.0,measured moments have sampling error; kurt=raw(ref3)
nn_suite,Exp05_diag/Exp05dg-vxi_s16/OTM_K125,11.089779874213836,0.1381110275790193,0.1639978909452351,0.9926,1.0,1.0,measured moments have sampling error; kurt=raw(ref3)
nn_suite,Exp05_diag/Exp05dg-kappaxi_s1/ATM,2.216851851851852,-0.145989081638156,-0.8837981747945158,1.0527,0.997230009789974,1.0,measured moments have sampling error; kurt=raw(ref3)
nn_suite,Exp05_diag/Exp05dg-kappaxi_s1/OTM_K110,1.9566666666666668,-0.0906286441375069,-0.8927742671968022,1.0662,0.9954944883113408,1.0,measured moments have sampling error; kurt=raw(ref3)
nn_suite,Exp05_diag/Exp05dg-kappaxi_s1/OTM_K125,1.656875,-0.0154325993752469,-0.8250252279933536,1.0823,0.9933606367373564,1.0,measured moments have sampling error; kurt=raw(ref3)
nn_suite,Exp05_diag/Exp05dg-kappaxi_s2/ATM,2.2665714285714285,-0.0205146921379538,-1.1889844881127056,1.042,0.9946983124085788,1.0,measured moments have sampling error; kurt=raw(ref3)
nn_suite,Exp05_diag/Exp05dg-kappaxi_s2/OTM_K110,2.0019047619047616,0.0346309847048287,-1.1814527782835,1.054,0.9914951473892148,1.0,measured moments have sampling error; kurt=raw(ref3)
nn_suite,Exp05_diag/Exp05dg-kappaxi_s2/OTM_K125,1.7044086021505376,0.1208035734293662,-1.111556346491087,1.0682,0.986855939154362,1.0,measured moments have sampling error; kurt=raw(ref3)
nn_suite,Exp05_diag/Exp05dg-kappaxi_s4/ATM,2.276975609756098,0.1012151228078025,-0.7238782931675045,1.0461,0.9956970931018668,1.0,measured moments have sampling error; kurt=raw(ref3)
nn_suite,Exp05_diag/Exp05dg-kappaxi_s4/OTM_K110,2.0103902439024397,0.1357714133758014,-0.6917591029709071,1.0611,0.9930520988666264,1.0,measured moments have sampling error; kurt=raw(ref3)
nn_suite,Exp05_diag/Exp05dg-kappaxi_s4/OTM_K125,1.7093956043956045,0.1976785837906481,-0.6696200277490223,1.0748,0.9883380123689084,1.0,measured moments have sampling error; kurt=raw(ref3)
nn_suite,Exp05_diag/Exp05dg-kappaxi_s8/ATM,2.412331606217617,0.1525915389988252,0.2053881347224107,1.0051,0.9996383782367292,1.0,measured moments have sampling error; kurt=raw(ref3)
nn_suite,Exp05_diag/Exp05dg-kappaxi_s8/OTM_K110,2.159659685863874,0.2207837129087646,0.4371843860674751,1.0182,0.9995458807370986,1.0,measured moments have sampling error; kurt=raw(ref3)
nn_suite,Exp05_diag/Exp05dg-kappaxi_s8/OTM_K125,1.8655059523809523,0.3271095863622545,0.6295358425518822,1.0311,0.9972840609393864,1.0,measured moments have sampling error; kurt=raw(ref3)
nn_suite,Exp05_diag/Exp05dg-kappaxi_s16/ATM,2.882744479495268,0.2223371355757455,-0.0461423172634574,0.9692,0.999475472761877,1.0,measured moments have sampling error; kurt=raw(ref3)
nn_suite,Exp05_diag/Exp05dg-kappaxi_s16/OTM_K110,2.6234943639291464,0.2479015344662711,0.1729463582268136,0.9735,0.999357886912346,1.0,measured moments have sampling error; kurt=raw(ref3)
nn_suite,Exp05_diag/Exp05dg-kappaxi_s16/OTM_K125,2.305580110497238,0.2719206395532119,0.3496180452437776,0.9754,0.998993478568082,1.0,measured moments have sampling error; kurt=raw(ref3)
nn_suite,Exp05_diag/Exp05dg-vrho_s1/ATM,5.651923076923077,-0.207173013006016,-1.006781635266536,0.9859,0.9999999819826704,1.0,measured moments have sampling error; kurt=raw(ref3)
nn_suite,Exp05_diag/Exp05dg-vrho_s1/OTM_K110,6.186447368421052,-0.2425570669074706,-0.9491353054534506,0.9906,0.9999999992280958,1.0,measured moments have sampling error; kurt=raw(ref3)
nn_suite,Exp05_diag/Exp05dg-vrho_s1/OTM_K125,6.9789393939393936,-0.2749525925345381,-0.8897878543448958,0.9949,0.9999999999956056,1.0,measured moments have sampling error; kurt=raw(ref3)
nn_suite,Exp05_diag/Exp05dg-vrho_s2/ATM,5.563647798742139,-0.2021943945572846,-1.08300760500432,0.9895,0.9999999683047142,1.0,measured moments have sampling error; kurt=raw(ref3)
nn_suite,Exp05_diag/Exp05dg-vrho_s2/OTM_K110,6.162483660130719,-0.2184437743277454,-1.057200895130231,0.9937,0.9999999989689954,1.0,measured moments have sampling error; kurt=raw(ref3)
nn_suite,Exp05_diag/Exp05dg-vrho_s2/OTM_K125,6.891940298507463,-0.2374097313303817,-1.0357238053557705,0.9971,0.9999999999902636,1.0,measured moments have sampling error; kurt=raw(ref3)
nn_suite,Exp05_diag/Exp05dg-vrho_s4/ATM,6.031224489795918,-0.096607707265679,-1.0434016671223203,0.9792,0.9999999975941034,1.0,measured moments have sampling error; kurt=raw(ref3)
nn_suite,Exp05_diag/Exp05dg-vrho_s4/OTM_K110,6.64862676056338,-0.0971629833314753,-1.030276611580765,0.9844,0.999999999947195,1.0,measured moments have sampling error; kurt=raw(ref3)
nn_suite,Exp05_diag/Exp05dg-vrho_s4/OTM_K125,7.487004048582996,-0.0876206751400149,-1.0223205533635944,0.9886,0.9999999999998396,1.0,measured moments have sampling error; kurt=raw(ref3)
nn_suite,Exp05_diag/Exp05dg-vrho_s8/ATM,6.489222222222222,-0.1995554716045158,-0.3842739900221312,0.9703,0.9999999999609614,1.0,measured moments have sampling error; kurt=raw(ref3)
nn_suite,Exp05_diag/Exp05dg-vrho_s8/OTM_K110,7.169021113243763,-0.194994699266505,-0.399174453584044,0.9761,0.9999999999995344,1.0,measured moments have sampling error; kurt=raw(ref3)
nn_suite,Exp05_diag/Exp05dg-vrho_s8/OTM_K125,8.022056892778993,-0.1638297469785105,-0.434028716888176,0.9815,0.9999999999999992,1.0,measured moments have sampling error; kurt=raw(ref3)
nn_suite,Exp05_diag/Exp05dg-vrho_s16/ATM,7.426171617161716,-0.0687393977224738,-0.3456142930287589,0.9798,0.999999999999921,1.0,measured moments have sampling error; kurt=raw(ref3)
nn_suite,Exp05_diag/Exp05dg-vrho_s16/OTM_K110,8.218794084186575,-0.1122802648522156,-0.2523280338989031,0.9845,0.9999999999999998,1.0,measured moments have sampling error; kurt=raw(ref3)
nn_suite,Exp05_diag/Exp05dg-vrho_s16/OTM_K125,9.13370038412292,-0.1592325607699355,-0.1422584589385827,0.9898,1.0,1.0,measured moments have sampling error; kurt=raw(ref3)
nn_suite,Exp05_diag/Exp05dg-all5_s1/ATM,7.244214285714287,-0.1704559894507399,-0.5328864861453106,1.003,0.999999999999585,1.0,measured moments have sampling error; kurt=raw(ref3)
nn_suite,Exp05_diag/Exp05dg-all5_s1/OTM_K110,7.701555555555554,-0.2164882129185948,-0.4105450127614891,1.0064,0.9999999999999902,1.0,measured moments have sampling error; kurt=raw(ref3)
nn_suite,Exp05_diag/Exp05dg-all5_s1/OTM_K125,8.318879310344828,-0.2407429726252555,-0.3783034198699839,1.0089,1.0,1.0,measured moments have sampling error; kurt=raw(ref3)
nn_suite,Exp05_diag/Exp05dg-all5_s2/ATM,7.394618181818181,-0.1847610072066196,-0.5766681855221658,0.9992,0.9999999999998468,1.0,measured moments have sampling error; kurt=raw(ref3)
nn_suite,Exp05_diag/Exp05dg-all5_s2/OTM_K110,7.807116104868914,-0.2571679978981856,-0.4158263002871392,1.0026,0.9999999999999958,1.0,measured moments have sampling error; kurt=raw(ref3)
nn_suite,Exp05_diag/Exp05dg-all5_s2/OTM_K125,8.348060344827587,-0.3102213198488489,-0.3505021670686155,1.0048,1.0,1.0,measured moments have sampling error; kurt=raw(ref3)
nn_suite,Exp05_diag/Exp05dg-all5_s4/ATM,7.831965317919075,-0.3500469121618594,0.2367834636916304,0.9801,1.000000000000005,1.0,measured moments have sampling error; kurt=raw(ref3)
nn_suite,Exp05_diag/Exp05dg-all5_s4/OTM_K110,8.254891089108911,-0.4407601764513903,0.4213659505589007,0.9844,1.0000000000000002,1.0,measured moments have sampling error; kurt=raw(ref3)
nn_suite,Exp05_diag/Exp05dg-all5_s4/OTM_K125,8.802290249433106,-0.5133823002677078,0.5216488979408038,0.988,1.0,1.0,measured moments have sampling error; kurt=raw(ref3)
nn_suite,Exp05_diag/Exp05dg-all5_s8/ATM,9.007508455467873,0.2904926423131512,-0.4312741768384143,0.9753,1.0,1.0,measured moments have sampling error; kurt=raw(ref3)
nn_suite,Exp05_diag/Exp05dg-all5_s8/OTM_K110,9.634314185228604,0.2375539495697812,-0.4771390148201666,0.9789,1.0,1.0,measured moments have sampling error; kurt=raw(ref3)
nn_suite,Exp05_diag/Exp05dg-all5_s8/OTM_K125,10.34739247311828,0.1709433340178819,-0.4948875254855114,0.9827,1.0,1.0,measured moments have sampling error; kurt=raw(ref3)
nn_suite,Exp05_diag/Exp05dg-all5_s16/ATM,9.72747899159664,-0.7005725425897451,0.4973840830463611,0.998,1.0,1.0,measured moments have sampling error; kurt=raw(ref3)
nn_suite,Exp05_diag/Exp05dg-all5_s16/OTM_K110,10.62182561307902,-0.6786221326380394,0.323076008780033,0.9986,1.0,1.0,measured moments have sampling error; kurt=raw(ref3)
nn_suite,Exp05_diag/Exp05dg-all5_s16/OTM_K125,11.62387274155538,-0.6726689413242076,0.195552473361749,0.9998,1.0,1.0,measured moments have sampling error; kurt=raw(ref3)
nn_suite,Exp06/Exp06-G1/ATM,3.366071428571429,0.1076634148152673,-0.963489396120969,1.005,0.9996098592264008,1.0,measured moments have sampling error; kurt=raw(ref3)
nn_suite,Exp06/Exp06-G1/OTM_K110,3.684814814814815,0.122389518112795,-0.9432541846489664,1.0094,0.9998611268382094,1.0,measured moments have sampling error; kurt=raw(ref3)
nn_suite,Exp06/Exp06-G1/OTM_K125,3.9275,0.1161542868247641,-0.8648064458442719,1.0114,0.9999458760172222,1.0,measured moments have sampling error; kurt=raw(ref3)
nn_suite,Exp06/Exp06-G2/ATM,1.732222222222222,-0.398582503137519,-0.5817600662160114,0.9676,1.0067096998281526,1.0,measured moments have sampling error; kurt=raw(ref3)
nn_suite,Exp06/Exp06-G2/OTM_K110,2.2624444444444443,-0.4244579008571236,-0.5795130473653396,0.9977,1.001647320612049,1.0,measured moments have sampling error; kurt=raw(ref3)
nn_suite,Exp06/Exp06-G2/OTM_K125,3.114390243902439,-0.3930952155084823,-0.5300349936440396,1.0115,1.0000239033152936,1.0,measured moments have sampling error; kurt=raw(ref3)
nn_suite,Exp06/Exp06-G3/ATM,7.988652482269503,-0.1329370638402032,-0.599627443475947,1.0026,0.999999999999998,1.0,measured moments have sampling error; kurt=raw(ref3)
nn_suite,Exp06/Exp06-G3/OTM_K110,8.592014925373135,-0.1972349677618999,-0.4835655768525813,1.0043,1.0,1.0,measured moments have sampling error; kurt=raw(ref3)
nn_suite,Exp06/Exp06-G3/OTM_K125,9.403660714285714,-0.2528504936144645,-0.4278126914611038,1.0054,1.0,1.0,measured moments have sampling error; kurt=raw(ref3)
nn_suite,Exp06/Exp06-H1/ATM,3.4190909090909094,0.1044241015177838,-0.9408044459206653,1.0047,0.9996768105032118,1.0,measured moments have sampling error; kurt=raw(ref3)
nn_suite,Exp06/Exp06-H1/OTM_K110,3.610909090909091,0.1171311557936834,-0.9230053454585057,1.0087,0.9998261704107108,1.0,measured moments have sampling error; kurt=raw(ref3)
nn_suite,Exp06/Exp06-H1/OTM_K125,3.764,0.1066928369882974,-0.8460068230571158,1.01,0.9999055974722844,1.0,measured moments have sampling error; kurt=raw(ref3)
nn_suite,Exp06/Exp06-H2/ATM,3.442477064220183,0.0020125314777686,-0.8687389656732174,0.9984,0.9997561495615506,1.0,measured moments have sampling error; kurt=raw(ref3)
nn_suite,Exp06/Exp06-H2/OTM_K110,3.668148148148149,0.0175343558355303,-0.8737020484553737,1.0028,0.9998791192297504,1.0,measured moments have sampling error; kurt=raw(ref3)
nn_suite,Exp06/Exp06-H2/OTM_K125,3.954315789473684,0.0215485963519354,-0.8417602817186642,1.0049,0.9999571758802168,1.0,measured moments have sampling error; kurt=raw(ref3)
nn_suite,Exp06/Exp06-H3/ATM,2.07,-0.4609036005409807,0.7211065183642473,0.9376,1.0115800260145724,1.0,measured moments have sampling error; kurt=raw(ref3)
nn_suite,Exp06/Exp06-H3/OTM_K110,2.999032258064516,-0.3511142197731154,0.2820897740192487,0.9337,1.0007985114712237,1.0,measured moments have sampling error; kurt=raw(ref3)
nn_suite,Exp06/Exp06-H3/OTM_K125,4.028888888888889,-0.2435857019792288,-0.3229870406451032,0.938,0.9999975492746046,1.0,measured moments have sampling error; kurt=raw(ref3)
nn_suite,Exp06/Exp06-H4/ATM,1.743888888888889,-0.4430853546907725,-0.4669940360844911,0.9575,1.0087427758666176,1.0,measured moments have sampling error; kurt=raw(ref3)
nn_suite,Exp06/Exp06-H4/OTM_K110,2.273333333333333,-0.4705394253785214,-0.460685393640071,0.9905,1.0025940988673003,1.0,measured moments have sampling error; kurt=raw(ref3)
nn_suite,Exp06/Exp06-H4/OTM_K125,3.014705882352941,-0.437296903026278,-0.4006460755080612,1.0069,1.0002381859585805,1.0,measured moments have sampling error; kurt=raw(ref3)
nn_suite,Exp06/Exp06-H5/ATM,8.33925925925926,-0.1004130423745227,-0.5590827923130486,0.9911,0.9999999999999998,1.0,measured moments have sampling error; kurt=raw(ref3)
nn_suite,Exp06/Exp06-H5/OTM_K110,8.855,-0.1680378467624521,-0.4274425724068638,0.9932,1.0,1.0,measured moments have sampling error; kurt=raw(ref3)
nn_suite,Exp06/Exp06-H5/OTM_K125,9.568181818181818,-0.221575588514181,-0.3489132645869497,0.9947,1.0,1.0,measured moments have sampling error; kurt=raw(ref3)
nn_suite,Exp09/Exp09-W1_luna/ATM,5.333788819875777,0.9970854644132476,2.523968730882939,0.999,1.0000001987562623,1.0,measured moments have sampling error; kurt=raw(ref3)
nn_suite,Exp09/Exp09-W1_luna/OTM_K110,5.469812500000001,0.9837079355703392,2.471019874171983,0.9989,1.000000096688965,1.0,measured moments have sampling error; kurt=raw(ref3)
nn_suite,Exp09/Exp09-W1_luna/OTM_K125,5.546093418259023,0.9987172085635206,2.512673274844333,0.9988,1.0000000660115769,1.0,measured moments have sampling error; kurt=raw(ref3)
nn_suite,Exp09/Exp09-W2_ftx/ATM,9.96116504854369,-0.2555370834087708,0.0316014546190945,1.0005,1.0,1.0,measured moments have sampling error; kurt=raw(ref3)
nn_suite,Exp09/Exp09-W2_ftx/OTM_K110,10.47044776119403,-0.2820865571601096,0.0325070033636776,1.0014,1.0,1.0,measured moments have sampling error; kurt=raw(ref3)
nn_suite,Exp09/Exp09-W2_ftx/OTM_K125,10.71109947643979,-0.2528294645194469,-0.0403757573799135,1.0018,1.0,1.0,measured moments have sampling error; kurt=raw(ref3)
nn_suite,Exp09/Exp09-W3_etf/ATM,9.51432558139535,-0.8563934967837707,1.6613407546511407,1.0015,1.0,1.0,measured moments have sampling error; kurt=raw(ref3)
nn_suite,Exp09/Exp09-W3_etf/OTM_K110,9.899150943396226,-0.8093016837977054,1.5565405240866612,1.0022,1.0,1.0,measured moments have sampling error; kurt=raw(ref3)
nn_suite,Exp09/Exp09-W3_etf/OTM_K125,10.095621890547264,-0.817941159256873,1.6066981639510924,1.0025,1.0,1.0,measured moments have sampling error; kurt=raw(ref3)
nn_suite,Exp09/Exp09-W4_stab/ATM,7.772219101123596,-0.1015810205043409,-0.578657967463386,1.0416,0.9999999999999898,1.0,measured moments have sampling error; kurt=raw(ref3)
nn_suite,Exp09/Exp09-W4_stab/OTM_K110,8.232514792899408,-0.1325799142411544,-0.5379467552293282,1.0392,0.9999999999999998,1.0,measured moments have sampling error; kurt=raw(ref3)
nn_suite,Exp09/Exp09-W4_stab/OTM_K125,8.58887323943662,-0.1898771643116157,-0.4746227911435863,1.0353,1.0,1.0,measured moments have sampling error; kurt=raw(ref3)
nn_suite,KouAB_stageA/KouA-A/ATM,7.638536585365853,0.1453992814162566,-1.4203866343220184,0.9681,0.99999999999992,1.0,measured moments have sampling error; kurt=raw(ref3)
nn_suite,KouAB_stageA/KouA-A/OTM_K110,7.938999999999999,0.220483315777964,-1.4679753166317415,0.9768,0.9999999999999916,1.0,measured moments have sampling error; kurt=raw(ref3)
nn_suite,KouAB_stageA/KouA-A/OTM_K125,8.096486486486487,0.29641718600304,-1.4425687925990505,0.9861,0.9999999999999976,1.0,measured moments have sampling error; kurt=raw(ref3)
nn_suite,KouAB_stageA/KouA-B/ATM,7.421566820276499,0.1434690371187114,-1.251137923779012,0.9537,0.9999999999996472,1.0,measured moments have sampling error; kurt=raw(ref3)
nn_suite,KouAB_stageA/KouA-B/OTM_K110,7.696084905660377,0.2187265455628787,-1.303776724241842,0.9635,0.9999999999999508,1.0,measured moments have sampling error; kurt=raw(ref3)
nn_suite,KouAB_stageA/KouA-B/OTM_K125,7.8575,0.2969621834863263,-1.2904577209012027,0.9728,0.9999999999999856,1.0,measured moments have sampling error; kurt=raw(ref3)
nn_suite,KouAB_stageA/KouA-C/ATM,8.232468827930175,0.4375970067461642,-1.3566893489532228,0.92,0.9999999999999992,1.0,measured moments have sampling error; kurt=raw(ref3)
nn_suite,KouAB_stageA/KouA-C/OTM_K110,8.395427135678391,0.4521660615976609,-1.3783737269809495,0.931,0.9999999999999998,1.0,measured moments have sampling error; kurt=raw(ref3)
nn_suite,KouAB_stageA/KouA-C/OTM_K125,8.48454301075269,0.4907445547699445,-1.3465210526947755,0.9402,0.9999999999999998,1.0,measured moments have sampling error; kurt=raw(ref3)
nn_suite,KouAB_stageA/KouA-D/ATM,7.941820258948972,-0.5583522326633293,-0.402771058331814,0.8743,0.9999999999999992,1.0,measured moments have sampling error; kurt=raw(ref3)
nn_suite,KouAB_stageA/KouA-D/OTM_K110,7.765397058823528,-0.6549627565368236,-0.2708117572128095,0.884,1.0000000000000016,1.0,measured moments have sampling error; kurt=raw(ref3)
nn_suite,KouAB_stageA/KouA-D/OTM_K125,7.551816126601357,-0.7079615952591538,-0.1761916413092752,0.8939,1.0000000000000209,1.0,measured moments have sampling error; kurt=raw(ref3)
nn_suite,KouAB_stageB/KouB-A/ATM,5.783684210526316,-0.555650909802993,2.060229091467612,0.958,1.0000000249603878,1.0,measured moments have sampling error; kurt=raw(ref3)
nn_suite,KouAB_stageB/KouB-A/OTM_K110,6.192962962962963,-0.5207606174146594,1.8656124685985624,0.9601,1.0000000020822573,1.0,measured moments have sampling error; kurt=raw(ref3)
nn_suite,KouAB_stageB/KouB-A/OTM_K125,6.313999999999999,-0.50857527777051,1.5603255585936049,0.9612,1.000000000852562,1.0,measured moments have sampling error; kurt=raw(ref3)
nn_suite,KouAB_stageB/KouB-B/ATM,5.720415224913496,-0.5621672613749304,1.8450992487103648,0.9636,1.0000000325260552,1.0,measured moments have sampling error; kurt=raw(ref3)
nn_suite,KouAB_stageB/KouB-B/OTM_K110,6.055884476534296,-0.5391007167559068,1.611030142843919,0.9654,1.0000000042104331,1.0,measured moments have sampling error; kurt=raw(ref3)
nn_suite,KouAB_stageB/KouB-B/OTM_K125,6.241338582677166,-0.5276345400521267,1.2746757212724198,0.9663,1.0000000011399166,1.0,measured moments have sampling error; kurt=raw(ref3)
nn_suite,KouAB_stageB/KouB-C/ATM,6.145185185185185,-0.2152122013317638,0.2079612218835733,0.9609,1.0000000004413443,1.0,measured moments have sampling error; kurt=raw(ref3)
nn_suite,KouAB_stageB/KouB-C/OTM_K110,6.462936660268714,-0.2455519677227796,0.169023464884698,0.9633,1.0000000000579443,1.0,measured moments have sampling error; kurt=raw(ref3)
nn_suite,KouAB_stageB/KouB-C/OTM_K125,6.60792531120332,-0.2999233890524671,0.1049434613463375,0.9649,1.0000000000205869,1.0,measured moments have sampling error; kurt=raw(ref3)
nn_suite,KouAB_stageB/KouB-D/ATM,6.509074803149606,-0.0413666849551632,-0.6878045085582949,0.9857,0.9999999999117988,1.0,measured moments have sampling error; kurt=raw(ref3)
nn_suite,KouAB_stageB/KouB-D/OTM_K110,6.801476736345246,-0.0566440845637438,-0.7135477068975522,0.9867,0.9999999999864552,1.0,measured moments have sampling error; kurt=raw(ref3)
nn_suite,KouAB_stageB/KouB-D/OTM_K125,6.981994177583696,-0.0703317187764953,-0.74225180619128,0.9878,0.9999999999958604,1.0,measured moments have sampling error; kurt=raw(ref3)
nn_suite,KouBTC/KouBTC-Luna_pre/ATM,4.924017857142857,0.0634958437975587,-0.378156325969639,1.0519,0.9999996316554712,1.0,measured moments have sampling error; kurt=raw(ref3)
nn_suite,KouBTC/KouBTC-Luna_pre/OTM_K110,5.097033248081841,0.0658604870328679,-0.3638753793117497,1.0498,0.9999998446324506,1.0,measured moments have sampling error; kurt=raw(ref3)
nn_suite,KouBTC/KouBTC-Luna_pre/OTM_K125,5.295148005148005,0.0690740653258355,-0.3470706833195396,1.0474,0.9999999444517116,1.0,measured moments have sampling error; kurt=raw(ref3)
nn_suite,KouBTC/KouBTC-Luna_post/ATM,5.4134131971720345,-0.4142298762508031,-0.3096211182473491,0.9644,1.00000000054713,1.0,measured moments have sampling error; kurt=raw(ref3)
nn_suite,KouBTC/KouBTC-Luna_post/OTM_K110,5.441977334896444,-0.4142750828766468,-0.309409496573453,0.9646,1.0000000003717708,1.0,measured moments have sampling error; kurt=raw(ref3)
nn_suite,KouBTC/KouBTC-Luna_post/OTM_K125,5.475033035367275,-0.413777617626037,-0.3086094251675506,0.9647,1.0000000002246916,1.0,measured moments have sampling error; kurt=raw(ref3)
nn_suite,KouBTC/KouBTC-FTX_pre/ATM,7.43293670886076,-0.5408217455888219,-0.2480082740165059,1.0068,1.0000000000000118,1.0,measured moments have sampling error; kurt=raw(ref3)
nn_suite,KouBTC/KouBTC-FTX_pre/OTM_K110,7.6664987405541565,-0.5330446923275959,-0.2370415146851519,1.0072,1.000000000000002,1.0,measured moments have sampling error; kurt=raw(ref3)
nn_suite,KouBTC/KouBTC-FTX_pre/OTM_K125,7.9385421994884915,-0.52184172098946,-0.2314631119304673,1.0077,1.0000000000000002,1.0,measured moments have sampling error; kurt=raw(ref3)
nn_suite,KouBTC/KouBTC-FTX_post/ATM,5.794826700898588,-0.1388137493613743,-0.4135156827079562,0.9864,0.999999996995272,1.0,measured moments have sampling error; kurt=raw(ref3)
nn_suite,KouBTC/KouBTC-FTX_post/OTM_K110,5.99086118251928,-0.131266870717561,-0.4116443063818962,0.9858,0.9999999989986068,1.0,measured moments have sampling error; kurt=raw(ref3)
nn_suite,KouBTC/KouBTC-FTX_post/OTM_K125,6.227966321243523,-0.1174592469469471,-0.4092487864025069,0.9851,0.9999999997470634,1.0,measured moments have sampling error; kurt=raw(ref3)
nn_suite,KouBTC/KouBTC-ETF_pre/ATM,9.712218844984804,0.3419739886747808,-0.8776635418323107,1.0183,1.0,1.0,measured moments have sampling error; kurt=raw(ref3)
nn_suite,KouBTC/KouBTC-ETF_pre/OTM_K110,10.01630303030303,0.3470921429344344,-0.8570903768782272,1.0177,1.0,1.0,measured moments have sampling error; kurt=raw(ref3)
nn_suite,KouBTC/KouBTC-ETF_pre/OTM_K125,10.333415384615384,0.3521853553770857,-0.8316381064461682,1.0171,1.0,1.0,measured moments have sampling error; kurt=raw(ref3)
nn_suite,KouBTC/KouBTC-ETF_post/ATM,6.177869918699187,0.2955486913377592,0.0044385241542772,0.9849,0.9999999998019214,1.0,measured moments have sampling error; kurt=raw(ref3)
nn_suite,KouBTC/KouBTC-ETF_post/OTM_K110,6.409544715447155,0.2554621988520365,-0.0758249354941509,0.9857,0.9999999999403286,1.0,measured moments have sampling error; kurt=raw(ref3)
nn_suite,KouBTC/KouBTC-ETF_post/OTM_K125,6.671192810457517,0.2027258928538867,-0.1661096953101104,0.9865,0.9999999999863528,1.0,measured moments have sampling error; kurt=raw(ref3)
b10_null,P1-I-bfly_w0.25,1.7285517849031655,0.0,0.3267689309293802,1.0192850626877534,1.0027503110387628,1.0,gamma2~0 null anchor; skew unused
b10_null,P1-I-dig_K+0.368,8.545766169997385,0.0,0.3890450393101763,0.9800801942468942,1.0,1.0,gamma2~0 null anchor; skew unused
b10_null,P1-I-bfly_w0.50,9.1617263871499,0.0,0.5624627590070137,1.0097669644717695,1.0,1.0,gamma2~0 null anchor; skew unused
b10_null,P1-I-dig_K-0.361,9.24392605214475,0.0,0.3146399590092379,1.0089193899805926,1.0,1.0,gamma2~0 null anchor; skew unused
b10_null,P1-I-bfly_w1.00,10.15829088153558,0.0,0.5310190665871652,1.0087874398793135,1.0,1.0,gamma2~0 null anchor; skew unused
b10_null,P1-R-th0.05_k2,0.0500000000000006,0.0,0.5819551510873877,0.8992951555554273,0.9758728571800028,1.0,gamma2~0 null anchor; skew unused
b10_null,P1-R-th0.05_k1,0.0500000000000012,0.0,-0.1006993880585036,0.9561958609141484,1.0041748724330977,1.0,gamma2~0 null anchor; skew unused
b10_null,P1-R-th0.15_k1,0.1499999999999985,0.0,-0.0952605688173378,0.9512766120614464,1.0037938782170308,1.0,gamma2~0 null anchor; skew unused
b10_null,P1-R-th0.15_k2,0.1500000000000381,0.0,0.5683860196008625,0.8645017437021603,0.9773632745909449,1.0,gamma2~0 null anchor; skew unused
b10_null,P1-R-th0.2000_k1_bisect,0.1999999999999955,0.0,-0.0924853177763469,0.951983628948932,1.0035552897117663,1.0,gamma2~0 null anchor; skew unused
b10_null,P1-R-th0.2000_k2_bisect,0.2000000000000012,0.0,0.5615419738628264,0.8483460887577875,0.9784133908992204,1.0,gamma2~0 null anchor; skew unused
b10_null,P1-R-th0.25_k1,0.24999999999998,0.0,-0.089674119803949,0.9528716080476064,1.003292756505019,1.0,gamma2~0 null anchor; skew unused
b10_null,P1-R-th0.25_k2,0.2500000000000008,0.0,0.5546617295122203,0.8355763549279529,0.9796332986381212,1.0,gamma2~0 null anchor; skew unused
b10_null,P1-R-th0.3250_k2_bisect,0.3249999999999989,0.0,0.5442792067054527,0.8214293823767952,0.9817176197962828,1.0,gamma2~0 null anchor; skew unused
b10_null,P1-R-th0.3250_k1_bisect,0.3249999999999998,0.0,-0.0853920301511994,0.9507196813600868,1.0028683248273278,1.0,gamma2~0 null anchor; skew unused
b10_null,P1-R-th0.40_k2,0.4000000000000003,0.0,0.5338299933567394,0.8119693810674576,0.984014505572725,1.0,gamma2~0 null anchor; skew unused
b10_null,P1-R-th0.40_k1,0.4000000000000012,0.0,-0.0810344876921131,0.9503763451779058,1.0024265709449445,1.0,gamma2~0 null anchor; skew unused
b10_null,P1-R-th0.60_k1,0.5999999999999971,0.0,-0.0690703868231863,0.9442280693322708,1.0013095678149455,1.0,gamma2~0 null anchor; skew unused
b10_null,P1-R-th0.60_k2,0.6000000000000065,0.0,0.5057076935956442,0.795210666589125,0.9904118313250728,1.0,gamma2~0 null anchor; skew unused
b10_null,P1-R-th0.80_k2,0.8000000000000008,0.0,0.477347241839742,0.8082433535976012,0.9960126430001855,1.0,gamma2~0 null anchor; skew unused
b10_null,P1-R-th0.80_k1,0.8000000000000019,0.0,-0.0566552985880206,0.9383039611306052,1.0004732506686975,1.0,gamma2~0 null anchor; skew unused
b10_null,P1-R-th1.00_k2,1.000000000000001,0.0,0.4489239663793638,0.8365049749155942,1.0,1.0,gamma2~0 null anchor; skew unused
b10_null,P1-R-th1.00_k1,1.0000000000000018,0.0,-0.0438518350632151,0.9504820395990148,1.0,1.0,gamma2~0 null anchor; skew unused
b10_null,P1-R-theta0,9.888944309666082,0.0,0.8630492764041588,0.9970041084004648,1.0,1.0,gamma2~0 null anchor; skew unused
b10_null,P2-I-bfly_w0.25,1.1850000510193643,0.0,-0.3358857379076689,0.9692414947122332,0.998280339945749,1.0,gamma2~0 null anchor; skew unused
b10_null,P2-I-dig_K+0.403,4.977935548305648,0.0,0.4280319990401797,0.9628434578000048,1.0000002828071313,1.0,gamma2~0 null anchor; skew unused
b10_null,P2-I-bfly_w0.50,5.2306980296977015,0.0,0.0936432560875344,0.9995799171351506,1.0000000179639592,1.0,gamma2~0 null anchor; skew unused
b10_null,P2-I-dig_K-0.266,5.582319595446761,0.0,1.4422377965487687,1.0062238604510787,1.0000000443210044,1.0,gamma2~0 null anchor; skew unused
b10_null,P2-I-bfly_w1.00,6.201705108984661,0.0,1.2955661970580916,1.0027089984035396,1.000000001157515,1.0,gamma2~0 null anchor; skew unused
b10_null,P2-R-th0.05_k2,0.0499999999999993,0.0,0.1909018786190497,0.992721178971454,0.9920854435579076,1.0,gamma2~0 null anchor; skew unused
b10_null,P2-R-th0.05_k1,0.0500000000000015,0.0,-0.1207143427493933,1.0220329215181987,1.0050046677694917,1.0,gamma2~0 null anchor; skew unused
b10_null,P2-R-th0.15_k2,0.1500000000000018,0.0,0.1916431698313334,0.9866751973523544,0.9923675571488558,1.0,gamma2~0 null anchor; skew unused
b10_null,P2-R-th0.15_k1,0.1500000000000055,0.0,-0.1076234247422776,1.004625273651078,1.0042862453147317,1.0,gamma2~0 null anchor; skew unused
b10_null,P2-R-th0.2000_k1_bisect,0.1999999999999994,0.0,-0.1007726587205843,0.9947524640034844,1.0038738689057978,1.0,gamma2~0 null anchor; skew unused
b10_null,P2-R-th0.2000_k2_bisect,0.200000000000011,0.0,0.1922397704422134,0.9839273052897588,0.9926099829196858,1.0,gamma2~0 null anchor; skew unused
b10_null,P2-R-th0.25_k1,0.2500000000000003,0.0,-0.0937180897311957,0.9829802213336586,1.003441247600478,1.0,gamma2~0 null anchor; skew unused
b10_null,P2-R-th0.25_k2,0.2500000000000011,0.0,0.1929938339580044,0.9805908714518354,0.9929134325089214,1.0,gamma2~0 null anchor; skew unused
b10_null,P2-R-th0.3250_k1_bisect,0.325,0.0,-0.0827540544689391,0.962575555280386,1.002779715022292,1.0,gamma2~0 null anchor; skew unused
b10_null,P2-R-th0.3250_k2_bisect,0.3250000000000001,0.0,0.1944310327249736,0.9717610709098552,0.9934690467321068,1.0,gamma2~0 null anchor; skew unused
b10_null,P2-R-th0.40_k1,0.3999999999999998,0.0,-0.0713318148490573,0.9532721427805568,1.0021360252195404,1.0,gamma2~0 null anchor; skew unused
b10_null,P2-R-th0.40_k2,0.4000000000000004,0.0,0.1962500095137209,0.9700421467760896,0.9941233099067592,1.0,gamma2~0 null anchor; skew unused
b10_null,P2-R-th0.60_k2,0.6000000000000005,0.0,0.2030843890223357,0.9932633211076072,0.9961495397403471,1.0,gamma2~0 null anchor; skew unused
b10_null,P2-R-th0.60_k1,0.600000000000001,0.0,-0.0386426694178991,0.953369671033075,1.0007326612529737,1.0,gamma2~0 null anchor; skew unused
b10_null,P2-R-th0.80_k1,0.800000000000001,0.0,-0.0027490463259618,0.9590541241891896,1.000022963218701,1.0,gamma2~0 null anchor; skew unused
b10_null,P2-R-th0.80_k2,0.8000000000000094,0.0,0.2130173815391098,1.0176203044369412,0.9982206321249736,1.0,gamma2~0 null anchor; skew unused
b10_null,P2-R-th1.00_k1,1.0,0.0,0.0362702132269152,0.9757236303531344,1.0,1.0,gamma2~0 null anchor; skew unused
b10_null,P2-R-th1.00_k2,1.0000000000000004,0.0,0.2262872660641686,1.0218702060623095,1.0,1.0,gamma2~0 null anchor; skew unused
b10_null,P2-R-theta0,5.878429234068025,0.0,0.8789712481828191,0.987958021180664,1.0000000052298177,1.0,gamma2~0 null anchor; skew unused
b10_null,P3-I-bfly_w0.25,1.0198373382785306,0.0,-0.1403162840894576,1.0558875487984274,0.999905852667931,1.0,gamma2~0 null anchor; skew unused
b10_null,P3-I-bfly_w0.50,5.533335540575691,0.0,0.5637646828144445,1.058608238109022,1.0000000225331152,1.0,gamma2~0 null anchor; skew unused
b10_null,P3-I-dig_K+0.395,6.945554444278587,0.0,0.1290148262834312,0.9896430717990724,1.0000000000009766,1.0,gamma2~0 null anchor; skew unused
b10_null,P3-I-dig_K-0.344,7.632796770300064,0.0,-0.0723417360499873,1.039597424823571,0.999999999999996,1.0,gamma2~0 null anchor; skew unused
b10_null,P3-I-bfly_w1.00,8.561945747560285,0.0,0.0155267375374825,1.0428567731356595,1.0,1.0,gamma2~0 null anchor; skew unused
b10_null,P3-R-th0.05_k2,0.0499999999999974,0.0,0.719910420279334,0.9872525951648524,0.9701534018639943,1.0,gamma2~0 null anchor; skew unused
b10_null,P3-R-th0.05_k1,0.050000000000002,0.0,-0.3677807915318993,0.993096105163229,1.0152477380209823,1.0,gamma2~0 null anchor; skew unused
b10_null,P3-R-th0.15_k2,0.1499999999999995,0.0,0.7089352895951686,1.0297470233883737,0.9717657139163548,1.0,gamma2~0 null anchor; skew unused
b10_null,P3-R-th0.15_k1,0.1499999999999997,0.0,-0.3680552135123163,0.9999428105434084,1.014658285947111,1.0,gamma2~0 null anchor; skew unused
b10_null,P3-R-th0.2000_k1_bisect,0.1999999999999969,0.0,-0.368103737510661,0.9997359578516286,1.0141505209940365,1.0,gamma2~0 null anchor; skew unused
b10_null,P3-R-th0.2000_k2_bisect,0.1999999999999996,0.0,0.7031526324754243,1.046804284161034,0.9729696412344432,1.0,gamma2~0 null anchor; skew unused
b10_null,P3-R-th0.25_k1,0.2499999999999813,0.0,-0.3680942399273124,0.9995665945198472,1.013516103705623,1.0,gamma2~0 null anchor; skew unused
b10_null,P3-R-th0.25_k2,0.2500000000000013,0.0,0.6971754410818938,1.0610127089809025,0.9744003177975916,1.0,gamma2~0 null anchor; skew unused
b10_null,P3-R-th0.3250_k2_bisect,0.3250000000000009,0.0,0.6878487215398028,1.0773587980417965,0.9768951088064678,1.0,gamma2~0 null anchor; skew unused
b10_null,P3-R-th0.3250_k1_bisect,0.3250000000000018,0.0,-0.3679730682459117,0.9986874911099918,1.0123602435211911,1.0,gamma2~0 null anchor; skew unused
b10_null,P3-R-th0.40_k1,0.3999999999999983,0.0,-0.3677262123132707,0.993606052815998,1.0110115306199523,1.0,gamma2~0 null anchor; skew unused
b10_null,P3-R-th0.40_k2,0.4000000000000053,0.0,0.6780943947344977,1.0935779691074452,0.9796945201598088,1.0,gamma2~0 null anchor; skew unused
b10_null,P3-R-th0.60_k2,0.5999999999999988,0.0,0.650043215657532,1.1210719834308749,0.9876752438678535,1.0,gamma2~0 null anchor; skew unused
b10_null,P3-R-th0.60_k1,0.599999999999999,0.0,-0.3664768586640257,0.9892664397472823,1.00694836558911,1.0,gamma2~0 null anchor; skew unused
b10_null,P3-R-th0.80_k2,0.8000000000000014,0.0,0.6191357792327983,1.1271390826519612,0.9948282609245948,1.0,gamma2~0 null anchor; skew unused
b10_null,P3-R-th0.80_k1,0.8000000000000016,0.0,-0.3644163595102321,0.9917159011292171,1.0030440274805816,1.0,gamma2~0 null anchor; skew unused
b10_null,P3-R-th1.00_k2,0.9999999999999984,0.0,0.585527093779457,1.1215073696183362,1.0,1.0,gamma2~0 null anchor; skew unused
b10_null,P3-R-th1.00_k1,0.9999999999999984,0.0,-0.3616097526600965,0.9927184675480234,1.0,1.0,gamma2~0 null anchor; skew unused
b10_null,P3-R-theta0,8.30259453981292,0.0,0.2753198273834636,1.014855143071612,1.0,1.0,gamma2~0 null anchor; skew unused
b10_null,P1-I2-spr_K-0.619_-0.184,0.0574314476101835,0.0,0.8261720103489667,0.9885958352036622,0.9658026285365428,1.0,gamma2~0 null anchor; skew unused
b10_null,P1-I2-spr_K-0.819_-0.084,0.1381020142096502,0.0,0.7289660585243674,0.9156025385030276,0.9707668027662164,1.0,gamma2~0 null anchor; skew unused
b10_null,P1-I2-spr_K+0.050_+1.154,0.2977062751293179,0.0,-0.1898508816067403,1.1956753798412274,1.0066062444880437,1.0,gamma2~0 null anchor; skew unused
b10_null,P1-I2-spr_K-0.585_-0.217,0.5962602992325552,0.0,0.6055783720880612,1.0293442561585364,0.9883912906287032,1.0,gamma2~0 null anchor; skew unused
b10_null,P1-I2-spr_K-0.719_-0.117,1.0240265364708787,0.0,0.9111763480707852,0.8825513212823594,1.0007370271684313,1.0,gamma2~0 null anchor; skew unused
b10_null,P2-I2-spr_K-0.351_-0.217,0.0516106149535545,0.0,0.2417662674776366,1.187173862878433,0.9899799517754376,1.0,gamma2~0 null anchor; skew unused
b10_null,P2-I2-spr_K-0.552_-0.084,0.13873855177568,0.0,0.058044342655906,1.1913918797092655,0.9976731154693056,1.0,gamma2~0 null anchor; skew unused
b10_null,P2-I2-spr_K-1.221_+0.084,0.299717097174614,0.0,-0.3534133374619488,1.0012916262447589,1.0122671909953591,1.0,gamma2~0 null anchor; skew unused
b10_null,P2-I2-spr_K+0.117_+1.120,0.6020276699787491,0.0,-0.1418597545685687,0.8311437187746529,1.0026735257935733,1.0,gamma2~0 null anchor; skew unused
b10_null,P2-I2-spr_K+0.084_+1.488,1.0062865887378794,0.0,-0.1843615415641917,1.0389733777754189,0.9999602085888192,1.0,gamma2~0 null anchor; skew unused
b10_null,P3-I2-spr_K-1.355_+0.050,0.051321870972631,0.0,0.2155828041765866,0.9356195856507727,0.9910645987186736,1.0,gamma2~0 null anchor; skew unused
b10_null,P3-I2-spr_K-1.120_+0.017,0.15509526700017,0.0,0.4361855935147898,0.9971020665561472,0.9826826931868524,1.0,gamma2~0 null anchor; skew unused
b10_null,P3-I2-spr_K-0.418_-0.318,0.3021496238504502,0.0,0.5653344069053103,1.050748167120634,0.9804363072628532,1.0,gamma2~0 null anchor; skew unused
b10_null,P3-I2-spr_K+0.217_+0.585,0.5957597126836195,0.0,-0.1061247751094689,0.8498447511144037,1.0020373524189323,1.0,gamma2~0 null anchor; skew unused
b10_null,P3-I2-spr_K-0.485_-0.284,1.017368059396912,0.0,0.6101898868996227,1.016783895639349,1.000359437002721,1.0,gamma2~0 null anchor; skew unused
tree_percell,heston_RF/0-1/call_0.9,0.07088812049294985,-14.035847854434811,195.0050250375513,0.08863322811255538,-6.878891229159605,1.0,cross_class near-pair set (not b5-387); heston_RF; measured moments have sampling error
tree_percell,heston_RF/0-1/call_1.0,0.07088880490320149,-14.035847855230097,195.0050250523595,0.08863314906178511,-6.8788880890238175,1.0,cross_class near-pair set (not b5-387); heston_RF; measured moments have sampling error
tree_percell,heston_RF/0-1/call_1.1,0.07088819086738783,-14.035847854389454,195.00502503670685,0.08863450021255789,-6.878890906179867,1.0,cross_class near-pair set (not b5-387); heston_RF; measured moments have sampling error
tree_percell,heston_RF/0-1/digital_1.0,0.07088727819125039,-14.035847856750204,195.00502508066393,0.08862858420694618,-6.87889509618722,1.0,cross_class near-pair set (not b5-387); heston_RF; measured moments have sampling error
tree_percell,heston_RF/0-2/call_0.9,0.07125969910658875,-14.035268378307522,194.9941975097024,0.08908476253631525,-6.876744213729001,1.0,cross_class near-pair set (not b5-387); heston_RF; measured moments have sampling error
tree_percell,heston_RF/0-2/call_1.0,0.07126008977618886,-14.035267152536816,194.994174566218,0.08908524349444838,-6.8767414847644455,1.0,cross_class near-pair set (not b5-387); heston_RF; measured moments have sampling error
tree_percell,heston_RF/0-2/call_1.1,0.07126060177684443,-14.03526555814019,194.9941447227528,0.08908588646068079,-6.876737917416625,1.0,cross_class near-pair set (not b5-387); heston_RF; measured moments have sampling error
tree_percell,heston_RF/0-2/digital_1.0,0.07125791451829447,-14.03527391857736,194.99430120867143,0.08908252139716545,-6.876756634672859,1.0,cross_class near-pair set (not b5-387); heston_RF; measured moments have sampling error
tree_percell,heston_RF/0-7/call_0.9,0.03311119998359856,5.987824020429443,110.39264955866886,0.14642324278203078,-3.6226249819795866,1.0,cross_class near-pair set (not b5-387); heston_RF; measured moments have sampling error
tree_percell,heston_RF/0-7/call_1.0,0.03315830345310488,6.004479155681643,110.4919227893451,0.14638043462248496,-3.626862410403636,1.0,cross_class near-pair set (not b5-387); heston_RF; measured moments have sampling error
tree_percell,heston_RF/0-7/call_1.1,0.03321410184559185,6.024151962257913,110.60934820639903,0.14633026664945867,-3.6318747513134135,1.0,cross_class near-pair set (not b5-387); heston_RF; measured moments have sampling error
tree_percell,heston_RF/0-7/digital_1.0,0.032906371253921776,5.915435495419134,109.96460002178665,0.14660722065342216,-3.604352022930851,1.0,cross_class near-pair set (not b5-387); heston_RF; measured moments have sampling error
tree_percell,heston_RF/0-12/call_0.9,0.11093501337994302,-9.562620371351455,91.69884552158261,0.13858517260838146,-2.553053793321269,1.0,cross_class near-pair set (not b5-387); heston_RF; measured moments have sampling error
tree_percell,heston_RF/0-12/call_1.0,0.11096717710887118,-9.562081065737202,91.68801575951508,0.1385589555676367,-2.5525205777108217,1.0,cross_class near-pair set (not b5-387); heston_RF; measured moments have sampling error
tree_percell,heston_RF/0-12/call_1.1,0.1109970049829794,-9.561456380615802,91.67554664770066,0.13853772329746034,-2.551929754299708,1.0,cross_class near-pair set (not b5-387); heston_RF; measured moments have sampling error
tree_percell,heston_RF/0-12/digital_1.0,0.10919352156118366,-9.593855948605261,92.33888721827954,0.1398959966200627,-2.5840777457011153,1.0,cross_class near-pair set (not b5-387); heston_RF; measured moments have sampling error
tree_percell,heston_RF/0-13/call_0.9,0.023839942081049337,-9.466378498647869,90.57696472844583,0.245200639829604,-2.7321607137410906,1.0,cross_class near-pair set (not b5-387); heston_RF; measured moments have sampling error
tree_percell,heston_RF/0-13/call_1.0,0.038355748520213465,-9.495482237408442,90.92525625358319,0.22760708711614822,-2.7168069965586996,1.0,cross_class near-pair set (not b5-387); heston_RF; measured moments have sampling error
tree_percell,heston_RF/0-13/call_1.1,0.05112519037879852,-9.516440793813288,91.17217433062653,0.21206783250586603,-2.6981483451339154,1.0,cross_class near-pair set (not b5-387); heston_RF; measured moments have sampling error
tree_percell,heston_RF/0-13/digital_1.0,0.6001340681496489,-3.8588139132942865,31.01860068385531,0.8042215604163813,0.6865052390513009,1.0,cross_class near-pair set (not b5-387); heston_RF; measured moments have sampling error
tree_percell,heston_RF/0-19/call_0.9,0.017499033934168254,-0.16183703875056132,1.9044638831336238,0.7382571192518942,0.9211677780779141,1.0,cross_class near-pair set (not b5-387); heston_RF; measured moments have sampling error
tree_percell,heston_RF/0-19/call_1.0,0.08290686659062721,0.09776007590041877,3.0578966539583368,0.7840416030717328,0.8729876130199277,1.0,cross_class near-pair set (not b5-387); heston_RF; measured moments have sampling error
tree_percell,heston_RF/0-19/call_1.1,0.044275921454545654,0.6243234609380673,1.615080198683371,0.831559630688983,0.9283703427332207,1.0,cross_class near-pair set (not b5-387); heston_RF; measured moments have sampling error
tree_percell,heston_RF/0-19/digital_1.0,0.08841403986133857,0.3831429108068228,17.201556634683453,0.541862639576916,0.28879932037194933,1.0,cross_class near-pair set (not b5-387); heston_RF; measured moments have sampling error
tree_percell,heston_RF/0-20/call_0.9,0.1770134290228929,-7.03555041022782,56.74620788938493,0.21885318646941987,-1.018851463256175,1.0,cross_class near-pair set (not b5-387); heston_RF; measured moments have sampling error
tree_percell,heston_RF/0-20/call_1.0,0.17708175534830903,-7.031231256881714,56.665965704731136,0.21886655319480586,-1.0156544632079372,1.0,cross_class near-pair set (not b5-387); heston_RF; measured moments have sampling error
tree_percell,heston_RF/0-20/call_1.1,0.1771519760921456,-7.026298419721151,56.574396960421154,0.21889036748687232,-1.012027291001078,1.0,cross_class near-pair set (not b5-387); heston_RF; measured moments have sampling error
tree_percell,heston_RF/0-20/digital_1.0,0.172986897758379,-7.306322190503711,61.80913048109352,0.21766114459262917,-1.2205483583209777,1.0,cross_class near-pair set (not b5-387); heston_RF; measured moments have sampling error
tree_percell,heston_RF/0-21/call_0.9,0.17701342902274653,-7.035550410227505,56.74620788938054,0.2188531864692449,-1.0188514632564012,1.0,cross_class near-pair set (not b5-387); heston_RF; measured moments have sampling error
tree_percell,heston_RF/0-21/call_1.0,0.1770817553481844,-7.031231256880891,56.66596570471553,0.21886655319467535,-1.0156544632076805,1.0,cross_class near-pair set (not b5-387); heston_RF; measured moments have sampling error
tree_percell,heston_RF/0-21/call_1.1,0.17715197609228103,-7.026298419720513,56.57439696041136,0.21889036748686538,-1.0120272910003545,1.0,cross_class near-pair set (not b5-387); heston_RF; measured moments have sampling error
tree_percell,heston_RF/0-21/digital_1.0,0.17298689775661116,-7.3063221905167195,61.80913048136294,0.21766114459072294,-1.2205483583361487,1.0,cross_class near-pair set (not b5-387); heston_RF; measured moments have sampling error
tree_percell,heston_RF/0-22/call_0.9,0.1767033079730881,-7.034320509563303,56.731041780108704,0.22011838088572563,-1.0191162700160623,1.0,cross_class near-pair set (not b5-387); heston_RF; measured moments have sampling error
tree_percell,heston_RF/0-22/call_1.0,0.17682345512909395,-7.030325247139801,56.65459968866637,0.21992353805126455,-1.015920648731884,1.0,cross_class near-pair set (not b5-387); heston_RF; measured moments have sampling error
tree_percell,heston_RF/0-22/call_1.1,0.17693901710267276,-7.025637880789979,56.56595252418328,0.2197636990252484,-1.0122800002381003,1.0,cross_class near-pair set (not b5-387); heston_RF; measured moments have sampling error
tree_percell,heston_RF/0-22/digital_1.0,0.16942073452945575,-7.214296802447541,60.80415112450331,0.22929442841607872,-1.1935104642269003,1.0,cross_class near-pair set (not b5-387); heston_RF; measured moments have sampling error
tree_percell,heston_RF/0-23/call_0.9,0.17375912757408465,-7.030477608940566,56.701183291864105,0.2226386796117694,-1.0258333208436063,1.0,cross_class near-pair set (not b5-387); heston_RF; measured moments have sampling error
tree_percell,heston_RF/0-23/call_1.0,0.17437076968066803,-7.027672140086687,56.635380489384104,0.2220323022824441,-1.0217227852498973,1.0,cross_class near-pair set (not b5-387); heston_RF; measured moments have sampling error
tree_percell,heston_RF/0-23/call_1.1,0.1749176253960971,-7.023847006894735,56.554219292481626,0.2215084608807535,-1.0172101729608531,1.0,cross_class near-pair set (not b5-387); heston_RF; measured moments have sampling error
tree_percell,heston_RF/0-23/digital_1.0,0.13877022084131524,-6.778203572404299,57.17129268791629,0.2501609345005312,-1.1380569166590584,1.0,cross_class near-pair set (not b5-387); heston_RF; measured moments have sampling error
tree_percell,heston_RF/0-32/call_0.9,0.0060413311775773205,0.009304430564305128,1.5290806463987723,0.7647263077528121,0.9362835887344334,1.0,cross_class near-pair set (not b5-387); heston_RF; measured moments have sampling error
tree_percell,heston_RF/0-32/call_1.0,0.04569116623849539,0.17570590440774234,1.557847115380425,0.8008795386023007,0.9340250117411518,1.0,cross_class near-pair set (not b5-387); heston_RF; measured moments have sampling error
tree_percell,heston_RF/0-32/call_1.1,0.038880789567986955,0.4435143127477514,1.4568124049821485,0.79126194631829,0.9366130852459928,1.0,cross_class near-pair set (not b5-387); heston_RF; measured moments have sampling error
tree_percell,heston_RF/0-32/digital_1.0,0.060585201524181016,1.2339700302179024,9.451355913444226,0.5873975329984588,0.5966612373116089,1.0,cross_class near-pair set (not b5-387); heston_RF; measured moments have sampling error
tree_percell,heston_RF/0-33/call_0.9,0.07662781680293154,-13.893422734985581,192.20912052477027,0.09579098267564477,-6.738721065944338,1.0,cross_class near-pair set (not b5-387); heston_RF; measured moments have sampling error
tree_percell,heston_RF/0-33/call_1.0,0.07663244505089466,-13.893303202431293,192.2067139367962,0.09579118305458613,-6.738601700705208,1.0,cross_class near-pair set (not b5-387); heston_RF; measured moments have sampling error
tree_percell,heston_RF/0-33/call_1.1,0.07663733799726569,-13.893156649303105,192.20376334626215,0.09579238426780136,-6.738459030884826,1.0,cross_class near-pair set (not b5-387); heston_RF; measured moments have sampling error
tree_percell,heston_RF/0-33/digital_1.0,0.07634322973499401,-13.901238261013429,192.3663718086144,0.09574778393610879,-6.746436356708655,1.0,cross_class near-pair set (not b5-387); heston_RF; measured moments have sampling error
tree_percell,heston_RF/0-34/call_0.9,0.5710794616133749,-2.7061530488755916,8.288014320047047,0.6218004377623338,1.0182270169525447,1.0,cross_class near-pair set (not b5-387); heston_RF; measured moments have sampling error
tree_percell,heston_RF/0-34/call_1.0,0.571932619943526,-2.703494892009068,8.268368454448831,0.6217917701078918,1.0189572591566092,1.0,cross_class near-pair set (not b5-387); heston_RF; measured moments have sampling error
tree_percell,heston_RF/0-34/call_1.1,0.5727366762908711,-2.700550160453283,8.246634982155806,0.6218256732821659,1.0196782548259278,1.0,cross_class near-pair set (not b5-387); heston_RF; measured moments have sampling error
tree_percell,heston_RF/0-34/digital_1.0,0.5227266271268334,-2.855947591319209,9.444031169840123,0.6190581491767044,0.9714004059935616,1.0,cross_class near-pair set (not b5-387); heston_RF; measured moments have sampling error
tree_percell,heston_RF/0-35/call_0.9,0.5710794616134066,-2.70615304887619,8.288014320051152,0.6218004377621321,1.0182270169525207,1.0,cross_class near-pair set (not b5-387); heston_RF; measured moments have sampling error
tree_percell,heston_RF/0-35/call_1.0,0.5719326199437229,-2.703494892008771,8.268368454446698,0.621791770107835,1.0189572591567502,1.0,cross_class near-pair set (not b5-387); heston_RF; measured moments have sampling error
tree_percell,heston_RF/0-35/call_1.1,0.5727366762908523,-2.7005501604535547,8.246634982158008,0.6218256732820248,1.0196782548258905,1.0,cross_class near-pair set (not b5-387); heston_RF; measured moments have sampling error
tree_percell,heston_RF/0-35/digital_1.0,0.5227266271284335,-2.855947591316449,9.444031169832265,0.6190581491755986,0.9714004059946963,1.0,cross_class near-pair set (not b5-387); heston_RF; measured moments have sampling error
tree_percell,heston_RF/0-36/call_0.9,0.5483154248680965,-2.951943841324652,10.162210188572342,0.6031210138661497,0.9802227450102716,1.0,cross_class near-pair set (not b5-387); heston_RF; measured moments have sampling error
tree_percell,heston_RF/0-36/call_1.0,0.5494211926235685,-2.94303135866496,10.08078409368532,0.603397812496932,0.9822013602208404,1.0,cross_class near-pair set (not b5-387); heston_RF; measured moments have sampling error
tree_percell,heston_RF/0-36/call_1.1,0.5505332360944667,-2.932886557730037,9.988271345748139,0.6037536303170576,0.9843287024606213,1.0,cross_class near-pair set (not b5-387); heston_RF; measured moments have sampling error
tree_percell,heston_RF/0-36/digital_1.0,0.48462693381129585,-3.5900812846761103,16.78600450139051,0.5806852921919454,0.8045084223413267,1.0,cross_class near-pair set (not b5-387); heston_RF; measured moments have sampling error
tree_percell,heston_RF/0-37/call_0.9,0.5483154248681397,-2.9519438413244776,10.162210188570684,0.6031210138661527,0.9802227450103279,1.0,cross_class near-pair set (not b5-387); heston_RF; measured moments have sampling error
tree_percell,heston_RF/0-37/call_1.0,0.549421192623582,-2.9430313586645025,10.08078409368196,0.6033978124969266,0.9822013602208921,1.0,cross_class near-pair set (not b5-387); heston_RF; measured moments have sampling error
tree_percell,heston_RF/0-37/call_1.1,0.5505332360945174,-2.9328865577301,9.988271345749245,0.6037536303170574,0.9843287024606385,1.0,cross_class near-pair set (not b5-387); heston_RF; measured moments have sampling error
tree_percell,heston_RF/0-37/digital_1.0,0.48462693381156974,-3.590081284674095,16.786004501385168,0.5806852921921006,0.8045084223416599,1.0,cross_class near-pair set (not b5-387); heston_RF; measured moments have sampling error
tree_percell,heston_RF/0-38/call_0.9,0.5483168575537124,-2.9519468007368523,10.16222783888502,0.6031198444519188,0.9802236185528014,1.0,cross_class near-pair set (not b5-387); heston_RF; measured moments have sampling error
tree_percell,heston_RF/0-38/call_1.0,0.549422388821293,-2.9430338165260745,10.080798699702797,0.6033968366210558,0.9822020854704622,1.0,cross_class near-pair set (not b5-387); heston_RF; measured moments have sampling error
tree_percell,heston_RF/0-38/call_1.1,0.5505342239413491,-2.9328885761149803,9.988283288659028,0.6037528249249796,0.9843292975024978,1.0,cross_class near-pair set (not b5-387); heston_RF; measured moments have sampling error
tree_percell,heston_RF/0-38/digital_1.0,0.48463973189324727,-3.590116886335083,16.786275161461283,0.580674502188746,0.8045191175510269,1.0,cross_class near-pair set (not b5-387); heston_RF; measured moments have sampling error
tree_percell,heston_RF/0-39/call_0.9,0.5481613714181182,-2.952253345750486,10.16330031054245,0.6030490086512552,0.9801065039737765,1.0,cross_class near-pair set (not b5-387); heston_RF; measured moments have sampling error
tree_percell,heston_RF/0-39/call_1.0,0.5492931659465352,-2.9433052763019725,10.081779882465849,0.6033383059837827,0.9821047825998938,1.0,cross_class near-pair set (not b5-387); heston_RF; measured moments have sampling error
tree_percell,heston_RF/0-39/call_1.1,0.5504278776072447,-2.933124350022666,9.989156501298968,0.6037048956372123,0.984249414945596,1.0,cross_class near-pair set (not b5-387); heston_RF; measured moments have sampling error
tree_percell,heston_RF/0-39/digital_1.0,0.48280790673936724,-3.5825997648201695,16.727629532803437,0.5799578387337355,0.8033443100103658,1.0,cross_class near-pair set (not b5-387); heston_RF; measured moments have sampling error
tree_percell,heston_RF/0-40/call_0.9,0.5251934088807321,-2.7452316381247868,8.333299085061212,0.619507240650249,0.9914395079942933,1.0,cross_class near-pair set (not b5-387); heston_RF; measured moments have sampling error
tree_percell,heston_RF/0-40/call_1.0,0.5320412977183474,-2.738934469260098,8.265446738462552,0.6186413933477011,0.9969224282921761,1.0,cross_class near-pair set (not b5-387); heston_RF; measured moments have sampling error
tree_percell,heston_RF/0-40/call_1.1,0.5381848258772951,-2.7313124171565293,8.189134772894327,0.6179862910949205,1.0019768623264744,1.0,cross_class near-pair set (not b5-387); heston_RF; measured moments have sampling error
tree_percell,heston_RF/0-40/digital_1.0,0.16669915235619157,-2.9079793823971523,12.53277228686642,0.719694725346956,0.5847519308473567,1.0,cross_class near-pair set (not b5-387); heston_RF; measured moments have sampling error
tree_percell,heston_RF/0-41/call_0.9,0.5913656886964432,-2.602115338636737,7.63574301331785,0.6369776249666732,1.03557597844865,1.0,cross_class near-pair set (not b5-387); heston_RF; measured moments have sampling error
tree_percell,heston_RF/0-41/call_1.0,0.592436426891137,-2.5947228275598584,7.575241604123589,0.6372272776982154,1.036806738420633,1.0,cross_class near-pair set (not b5-387); heston_RF; measured moments have sampling error
tree_percell,heston_RF/0-41/call_1.1,0.5935131734506368,-2.586308432870077,7.506590425972995,0.6375488158281511,1.0381169380395403,1.0,cross_class near-pair set (not b5-387); heston_RF; measured moments have sampling error
tree_percell,heston_RF/0-41/digital_1.0,0.529114774472708,-3.1403476176165004,12.676446378827336,0.6164470831497401,0.9209404835716902,1.0,cross_class near-pair set (not b5-387); heston_RF; measured moments have sampling error
tree_percell,heston_RF/0-43/call_0.9,2.213997462608489,-0.6157680011897636,0.9141350158842094,0.9957759664694317,1.0116281470745256,1.0,cross_class near-pair set (not b5-387); heston_RF; measured moments have sampling error
tree_percell,heston_RF/0-43/call_1.0,2.2163075498656535,-0.6158078407597984,0.9177870871398004,0.9958079981247517,1.0115951445820437,1.0,cross_class near-pair set (not b5-387); heston_RF; measured moments have sampling error
tree_percell,heston_RF/0-43/call_1.1,2.2189353655904593,-0.6158591734216641,0.9219658444528664,0.9958441584070599,1.0115578243293317,1.0,cross_class near-pair set (not b5-387); heston_RF; measured moments have sampling error
tree_percell,heston_RF/0-43/digital_1.0,2.1123736566051727,-0.6222889817428917,0.7768282134425859,0.9941418652154314,1.0133563722578958,1.0,cross_class near-pair set (not b5-387); heston_RF; measured moments have sampling error
tree_percell,heston_RF/0-44/call_0.9,0.6112230298938399,-3.021294988182543,9.964616252847762,0.6519094043776131,1.0335033886771274,1.0,cross_class near-pair set (not b5-387); heston_RF; measured moments have sampling error
tree_percell,heston_RF/0-44/call_1.0,0.6157727899029256,-3.0013523571016285,9.83653785086524,0.6545927923149112,1.0374417693634197,1.0,cross_class near-pair set (not b5-387); heston_RF; measured moments have sampling error
tree_percell,heston_RF/0-44/call_1.1,0.6206710095388367,-2.9780084623274226,9.68692271086044,0.6576821049994778,1.041652705226258,1.0,cross_class near-pair set (not b5-387); heston_RF; measured moments have sampling error
tree_percell,heston_RF/0-44/digital_1.0,0.42663718920235333,-3.796628218109329,15.42007383047481,0.5285009307211075,0.7858428702749464,1.0,cross_class near-pair set (not b5-387); heston_RF; measured moments have sampling error
tree_percell,heston_RF/0-46/call_0.9,0.6107015646865388,-3.0208030972466013,9.963222366211662,0.652112806974209,1.0331425321984844,1.0,cross_class near-pair set (not b5-387); heston_RF; measured moments have sampling error
tree_percell,heston_RF/0-46/call_1.0,0.6153338102575614,-3.0009443380258354,9.835401616350564,0.6547650682864556,1.0371428395987865,1.0,cross_class near-pair set (not b5-387); heston_RF; measured moments have sampling error
tree_percell,heston_RF/0-46/call_1.1,0.620304858576269,-2.977672166737032,9.686003080581747,0.6578266647263246,1.041407988780723,1.0,cross_class near-pair set (not b5-387); heston_RF; measured moments have sampling error
tree_percell,heston_RF/0-46/digital_1.0,0.42342869280525763,-3.792035973424371,15.399410079283996,0.5296942697330818,0.7824335302838321,1.0,cross_class near-pair set (not b5-387); heston_RF; measured moments have sampling error
tree_percell,heston_RF/1-2/call_0.9,0.0708881219704274,-14.035847859164917,195.00502512562568,0.08862256993726447,-6.8788912259569575,1.0,cross_class near-pair set (not b5-387); heston_RF; measured moments have sampling error
tree_percell,heston_RF/1-2/call_1.0,0.07088811661967448,-14.035847859164955,195.0050251256264,0.08862256399409452,-6.8788912505113675,1.0,cross_class near-pair set (not b5-387); heston_RF; measured moments have sampling error
tree_percell,heston_RF/1-2/call_1.1,0.07088812160750192,-14.035847859164944,195.00502512562616,0.08862256269709641,-6.8788912276224226,1.0,cross_class near-pair set (not b5-387); heston_RF; measured moments have sampling error
tree_percell,heston_RF/1-2/digital_1.0,0.07088812108527771,-14.03584785916497,195.00502512562667,0.08862254570500215,-6.87889123001891,1.0,cross_class near-pair set (not b5-387); heston_RF; measured moments have sampling error
tree_percell,heston_RF/1-7/call_0.9,0.033112465543119765,5.9878209811228365,110.39263819453322,0.14642482632261533,-3.622624982005486,1.0,cross_class near-pair set (not b5-387); heston_RF; measured moments have sampling error
tree_percell,heston_RF/1-7/call_1.0,0.033159568761750434,6.004476120429113,110.49191138738415,0.1463820177859807,-3.6268624104669747,1.0,cross_class near-pair set (not b5-387); heston_RF; measured moments have sampling error
tree_percell,heston_RF/1-7/call_1.1,0.03321536693391474,6.024148930176753,110.6093367520503,0.14633184956104467,-3.6318747511127776,1.0,cross_class near-pair set (not b5-387); heston_RF; measured moments have sampling error
tree_percell,heston_RF/1-7/digital_1.0,0.03290763773597354,5.9154324398205524,109.96458882497946,0.14660880536618345,-3.604352022807408,1.0,cross_class near-pair set (not b5-387); heston_RF; measured moments have sampling error
tree_percell,heston_RF/1-12/call_0.9,0.1109350001957569,-9.562620368494228,91.69884547255255,0.13858518883233378,-2.5530538335274042,1.0,cross_class near-pair set (not b5-387); heston_RF; measured moments have sampling error
tree_percell,heston_RF/1-12/call_1.0,0.11096716610302589,-9.562081063343701,91.68801571847484,0.1385589691109066,-2.5525206112712278,1.0,cross_class near-pair set (not b5-387); heston_RF; measured moments have sampling error
tree_percell,heston_RF/1-12/call_1.1,0.11099699589474557,-9.561456378633526,91.67554661374614,0.13853773448109405,-2.5519297820108315,1.0,cross_class near-pair set (not b5-387); heston_RF; measured moments have sampling error
tree_percell,heston_RF/1-12/digital_1.0,0.10919339409138544,-9.593855926081236,92.33888680718024,0.13989615357086405,-2.5840781360079537,1.0,cross_class near-pair set (not b5-387); heston_RF; measured moments have sampling error
tree_percell,heston_RF/1-13/call_0.9,0.02383992900416263,-9.466378528769313,90.5769651038789,0.24520065620292228,-2.7321607545451903,1.0,cross_class near-pair set (not b5-387); heston_RF; measured moments have sampling error
tree_percell,heston_RF/1-13/call_1.0,0.0383557375951658,-9.495482258015778,90.92525650874008,0.2276071007770694,-2.716807030575682,1.0,cross_class near-pair set (not b5-387); heston_RF; measured moments have sampling error
tree_percell,heston_RF/1-13/call_1.1,0.05112518134918028,-9.516440807511737,91.17217449866399,0.21206784377762322,-2.6981483731765192,1.0,cross_class near-pair set (not b5-387); heston_RF; measured moments have sampling error
tree_percell,heston_RF/1-13/digital_1.0,0.6001342076311615,-3.8588148207243376,31.018610511025187,0.8042216652103364,0.6865053822228787,1.0,cross_class near-pair set (not b5-387); heston_RF; measured moments have sampling error
tree_percell,heston_RF/1-19/call_0.9,0.07088783945000339,14.03584785454734,195.00502503964663,0.08863450996826172,-7.208888457037524,1.0,cross_class near-pair set (not b5-387); heston_RF; measured moments have sampling error
tree_percell,heston_RF/1-19/call_1.0,0.07089000261806233,14.035847854678758,195.00502504209368,0.08863378756221235,-7.208888499304019,1.0,cross_class near-pair set (not b5-387); heston_RF; measured moments have sampling error
tree_percell,heston_RF/1-19/call_1.1,0.07088889461411224,14.035847854860812,195.00502504548362,0.08863379989327191,-7.208888477868117,1.0,cross_class near-pair set (not b5-387); heston_RF; measured moments have sampling error
tree_percell,heston_RF/1-19/digital_1.0,0.0708885135699182,14.035847855038892,195.00502504879944,0.08863012091061588,-7.208888470577052,1.0,cross_class near-pair set (not b5-387); heston_RF; measured moments have sampling error
tree_percell,heston_RF/1-20/call_0.9,0.17701341749808933,-7.035550400951384,56.74620773138914,0.21885320026363397,-1.0188514879430526,1.0,cross_class near-pair set (not b5-387); heston_RF; measured moments have sampling error
tree_percell,heston_RF/1-20/call_1.0,0.17708174572942725,-7.031231249146361,56.66596557308031,0.218866564707383,-1.015654483797406,1.0,cross_class near-pair set (not b5-387); heston_RF; measured moments have sampling error
tree_percell,heston_RF/1-20/call_1.1,0.1771519681505772,-7.026298413344122,56.57439685196486,0.21889037699173347,-1.0120273079870383,1.0,cross_class near-pair set (not b5-387); heston_RF; measured moments have sampling error
tree_percell,heston_RF/1-20/digital_1.0,0.17298678527292688,-7.3063220941981815,61.80912877706329,0.2176612795059471,-1.220548609973436,1.0,cross_class near-pair set (not b5-387); heston_RF; measured moments have sampling error
tree_percell,heston_RF/1-21/call_0.9,0.17701341749794294,-7.035550400951067,56.746207731384736,0.21885320026371285,-1.0188514879432764,1.0,cross_class near-pair set (not b5-387); heston_RF; measured moments have sampling error
tree_percell,heston_RF/1-21/call_1.0,0.17708174572930263,-7.031231249145539,56.66596557306472,0.21886656470728932,-1.015654483797151,1.0,cross_class near-pair set (not b5-387); heston_RF; measured moments have sampling error
tree_percell,heston_RF/1-21/call_1.1,0.17715196815071257,-7.026298413343486,56.57439685195508,0.21889037699168887,-1.0120273079863147,1.0,cross_class near-pair set (not b5-387); heston_RF; measured moments have sampling error
tree_percell,heston_RF/1-21/digital_1.0,0.17298678527115902,-7.306322094211191,61.809128777332745,0.21766127950361558,-1.2205486099886067,1.0,cross_class near-pair set (not b5-387); heston_RF; measured moments have sampling error
tree_percell,heston_RF/1-22/call_0.9,0.17670329645064733,-7.034320500371887,56.73104162302014,0.22011839467935845,-1.0191162946962777,1.0,cross_class near-pair set (not b5-387); heston_RF; measured moments have sampling error
tree_percell,heston_RF/1-22/call_1.0,0.17682344551180598,-7.030325239462902,56.65459955764094,0.2199235495635823,-1.0159206693172085,1.0,cross_class near-pair set (not b5-387); heston_RF; measured moments have sampling error
tree_percell,heston_RF/1-22/call_1.1,0.17693900916215977,-7.02563787445232,56.565952416149116,0.21976370852996827,-1.0122800172215232,1.0,cross_class near-pair set (not b5-387); heston_RF; measured moments have sampling error
tree_percell,heston_RF/1-22/digital_1.0,0.16942062265634936,-7.214296720538063,60.804149562171126,0.22929456283596653,-1.1935107114538968,1.0,cross_class near-pair set (not b5-387); heston_RF; measured moments have sampling error
tree_percell,heston_RF/1-23/call_0.9,0.1737591160662129,-7.030477600502602,56.70118314272315,0.2226386934085656,-1.0258333455080324,1.0,cross_class near-pair set (not b5-387); heston_RF; measured moments have sampling error
tree_percell,heston_RF/1-23/call_1.0,0.17437076007329808,-7.027672132930637,56.63538036385868,0.22203231379709734,-1.0217228058263947,1.0,cross_class near-pair set (not b5-387); heston_RF; measured moments have sampling error
tree_percell,heston_RF/1-23/call_1.1,0.1749176174622065,-7.023847000909688,56.554219188173576,0.22150847038710836,-1.0172101899395896,1.0,cross_class near-pair set (not b5-387); heston_RF; measured moments have sampling error
tree_percell,heston_RF/1-23/digital_1.0,0.13877011189025135,-6.778203585242963,57.17129201665238,0.2501610672215584,-1.1380571451038053,1.0,cross_class near-pair set (not b5-387); heston_RF; measured moments have sampling error
tree_percell,heston_RF/1-32/call_0.9,0.07088802681048763,14.035847853585025,195.00502502172847,0.08863497609251358,-7.208888459945132,1.0,cross_class near-pair set (not b5-387); heston_RF; measured moments have sampling error
tree_percell,heston_RF/1-32/call_1.0,0.07088937524415408,14.035847855308294,195.0050250538156,0.0886334328400379,-7.208888487582043,1.0,cross_class near-pair set (not b5-387); heston_RF; measured moments have sampling error
tree_percell,heston_RF/1-32/call_1.1,0.07088889461515496,14.035847855027642,195.00502504858983,0.08863362482341383,-7.208888477998229,1.0,cross_class near-pair set (not b5-387); heston_RF; measured moments have sampling error
tree_percell,heston_RF/1-32/digital_1.0,0.07088817664650807,14.03584785434526,195.00502503588385,0.08863109882547485,-7.208888463462562,1.0,cross_class near-pair set (not b5-387); heston_RF; measured moments have sampling error
tree_percell,heston_RF/1-33/call_0.9,0.07662749797692969,-13.89342266753326,192.20911916726774,0.09579137876926035,-6.738722511266609,1.0,cross_class near-pair set (not b5-387); heston_RF; measured moments have sampling error
tree_percell,heston_RF/1-33/call_1.0,0.07663217919349755,-13.893303146198027,192.20671280499252,0.09579151333887466,-6.738602905937606,1.0,cross_class near-pair set (not b5-387); heston_RF; measured moments have sampling error
tree_percell,heston_RF/1-33/call_1.1,0.07663711869528134,-13.893156602923495,192.2037624127084,0.09579265671695877,-6.7384600250851205,1.0,cross_class near-pair set (not b5-387); heston_RF; measured moments have sampling error
tree_percell,heston_RF/1-33/digital_1.0,0.07633994862347492,-13.901237559788308,192.36635776074485,0.09575186043242236,-6.746451210154245,1.0,cross_class near-pair set (not b5-387); heston_RF; measured moments have sampling error
tree_percell,heston_RF/1-34/call_0.9,0.5710794552478612,-2.7061530640400115,8.288014368819772,0.6218004327253499,1.0182270131816877,1.0,cross_class near-pair set (not b5-387); heston_RF; measured moments have sampling error
tree_percell,heston_RF/1-34/call_1.0,0.571932614629256,-2.7034949046517327,8.268368495039173,0.6217917659068308,1.0189572560225495,1.0,cross_class near-pair set (not b5-387); heston_RF; measured moments have sampling error
tree_percell,heston_RF/1-34/call_1.1,0.5727366719023989,-2.7005501708835173,8.24663501558845,0.621825669816135,1.0196782522496521,1.0,cross_class near-pair set (not b5-387); heston_RF; measured moments have sampling error
tree_percell,heston_RF/1-34/digital_1.0,0.522726565918408,-2.8559477470451786,9.444031717681323,0.619058098099435,0.9714003601853938,1.0,cross_class near-pair set (not b5-387); heston_RF; measured moments have sampling error
tree_percell,heston_RF/1-35/call_0.9,0.571079455247893,-2.70615306404061,8.288014368823877,0.6218004327251482,1.0182270131816642,1.0,cross_class near-pair set (not b5-387); heston_RF; measured moments have sampling error
tree_percell,heston_RF/1-35/call_1.0,0.5719326146294531,-2.703494904651435,8.268368495037036,0.6217917659067741,1.0189572560226905,1.0,cross_class near-pair set (not b5-387); heston_RF; measured moments have sampling error
tree_percell,heston_RF/1-35/call_1.1,0.5727366719023801,-2.7005501708837896,8.246635015590655,0.6218256698159939,1.019678252249615,1.0,cross_class near-pair set (not b5-387); heston_RF; measured moments have sampling error
tree_percell,heston_RF/1-35/digital_1.0,0.5227265659200084,-2.85594774704242,9.444031717673473,0.6190580980983296,0.9714003601865285,1.0,cross_class near-pair set (not b5-387); heston_RF; measured moments have sampling error
tree_percell,heston_RF/1-36/call_0.9,0.5483154189985471,-2.9519438537935994,10.162210229639967,0.6031210090604113,0.980222740638828,1.0,cross_class near-pair set (not b5-387); heston_RF; measured moments have sampling error
tree_percell,heston_RF/1-36/call_1.0,0.5494211877192224,-2.9430313690799963,10.080784127889943,0.6033978084869337,0.9822013566023999,1.0,cross_class near-pair set (not b5-387); heston_RF; measured moments have sampling error
tree_percell,heston_RF/1-36/call_1.1,0.5505332320405264,-2.932886566341666,9.988271373949559,0.6037536270069661,0.9843286995006332,1.0,cross_class near-pair set (not b5-387); heston_RF; measured moments have sampling error
tree_percell,heston_RF/1-36/digital_1.0,0.48462688044956487,-3.590081397794366,16.786004942749493,0.5806852450403182,0.8045083546868512,1.0,cross_class near-pair set (not b5-387); heston_RF; measured moments have sampling error
tree_percell,heston_RF/1-37/call_0.9,0.5483154189985904,-2.9519438537934253,10.162210229638312,0.6031210090604143,0.980222740638884,1.0,cross_class near-pair set (not b5-387); heston_RF; measured moments have sampling error
tree_percell,heston_RF/1-37/call_1.0,0.549421187719236,-2.94303136907954,10.080784127886586,0.6033978084869284,0.982201356602452,1.0,cross_class near-pair set (not b5-387); heston_RF; measured moments have sampling error
tree_percell,heston_RF/1-37/call_1.1,0.5505332320405775,-2.932886566341729,9.988271373950672,0.6037536270069659,0.9843286995006506,1.0,cross_class near-pair set (not b5-387); heston_RF; measured moments have sampling error
tree_percell,heston_RF/1-37/digital_1.0,0.48462688044983876,-3.590081397792351,16.78600494274414,0.5806852450404734,0.8045083546871848,1.0,cross_class near-pair set (not b5-387); heston_RF; measured moments have sampling error
tree_percell,heston_RF/1-38/call_0.9,0.5483168516841757,-2.95194681320609,10.162227879954308,0.6031198396461958,0.9802236141813552,1.0,cross_class near-pair set (not b5-387); heston_RF; measured moments have sampling error
tree_percell,heston_RF/1-38/call_1.0,0.5494223839169556,-2.9430338269413108,10.080798733908567,0.6033968326110681,0.9822020818520197,1.0,cross_class near-pair set (not b5-387); heston_RF; measured moments have sampling error
tree_percell,heston_RF/1-38/call_1.1,0.550534219887415,-2.932888584726746,9.98828331686123,0.6037528216148954,0.9843292945425084,1.0,cross_class near-pair set (not b5-387); heston_RF; measured moments have sampling error
tree_percell,heston_RF/1-38/digital_1.0,0.4846396785324306,-3.5901169994824103,16.78627560302953,0.5806744550384272,0.8045190498940629,1.0,cross_class near-pair set (not b5-387); heston_RF; measured moments have sampling error
tree_percell,heston_RF/1-39/call_0.9,0.5481613655491742,-2.9522533582266006,10.163300351658023,0.6030490038450511,0.9801064996005785,1.0,cross_class near-pair set (not b5-387); heston_RF; measured moments have sampling error
tree_percell,heston_RF/1-39/call_1.0,0.5492931610426045,-2.9433052867219955,10.081779916703967,0.6033383019734566,0.9821047789801988,1.0,cross_class near-pair set (not b5-387); heston_RF; measured moments have sampling error
tree_percell,heston_RF/1-39/call_1.1,0.5504278735535837,-2.9331243586376887,9.989156529523248,0.6037048923268951,0.9842494119847331,1.0,cross_class near-pair set (not b5-387); heston_RF; measured moments have sampling error
tree_percell,heston_RF/1-39/digital_1.0,0.48280785347242533,-3.5825998787236166,16.72762997879434,0.5799577915682932,0.8033442424888703,1.0,cross_class near-pair set (not b5-387); heston_RF; measured moments have sampling error
tree_percell,heston_RF/1-40/call_0.9,0.5251934033577212,-2.74523164991615,8.33329912150466,0.6195072360453258,0.9914395044104856,1.0,cross_class near-pair set (not b5-387); heston_RF; measured moments have sampling error
tree_percell,heston_RF/1-40/call_1.0,0.5320412930883541,-2.738934478880639,8.265446767691726,0.6186413895142031,0.9969224253573468,1.0,cross_class near-pair set (not b5-387); heston_RF; measured moments have sampling error
tree_percell,heston_RF/1-40/call_1.1,0.5381848220390184,-2.731312424944419,8.18913479618168,0.6179862879371381,1.0019768599481087,1.0,cross_class near-pair set (not b5-387); heston_RF; measured moments have sampling error
tree_percell,heston_RF/1-40/digital_1.0,0.16669910687222472,-2.9079796028637515,12.532773439969489,0.7196946794929464,0.584751855983778,1.0,cross_class near-pair set (not b5-387); heston_RF; measured moments have sampling error
tree_percell,heston_RF/1-41/call_0.9,0.5913656830005727,-2.602115347241836,7.63574303165591,0.6369776205941858,1.0355759756065046,1.0,cross_class near-pair set (not b5-387); heston_RF; measured moments have sampling error
tree_percell,heston_RF/1-41/call_1.0,0.5924364221320485,-2.594722834749049,7.5752416194172145,0.6372272740501612,1.0368067360694646,1.0,cross_class near-pair set (not b5-387); heston_RF; measured moments have sampling error
tree_percell,heston_RF/1-41/call_1.1,0.5935131695168936,-2.586308438816994,7.506590438610456,0.6375488128171596,1.038116936117538,1.0,cross_class near-pair set (not b5-387); heston_RF; measured moments have sampling error
tree_percell,heston_RF/1-41/digital_1.0,0.5291147225827312,-3.140347693719495,12.676446548883579,0.6164470399320113,0.9209404378575721,1.0,cross_class near-pair set (not b5-387); heston_RF; measured moments have sampling error
tree_percell,heston_RF/1-42/call_0.9,0.5714906626262825,-2.4357248462390397,6.347585601226108,0.6522986670459726,1.0394965797060312,1.0,cross_class near-pair set (not b5-387); heston_RF; measured moments have sampling error
tree_percell,heston_RF/1-42/call_1.0,0.5779730985786518,-2.431043368961496,6.299266617260956,0.6516325936265749,1.0432277823727998,1.0,cross_class near-pair set (not b5-387); heston_RF; measured moments have sampling error
tree_percell,heston_RF/1-42/call_1.1,0.5837934838175871,-2.4251371832302167,6.243954610301966,0.6511471471436056,1.0466368985332197,1.0,cross_class near-pair set (not b5-387); heston_RF; measured moments have sampling error
tree_percell,heston_RF/1-42/digital_1.0,0.22736845913268605,-2.554519273753107,9.612325728041057,0.7414321305733967,0.7311357254145587,1.0,cross_class near-pair set (not b5-387); heston_RF; measured moments have sampling error
tree_percell,heston_RF/1-43/call_0.9,2.2139974614463,-0.6157680013179893,0.9141350126487064,0.9957759664532592,1.0116281470857955,1.0,cross_class near-pair set (not b5-387); heston_RF; measured moments have sampling error
tree_percell,heston_RF/1-43/call_1.0,2.2163075488835293,-0.6158078408595727,0.9177870843983609,0.9958079981111823,1.0115951445914362,1.0,cross_class near-pair set (not b5-387); heston_RF; measured moments have sampling error
tree_percell,heston_RF/1-43/call_1.1,2.218935364767696,-0.6158591734968482,0.9219658421494432,0.9958441583957842,1.0115578243370744,1.0,cross_class near-pair set (not b5-387); heston_RF; measured moments have sampling error
tree_percell,heston_RF/1-43/digital_1.0,2.1123736503168002,-0.6222889848174666,0.7768281984221352,0.9941418650960985,1.0133563723687464,1.0,cross_class near-pair set (not b5-387); heston_RF; measured moments have sampling error
tree_percell,heston_RF/1-44/call_0.9,0.6112230277542832,-3.0212949847302055,9.964616232100424,0.6519094027839156,1.033503387369767,1.0,cross_class near-pair set (not b5-387); heston_RF; measured moments have sampling error
tree_percell,heston_RF/1-44/call_1.0,0.6157727880978304,-3.0013523542063654,9.83653783351661,0.654592790979973,1.0374417682762995,1.0,cross_class near-pair set (not b5-387); heston_RF; measured moments have sampling error
tree_percell,heston_RF/1-44/call_1.1,0.6206710080298115,-2.978008459924039,9.686922696508608,0.6576821038921014,1.0416527043327717,1.0,cross_class near-pair set (not b5-387); heston_RF; measured moments have sampling error
tree_percell,heston_RF/1-44/digital_1.0,0.42663717690011954,-3.796628196500661,15.420073681953376,0.528500918882208,0.7858428589301324,1.0,cross_class near-pair set (not b5-387); heston_RF; measured moments have sampling error
tree_percell,heston_RF/1-46/call_0.9,0.6107015625481617,-3.020803093805855,9.963222345508981,0.652112805380216,1.0331425308917117,1.0,cross_class near-pair set (not b5-387); heston_RF; measured moments have sampling error
tree_percell,heston_RF/1-46/call_1.0,0.6153338084533054,-3.000944335138741,9.835401599033164,0.6547650669513072,1.0371428385120738,1.0,cross_class near-pair set (not b5-387); heston_RF; measured moments have sampling error
tree_percell,heston_RF/1-46/call_1.1,0.6203048570678299,-2.977672164339296,9.686003066251313,0.6578266636188006,1.0414079878875142,1.0,cross_class near-pair set (not b5-387); heston_RF; measured moments have sampling error
tree_percell,heston_RF/1-46/digital_1.0,0.42342868054080657,-3.7920359523523604,15.399409933437955,0.5296942578874151,0.782433518976727,1.0,cross_class near-pair set (not b5-387); heston_RF; measured moments have sampling error
tree_percell,heston_RF/2-7/call_0.9,0.03335429838171772,5.98713523390678,110.38784122131112,0.14672680421674777,-3.6225146902297722,1.0,cross_class near-pair set (not b5-387); heston_RF; measured moments have sampling error
tree_percell,heston_RF/2-7/call_1.0,0.03340109570354927,6.003791690342345,110.48711378534097,0.14668361368673266,-3.6267523039521574,1.0,cross_class near-pair set (not b5-387); heston_RF; measured moments have sampling error
tree_percell,heston_RF/2-7/call_1.1,0.03345652222811661,6.023466091715273,110.60453878926432,0.1466329813126926,-3.6317648730491006,1.0,cross_class near-pair set (not b5-387); heston_RF; measured moments have sampling error
tree_percell,heston_RF/2-7/digital_1.0,0.03315081718507357,5.914740921873952,109.95979445742601,0.1469124649034411,-3.6042409087629212,1.0,cross_class near-pair set (not b5-387); heston_RF; measured moments have sampling error
tree_percell,heston_RF/2-12/call_0.9,0.11093247880325897,-9.562619803905614,91.69883585969386,0.1385882914274331,-2.553061513385382,1.0,cross_class near-pair set (not b5-387); heston_RF; measured moments have sampling error
tree_percell,heston_RF/2-12/call_1.0,0.1109650635616115,-9.56208059346637,91.68800771509324,0.1385615563022098,-2.5525270161743343,1.0,cross_class near-pair set (not b5-387); heston_RF; measured moments have sampling error
tree_percell,heston_RF/2-12/call_1.1,0.11099526206470704,-9.561455991837423,91.67554002328978,0.13853986796647663,-2.5519350642240304,1.0,cross_class near-pair set (not b5-387); heston_RF; measured moments have sampling error
tree_percell,heston_RF/2-12/digital_1.0,0.10916889289615452,-9.593849887986797,92.33878565026941,0.1399263053810328,-2.5841522835021626,1.0,cross_class near-pair set (not b5-387); heston_RF; measured moments have sampling error
tree_percell,heston_RF/2-13/call_0.9,0.023837424164343982,-9.466379423536548,90.57697355684057,0.24520374595607067,-2.7321659485957737,1.0,cross_class near-pair set (not b5-387); heston_RF; measured moments have sampling error
tree_percell,heston_RF/2-13/call_1.0,0.03835364602137044,-9.495482795695306,90.92526105439397,0.2276096837480499,-2.7168117242082372,1.0,cross_class near-pair set (not b5-387); heston_RF; measured moments have sampling error
tree_percell,heston_RF/2-13/call_1.1,0.051123454646011035,-9.516441101762464,91.17217643504493,0.21206997722848114,-2.698152503768729,1.0,cross_class near-pair set (not b5-387); heston_RF; measured moments have sampling error
tree_percell,heston_RF/2-13/digital_1.0,0.6001546714540718,-3.858887689048452,31.019078054993997,0.8042357632505825,0.6865405667200691,1.0,cross_class near-pair set (not b5-387); heston_RF; measured moments have sampling error
tree_percell,heston_RF/2-19/call_0.9,0.07125969763689899,14.035268378284611,194.99419750927353,0.08908476192698517,-7.208440027321107,1.0,cross_class near-pair set (not b5-387); heston_RF; measured moments have sampling error
tree_percell,heston_RF/2-19/call_1.0,0.07126009574603734,14.035267152634914,194.99417456805432,0.08908524497792718,-7.208439069568319,1.0,cross_class near-pair set (not b5-387); heston_RF; measured moments have sampling error
tree_percell,heston_RF/2-19/call_1.1,0.07126060509901058,14.035265559346275,194.994144745328,0.08908588233328746,-7.208437824457689,1.0,cross_class near-pair set (not b5-387); heston_RF; measured moments have sampling error
tree_percell,heston_RF/2-19/digital_1.0,0.07125792065384448,14.03527391867733,194.99430121054255,0.0890825253936853,-7.2084443567599665,1.0,cross_class near-pair set (not b5-387); heston_RF; measured moments have sampling error
tree_percell,heston_RF/2-20/call_0.9,0.17701121343093162,-7.035548616804585,56.74617740732961,0.21885583816720372,-1.0188562052384074,1.0,cross_class near-pair set (not b5-387); heston_RF; measured moments have sampling error
tree_percell,heston_RF/2-20/call_1.0,0.1770799081340592,-7.031229764464875,56.665940348003595,0.21886876395472304,-1.0156584144906193,1.0,cross_class near-pair set (not b5-387); heston_RF; measured moments have sampling error
tree_percell,heston_RF/2-20/call_1.1,0.17715045307254507,-7.0262971918446775,56.574376107276855,0.21889219020214085,-1.012030546572314,1.0,cross_class near-pair set (not b5-387); heston_RF; measured moments have sampling error
tree_percell,heston_RF/2-20/digital_1.0,0.17296516224620548,-7.306302588265055,61.808790062276074,0.2176871949927544,-1.2205965732871593,1.0,cross_class near-pair set (not b5-387); heston_RF; measured moments have sampling error
tree_percell,heston_RF/2-21/call_0.9,0.1770112134307853,-7.035548616804268,56.74617740732523,0.21885583816724632,-1.0188562052386323,1.0,cross_class near-pair set (not b5-387); heston_RF; measured moments have sampling error
tree_percell,heston_RF/2-21/call_1.0,0.1770799081339345,-7.031229764464052,56.66594034798796,0.21886876395481358,-1.0156584144903626,1.0,cross_class near-pair set (not b5-387); heston_RF; measured moments have sampling error
tree_percell,heston_RF/2-21/call_1.1,0.1771504530726804,-7.0262971918440424,56.57437610726706,0.21889219020209622,-1.0120305465715902,1.0,cross_class near-pair set (not b5-387); heston_RF; measured moments have sampling error
tree_percell,heston_RF/2-21/digital_1.0,0.17296516224443764,-7.306302588278056,61.8087900625454,0.2176871949940372,-1.220596573302324,1.0,cross_class near-pair set (not b5-387); heston_RF; measured moments have sampling error
tree_percell,heston_RF/2-22/call_0.9,0.1767010928355016,-7.034318732487783,56.73101147250364,0.22012103246404716,-1.0191210107177868,1.0,cross_class near-pair set (not b5-387); heston_RF; measured moments have sampling error
tree_percell,heston_RF/2-22/call_1.0,0.17682160822098772,-7.030323765949169,56.6545744520463,0.21992574873988616,-1.0159245992180337,1.0,cross_class near-pair set (not b5-387); heston_RF; measured moments have sampling error
tree_percell,heston_RF/2-22/call_1.1,0.17693749428553435,-7.025636660467813,56.56593175203283,0.21976552169895872,-1.0122832553238101,1.0,cross_class near-pair set (not b5-387); heston_RF; measured moments have sampling error
tree_percell,heston_RF/2-22/digital_1.0,0.16939911751693965,-7.214280002476307,60.80383834703361,0.22932038276096048,-1.193557831727028,1.0,cross_class near-pair set (not b5-387); heston_RF; measured moments have sampling error
tree_percell,heston_RF/2-23/call_0.9,0.1737569152385449,-7.030475976720439,56.70115451213754,0.22264133179737314,-1.0258380584923839,1.0,cross_class near-pair set (not b5-387); heston_RF; measured moments have sampling error
tree_percell,heston_RF/2-23/call_1.0,0.17436892467797568,-7.027670758929069,56.63535630903052,0.22203451344723105,-1.0217267340325809,1.0,cross_class near-pair set (not b5-387); heston_RF; measured moments have sampling error
tree_percell,heston_RF/2-23/call_1.1,0.1749161038493065,-7.023845854189685,56.55419923482264,0.22151028391066344,-1.0172134271385547,1.0,cross_class near-pair set (not b5-387); heston_RF; measured moments have sampling error
tree_percell,heston_RF/2-23/digital_1.0,0.1387491697678452,-6.778205169305719,57.171153001989936,0.2501865603231159,-1.138100673735986,1.0,cross_class near-pair set (not b5-387); heston_RF; measured moments have sampling error
tree_percell,heston_RF/2-32/call_0.9,0.07125969861669215,14.035268378299884,194.9941975095594,0.08908475827089987,-7.208440027340335,1.0,cross_class near-pair set (not b5-387); heston_RF; measured moments have sampling error
tree_percell,heston_RF/2-32/call_1.0,0.07126009246176565,14.03526715258365,194.9941745670948,0.08908524163564037,-7.208439069503847,1.0,cross_class near-pair set (not b5-387); heston_RF; measured moments have sampling error
tree_percell,heston_RF/2-32/call_1.1,0.07126060473204082,14.035265560494627,194.99414476682261,0.08908588463002903,-7.208437825355101,1.0,cross_class near-pair set (not b5-387); heston_RF; measured moments have sampling error
tree_percell,heston_RF/2-32/digital_1.0,0.07125791919415186,14.03527391864993,194.99430121002968,0.08908253084803786,-7.208444356727585,1.0,cross_class near-pair set (not b5-387); heston_RF; measured moments have sampling error
tree_percell,heston_RF/2-33/call_0.9,0.07656649865857952,-13.893394435190778,192.2085756392203,0.09586709283326865,-6.738987487961161,1.0,cross_class near-pair set (not b5-387); heston_RF; measured moments have sampling error
tree_percell,heston_RF/2-33/call_1.0,0.0765813720963885,-13.893281766376692,192.20629960025582,0.09585458612442163,-6.738825220680239,1.0,cross_class near-pair set (not b5-387); heston_RF; measured moments have sampling error
tree_percell,heston_RF/2-33/call_1.1,0.07659526873624693,-13.893140537100155,192.2034506382978,0.09584461689342569,-6.738644313258481,1.0,cross_class near-pair set (not b5-387); heston_RF; measured moments have sampling error
tree_percell,heston_RF/2-33/digital_1.0,0.07570652595159685,-13.899453794918916,192.33328122124934,0.09653144475120436,-6.748082504922463,1.0,cross_class near-pair set (not b5-387); heston_RF; measured moments have sampling error
tree_percell,heston_RF/2-34/call_0.9,0.5710778933318424,-2.7061499040551285,8.287997355275238,0.6218017350272103,1.0182262043427652,1.0,cross_class near-pair set (not b5-387); heston_RF; measured moments have sampling error
tree_percell,heston_RF/2-34/call_1.0,0.5719313120381523,-2.703492277227533,8.268354353644794,0.6217928518748119,1.0189565827502096,1.0,cross_class near-pair set (not b5-387); heston_RF; measured moments have sampling error
tree_percell,heston_RF/2-34/call_1.1,0.5727355976289425,-2.70054801017727,8.246623392353404,0.6218265652984442,1.01967769815048,1.0,cross_class near-pair set (not b5-387); heston_RF; measured moments have sampling error
tree_percell,heston_RF/2-34/digital_1.0,0.5227115522239366,-2.855912570669471,9.443836624491588,0.6190707247253847,0.9713918823740574,1.0,cross_class near-pair set (not b5-387); heston_RF; measured moments have sampling error
tree_percell,heston_RF/2-35/call_0.9,0.5710778933318743,-2.7061499040557258,8.287997355279343,0.6218017350270085,1.0182262043427415,1.0,cross_class near-pair set (not b5-387); heston_RF; measured moments have sampling error
tree_percell,heston_RF/2-35/call_1.0,0.5719313120383492,-2.703492277227235,8.268354353642662,0.6217928518747549,1.0189565827503508,1.0,cross_class near-pair set (not b5-387); heston_RF; measured moments have sampling error
tree_percell,heston_RF/2-35/call_1.1,0.5727355976289239,-2.7005480101775423,8.24662339235561,0.6218265652983029,1.0196776981504427,1.0,cross_class near-pair set (not b5-387); heston_RF; measured moments have sampling error
tree_percell,heston_RF/2-35/digital_1.0,0.5227115522255366,-2.8559125706667117,9.443836624483733,0.619070724724279,0.971391882375192,1.0,cross_class near-pair set (not b5-387); heston_RF; measured moments have sampling error
tree_percell,heston_RF/2-36/call_0.9,0.5483140206832472,-2.9519408183207356,10.162192326793809,0.6031222066154934,0.9802218927505385,1.0,cross_class near-pair set (not b5-387); heston_RF; measured moments have sampling error
tree_percell,heston_RF/2-36/call_1.0,0.549420020256985,-2.9430288480750586,10.080769313107169,0.6033988078594443,0.9822006525916975,1.0,cross_class near-pair set (not b5-387); heston_RF; measured moments have sampling error
tree_percell,heston_RF/2-36/call_1.1,0.5505322679589678,-2.932884496029899,9.988259260064693,0.6037544518053837,0.9843281218354983,1.0,cross_class near-pair set (not b5-387); heston_RF; measured moments have sampling error
tree_percell,heston_RF/2-36/digital_1.0,0.48461438663630885,-3.5900448591107454,16.7857302192574,0.5806963030561464,0.8044980661140779,1.0,cross_class near-pair set (not b5-387); heston_RF; measured moments have sampling error
tree_percell,heston_RF/2-37/call_0.9,0.5483140206832904,-2.9519408183205607,10.162192326792153,0.6031222066154964,0.9802218927505945,1.0,cross_class near-pair set (not b5-387); heston_RF; measured moments have sampling error
tree_percell,heston_RF/2-37/call_1.0,0.5494200202569985,-2.9430288480746016,10.08076931310381,0.6033988078594391,0.9822006525917492,1.0,cross_class near-pair set (not b5-387); heston_RF; measured moments have sampling error
tree_percell,heston_RF/2-37/call_1.1,0.5505322679590188,-2.9328844960299625,9.988259260065808,0.6037544518053836,0.9843281218355158,1.0,cross_class near-pair set (not b5-387); heston_RF; measured moments have sampling error
tree_percell,heston_RF/2-37/digital_1.0,0.4846143866365828,-3.59004485910873,16.785730219252063,0.5806963030563018,0.804498066114411,1.0,cross_class near-pair set (not b5-387); heston_RF; measured moments have sampling error
tree_percell,heston_RF/2-38/call_0.9,0.5483154534924576,-2.9519437805090147,10.162209988254338,0.6031210373054623,0.9802227663291134,1.0,cross_class near-pair set (not b5-387); heston_RF; measured moments have sampling error
tree_percell,heston_RF/2-38/call_1.0,0.549421216540949,-2.9430313078651777,10.080783926835561,0.6033978320560787,0.9822013778675066,1.0,cross_class near-pair set (not b5-387); heston_RF; measured moments have sampling error
tree_percell,heston_RF/2-38/call_1.1,0.5505332558647121,-2.9328865157256687,9.988271208187598,0.6037536464626697,0.9843287168959954,1.0,cross_class near-pair set (not b5-387); heston_RF; measured moments have sampling error
tree_percell,heston_RF/2-38/digital_1.0,0.4846271940258574,-3.5900807328691493,16.786002347736265,0.5806855221504402,0.8045087522764114,1.0,cross_class near-pair set (not b5-387); heston_RF; measured moments have sampling error
tree_percell,heston_RF/2-39/call_0.9,0.5481599674343444,-2.952250324255059,10.163282455875335,0.6030502014427339,0.980105651708866,1.0,cross_class near-pair set (not b5-387); heston_RF; measured moments have sampling error
tree_percell,heston_RF/2-39/call_1.0,0.549291993717733,-2.943302766726069,10.081765106638214,0.603339301377057,0.9821040749589239,1.0,cross_class near-pair set (not b5-387); heston_RF; measured moments have sampling error
tree_percell,heston_RF/2-39/call_1.1,0.5504269095643254,-2.9331222889910977,9.989144418726283,0.603705717147376,0.984248834307321,1.0,cross_class near-pair set (not b5-387); heston_RF; measured moments have sampling error
tree_percell,heston_RF/2-39/digital_1.0,0.48279539069872157,-3.582563755292457,16.727357876685705,0.5799688451946068,0.8033340177475883,1.0,cross_class near-pair set (not b5-387); heston_RF; measured moments have sampling error
tree_percell,heston_RF/2-40/call_0.9,0.5251920990108431,-2.745229095173982,8.333285372156293,0.6195083585834444,0.9914388170933714,1.0,cross_class near-pair set (not b5-387); heston_RF; measured moments have sampling error
tree_percell,heston_RF/2-40/call_1.0,0.5320402009894136,-2.738932342930722,8.265435354873903,0.6186423262237876,0.9969218522594276,1.0,cross_class near-pair set (not b5-387); heston_RF; measured moments have sampling error
tree_percell,heston_RF/2-40/call_1.1,0.5381839179972746,-2.7313106607574884,8.189125438714779,0.6179870609172409,1.0019763880939623,1.0,cross_class near-pair set (not b5-387); heston_RF; measured moments have sampling error
tree_percell,heston_RF/2-40/digital_1.0,0.16668935386238204,-2.907964295940336,12.532621512753972,0.7197039980644038,0.5847498413487793,1.0,cross_class near-pair set (not b5-387); heston_RF; measured moments have sampling error
tree_percell,heston_RF/2-41/call_0.9,0.5913643381526614,-2.6021126350056214,7.635728981381231,0.6369787165160334,1.0355753263958916,1.0,cross_class near-pair set (not b5-387); heston_RF; measured moments have sampling error
tree_percell,heston_RF/2-41/call_1.0,0.5924352994563588,-2.5947205813529934,7.575229987103622,0.6372281884650046,1.0368061973208604,1.0,cross_class near-pair set (not b5-387); heston_RF; measured moments have sampling error
tree_percell,heston_RF/2-41/call_1.1,0.593512242553149,-2.5863065875900957,7.506580922073779,0.6375495673733824,1.038116494288745,1.0,cross_class near-pair set (not b5-387); heston_RF; measured moments have sampling error
tree_percell,heston_RF/2-41/digital_1.0,0.5291026111302514,-3.1403154131824627,12.676232753092323,0.6164572558692372,0.9209322090299998,1.0,cross_class near-pair set (not b5-387); heston_RF; measured moments have sampling error
tree_percell,heston_RF/2-42/call_0.9,0.5714893913948412,-2.4357224932172485,6.347574347637698,0.6522997059580895,1.039496039229279,1.0,cross_class near-pair set (not b5-387); heston_RF; measured moments have sampling error
tree_percell,heston_RF/2-42/call_1.0,0.5779720343452827,-2.431041400610948,6.299257269873513,0.6516334604349753,1.0432273325155643,1.0,cross_class near-pair set (not b5-387); heston_RF; measured moments have sampling error
tree_percell,heston_RF/2-42/call_1.1,0.5837926029600945,-2.4251355566454214,6.243946941163417,0.6511478623450772,1.046636528732596,1.0,cross_class near-pair set (not b5-387); heston_RF; measured moments have sampling error
tree_percell,heston_RF/2-42/digital_1.0,0.22735889405023077,-2.5545051876097773,9.612198986875757,0.741440955135334,0.7311333022290973,1.0,cross_class near-pair set (not b5-387); heston_RF; measured moments have sampling error
tree_percell,heston_RF/2-43/call_0.9,2.213997645935291,-0.6157679745404276,0.9141361872391012,0.9957759690205225,1.0116281485481853,1.0,cross_class near-pair set (not b5-387); heston_RF; measured moments have sampling error
tree_percell,heston_RF/2-43/call_1.0,2.2163077042807595,-0.6158078183697518,0.917788073835291,0.9958080002582361,1.011595145814405,1.0,cross_class near-pair set (not b5-387); heston_RF; measured moments have sampling error
tree_percell,heston_RF/2-43/call_1.1,2.218935494439705,-0.6158591547754941,0.9219666677991278,0.9958441601729069,1.0115578253487305,1.0,cross_class near-pair set (not b5-387); heston_RF; measured moments have sampling error
tree_percell,heston_RF/2-43/digital_1.0,2.112374736281448,-0.6222888565315314,0.7768352932173421,0.9941418857167136,1.0133563851309904,1.0,cross_class near-pair set (not b5-387); heston_RF; measured moments have sampling error
tree_percell,heston_RF/7-12/call_0.9,0.11126066541093295,-9.560884250024078,91.67258207917531,0.14006077022973573,-2.550976348671132,1.0,cross_class near-pair set (not b5-387); heston_RF; measured moments have sampling error
tree_percell,heston_RF/7-12/call_1.0,0.11124030677514082,-9.560845803803756,91.66887883852402,0.13979167325928285,-2.5508916832575443,1.0,cross_class near-pair set (not b5-387); heston_RF; measured moments have sampling error
tree_percell,heston_RF/7-12/call_1.1,0.11122358326908138,-9.56059237207345,91.66177484475018,0.13955624283338455,-2.550661086218112,1.0,cross_class near-pair set (not b5-387); heston_RF; measured moments have sampling error
tree_percell,heston_RF/7-12/digital_1.0,0.11182280568549485,-9.453154970010537,90.41714202199944,0.15348225165787516,-2.5001427305632626,1.0,cross_class near-pair set (not b5-387); heston_RF; measured moments have sampling error
tree_percell,heston_RF/7-13/call_0.9,0.024178661450470186,-9.464378312610407,90.54696247085273,0.24597824577606198,-2.7302640017920026,1.0,cross_class near-pair set (not b5-387); heston_RF; measured moments have sampling error
tree_percell,heston_RF/7-13/call_1.0,0.03863747837701069,-9.494054983481801,90.90341347687634,0.22825924408716536,-2.7153009391281326,1.0,cross_class near-pair set (not b5-387); heston_RF; measured moments have sampling error
tree_percell,heston_RF/7-13/call_1.1,0.05135732715365771,-9.515441681634824,91.15650671255,0.2126082651135146,-2.6969622395401767,1.0,cross_class near-pair set (not b5-387); heston_RF; measured moments have sampling error
tree_percell,heston_RF/7-13/digital_1.0,0.5948618772529869,-3.8252012857996105,30.517667342809553,0.8082055493785095,0.683732196130461,1.0,cross_class near-pair set (not b5-387); heston_RF; measured moments have sampling error
tree_percell,heston_RF/7-19/call_0.9,0.03311119998859986,-5.987824020419966,110.39264955874317,0.1464232428091394,-3.5566093718788676,1.0,cross_class near-pair set (not b5-387); heston_RF; measured moments have sampling error
tree_percell,heston_RF/7-19/call_1.0,0.03315830343188186,-6.0044791565359255,110.49192279326908,0.14638043460115233,-3.5605692109296534,1.0,cross_class near-pair set (not b5-387); heston_RF; measured moments have sampling error
tree_percell,heston_RF/7-19/call_1.1,0.03321410183408048,-6.024151961921125,110.60934820507134,0.14633026664047644,-3.5652526752877103,1.0,cross_class near-pair set (not b5-387); heston_RF; measured moments have sampling error
tree_percell,heston_RF/7-19/digital_1.0,0.03290637123167836,-5.915435495145718,109.96460001989043,0.14660722061219592,-3.5395370595855593,1.0,cross_class near-pair set (not b5-387); heston_RF; measured moments have sampling error
tree_percell,heston_RF/7-20/call_0.9,0.17730975681399935,-7.035048476914937,56.742735624130965,0.2201129486276593,-1.017942859062004,1.0,cross_class near-pair set (not b5-387); heston_RF; measured moments have sampling error
tree_percell,heston_RF/7-20/call_1.0,0.17733044007019114,-7.030931086508574,56.66436030316001,0.2199190017089497,-1.0149403078274386,1.0,cross_class near-pair set (not b5-387); heston_RF; measured moments have sampling error
tree_percell,heston_RF/7-20/call_1.1,0.17735837613818242,-7.02613702418265,56.574009872373225,0.2197599521422209,-1.011469643813736,1.0,cross_class near-pair set (not b5-387); heston_RF; measured moments have sampling error
tree_percell,heston_RF/7-20/digital_1.0,0.17527432243304947,-7.228879238984644,60.91866815677571,0.22924144285544043,-1.1814202610380165,1.0,cross_class near-pair set (not b5-387); heston_RF; measured moments have sampling error
tree_percell,heston_RF/7-21/call_0.9,0.17730975681385308,-7.035048476914618,56.742735624126574,0.22011294862781106,-1.0179428590622308,1.0,cross_class near-pair set (not b5-387); heston_RF; measured moments have sampling error
tree_percell,heston_RF/7-21/call_1.0,0.17733044007006668,-7.030931086507767,56.66436030314458,0.21991900170861678,-1.0149403078271886,1.0,cross_class near-pair set (not b5-387); heston_RF; measured moments have sampling error
tree_percell,heston_RF/7-21/call_1.1,0.17735837613831784,-7.026137024182018,56.574009872363504,0.21975995214219524,-1.0114696438130153,1.0,cross_class near-pair set (not b5-387); heston_RF; measured moments have sampling error
tree_percell,heston_RF/7-21/digital_1.0,0.17527432243128988,-7.228879238997999,60.91866815704656,0.2292414428556649,-1.181420261053154,1.0,cross_class near-pair set (not b5-387); heston_RF; measured moments have sampling error
tree_percell,heston_RF/7-22/call_0.9,0.17701342931306674,-7.035550393930427,56.74620764762064,0.21885318681594643,-1.0188514534933164,1.0,cross_class near-pair set (not b5-387); heston_RF; measured moments have sampling error
tree_percell,heston_RF/7-22/call_1.0,0.17708175564358378,-7.031231240308741,56.66596545903235,0.21886655354769127,-1.015654453286847,1.0,cross_class near-pair set (not b5-387); heston_RF; measured moments have sampling error
tree_percell,heston_RF/7-22/call_1.1,0.17715197639185754,-7.026298402903187,56.57439671123942,0.21889036784490995,-1.012027280940488,1.0,cross_class near-pair set (not b5-387); heston_RF; measured moments have sampling error
tree_percell,heston_RF/7-22/digital_1.0,0.17298689777854007,-7.306322189207519,61.80913046034749,0.21766114461537692,-1.2205483574866998,1.0,cross_class near-pair set (not b5-387); heston_RF; measured moments have sampling error
tree_percell,heston_RF/7-23/call_0.9,0.17405510988550968,-7.029954409254502,56.69747914400608,0.22389856813680742,-1.0249238378649006,1.0,cross_class near-pair set (not b5-387); heston_RF; measured moments have sampling error
tree_percell,heston_RF/7-23/call_1.0,0.17461920515955343,-7.02735695593962,56.633611997610444,0.2230848865235062,-1.0210080704412208,1.0,cross_class near-pair set (not b5-387); heston_RF; measured moments have sampling error
tree_percell,heston_RF/7-23/call_1.1,0.17512385041096565,-7.023675276283071,56.55372036856739,0.22237816675737304,-1.0166521852450547,1.0,cross_class near-pair set (not b5-387); heston_RF; measured moments have sampling error
tree_percell,heston_RF/7-23/digital_1.0,0.14111127966899453,-6.7073582550921005,56.356675942617926,0.26145609104772527,-1.1015633108679643,1.0,cross_class near-pair set (not b5-387); heston_RF; measured moments have sampling error
tree_percell,heston_RF/7-24/call_0.9,0.17375940946930593,-7.030477804075399,56.70118675273165,0.2226383424356939,-1.0258327094446087,1.0,cross_class near-pair set (not b5-387); heston_RF; measured moments have sampling error
tree_percell,heston_RF/7-24/call_1.0,0.17437100495520505,-7.027672301972779,56.635383350621595,0.22203202107024111,-1.0217222733902918,1.0,cross_class near-pair set (not b5-387); heston_RF; measured moments have sampling error
tree_percell,heston_RF/7-24/call_1.1,0.17491781961924638,-7.023847138730561,56.55422161824695,0.22150822892355487,-1.0172097488110792,1.0,cross_class near-pair set (not b5-387); heston_RF; measured moments have sampling error
tree_percell,heston_RF/7-24/digital_1.0,0.13877289530116654,-6.778203691670529,57.171314062613945,0.25015768519123355,-1.1380514953650267,1.0,cross_class near-pair set (not b5-387); heston_RF; measured moments have sampling error
tree_percell,heston_RF/7-32/call_0.9,0.033111199984846316,-5.987824019908043,110.39264955588764,0.14642324280309618,-3.556609371768984,1.0,cross_class near-pair set (not b5-387); heston_RF; measured moments have sampling error
tree_percell,heston_RF/7-32/call_1.0,0.03315830344252812,-6.004479155887935,110.49192278994913,0.14638043462304645,-3.5605692107780977,1.0,cross_class near-pair set (not b5-387); heston_RF; measured moments have sampling error
tree_percell,heston_RF/7-32/call_1.1,0.03321410183460043,-6.024151961093159,110.60934819947046,0.14633026666384655,-3.5652526750585936,1.0,cross_class near-pair set (not b5-387); heston_RF; measured moments have sampling error
tree_percell,heston_RF/7-32/digital_1.0,0.03290637123728517,-5.915435495338178,109.96460002107892,0.1466072206479653,-3.5395370596250313,1.0,cross_class near-pair set (not b5-387); heston_RF; measured moments have sampling error
tree_percell,heston_RF/7-33/call_0.9,0.08242913947554802,-12.752476940319633,170.17972603872693,0.12845818820515129,-5.820996134519729,1.0,cross_class near-pair set (not b5-387); heston_RF; measured moments have sampling error
tree_percell,heston_RF/7-33/call_1.0,0.08183869019253116,-13.072028300124138,176.38914315731273,0.12366614028937954,-6.074535769693036,1.0,cross_class near-pair set (not b5-387); heston_RF; measured moments have sampling error
tree_percell,heston_RF/7-33/call_1.1,0.08120312298875865,-13.318907925251526,181.18311405420096,0.11922494672853222,-6.2712091116678135,1.0,cross_class near-pair set (not b5-387); heston_RF; measured moments have sampling error
tree_percell,heston_RF/7-33/digital_1.0,0.05833425042186133,-5.381086165425257,85.38963530506764,0.1713376535876949,-2.481616417078519,1.0,cross_class near-pair set (not b5-387); heston_RF; measured moments have sampling error
tree_percell,heston_RF/7-34/call_0.9,0.5712330949578749,-2.705584873567331,8.285643683090061,0.621909184971146,1.018328453371129,1.0,cross_class near-pair set (not b5-387); heston_RF; measured moments have sampling error
tree_percell,heston_RF/7-34/call_1.0,0.5720618251457431,-2.703030987174813,8.266449852532618,0.6218832374959834,1.019041639596388,1.0,cross_class near-pair set (not b5-387); heston_RF; measured moments have sampling error
tree_percell,heston_RF/7-34/call_1.1,0.5728441021097045,-2.7001744184143077,8.24509372814872,0.6219017270500018,1.0197477035414657,1.0,cross_class near-pair set (not b5-387); heston_RF; measured moments have sampling error
tree_percell,heston_RF/7-34/digital_1.0,0.5237792731404476,-2.8435816959144704,9.378922423367726,0.6197680354914711,0.9728312918945065,1.0,cross_class near-pair set (not b5-387); heston_RF; measured moments have sampling error
tree_percell,heston_RF/7-35/call_0.9,0.5712330949579068,-2.7055848735679295,8.285643683094165,0.6219091849709792,1.0183284533711054,1.0,cross_class near-pair set (not b5-387); heston_RF; measured moments have sampling error
tree_percell,heston_RF/7-35/call_1.0,0.5720618251459401,-2.7030309871745146,8.266449852530478,0.6218832374959621,1.0190416395965287,1.0,cross_class near-pair set (not b5-387); heston_RF; measured moments have sampling error
tree_percell,heston_RF/7-35/call_1.1,0.572844102109686,-2.7001744184145813,8.245093728150932,0.6219017270498879,1.0197477035414286,1.0,cross_class near-pair set (not b5-387); heston_RF; measured moments have sampling error
tree_percell,heston_RF/7-35/digital_1.0,0.5237792731420249,-2.8435816959114124,9.378922423357706,0.619768035490554,0.9728312918956463,1.0,cross_class near-pair set (not b5-387); heston_RF; measured moments have sampling error
tree_percell,heston_RF/7-36/call_0.9,0.5484586813493826,-2.9514564217160495,10.160086827192227,0.603226490732091,0.9803413651385202,1.0,cross_class near-pair set (not b5-387); heston_RF; measured moments have sampling error
tree_percell,heston_RF/7-36/call_1.0,0.5495416634536057,-2.94263367385114,10.079071476025755,0.603486469213929,0.9822995095291015,1.0,cross_class near-pair set (not b5-387); heston_RF; measured moments have sampling error
tree_percell,heston_RF/7-36/call_1.1,0.5506334182960086,-2.9325645412894263,9.986899914388848,0.6038273112436838,0.9844089994595429,1.0,cross_class near-pair set (not b5-387); heston_RF; measured moments have sampling error
tree_percell,heston_RF/7-36/digital_1.0,0.4856433364451239,-3.579065759973795,16.714190499116924,0.5814452821818623,0.8068330679182042,1.0,cross_class near-pair set (not b5-387); heston_RF; measured moments have sampling error
tree_percell,heston_RF/7-37/call_0.9,0.548458681349426,-2.9514564217158776,10.160086827190593,0.6032264907320458,0.9803413651385763,1.0,cross_class near-pair set (not b5-387); heston_RF; measured moments have sampling error
tree_percell,heston_RF/7-37/call_1.0,0.5495416634536197,-2.942633673850688,10.079071476022426,0.6034864692138586,0.9822995095291532,1.0,cross_class near-pair set (not b5-387); heston_RF; measured moments have sampling error
tree_percell,heston_RF/7-37/call_1.1,0.5506334182960594,-2.9325645412894894,9.98689991438996,0.6038273112436584,0.9844089994595596,1.0,cross_class near-pair set (not b5-387); heston_RF; measured moments have sampling error
tree_percell,heston_RF/7-37/digital_1.0,0.4856433364454098,-3.5790657599720332,16.714190499113503,0.5814452821818463,0.8068330679185167,1.0,cross_class near-pair set (not b5-387); heston_RF; measured moments have sampling error
tree_percell,heston_RF/7-38/call_0.9,0.5484601141979565,-2.9514593821514845,10.16010448224512,0.6032253213747487,0.9803422385603872,1.0,cross_class near-pair set (not b5-387); heston_RF; measured moments have sampling error
tree_percell,heston_RF/7-38/call_1.0,0.5495428597671824,-2.942636132448418,10.0790860854502,0.6034854933768122,0.982300234698744,1.0,cross_class near-pair set (not b5-387); heston_RF; measured moments have sampling error
tree_percell,heston_RF/7-38/call_1.1,0.5506344062233065,-2.93256656018964,9.98691185967893,0.6038265058775607,0.9844095944491889,1.0,cross_class near-pair set (not b5-387); heston_RF; measured moments have sampling error
tree_percell,heston_RF/7-38/digital_1.0,0.4856561363321405,-3.5791013011814052,16.714460654909068,0.5814345026088275,0.8068437234491713,1.0,cross_class near-pair set (not b5-387); heston_RF; measured moments have sampling error
tree_percell,heston_RF/7-39/call_0.9,0.5483154159651229,-2.9519438743890065,10.162210314729764,0.6031210065683015,0.9802227379535843,1.0,cross_class near-pair set (not b5-387); heston_RF; measured moments have sampling error
tree_percell,heston_RF/7-39/call_1.0,0.549421183483429,-2.9430313927771574,10.08078422386846,0.6033978050163286,0.9822013530377494,1.0,cross_class near-pair set (not b5-387); heston_RF; measured moments have sampling error
tree_percell,heston_RF/7-39/call_1.1,0.550533226741745,-2.9328865928006715,9.98827147951573,0.6037536226743642,0.9843286951824298,1.0,cross_class near-pair set (not b5-387); heston_RF; measured moments have sampling error
tree_percell,heston_RF/7-39/digital_1.0,0.4846269375987976,-3.5900812753769835,16.78600445928381,0.5806852954121144,0.8045084273355194,1.0,cross_class near-pair set (not b5-387); heston_RF; measured moments have sampling error
tree_percell,heston_RF/7-40/call_0.9,0.5253203105844185,-2.7448085862729807,8.331418423671357,0.6195724746113924,0.991535775134196,1.0,cross_class near-pair set (not b5-387); heston_RF; measured moments have sampling error
tree_percell,heston_RF/7-40/call_1.0,0.5321479834809145,-2.7385905965820307,8.263939823811757,0.6186961610712197,0.9970007603493687,1.0,cross_class near-pair set (not b5-387); heston_RF; measured moments have sampling error
tree_percell,heston_RF/7-40/call_1.1,0.5382735293999007,-2.731035087326669,8.18793660362436,0.6180317692128705,1.002040004837907,1.0,cross_class near-pair set (not b5-387); heston_RF; measured moments have sampling error
tree_percell,heston_RF/7-40/digital_1.0,0.16779177963152697,-2.899588034428229,12.472731809739576,0.7195909815341043,0.5877386585242963,1.0,cross_class near-pair set (not b5-387); heston_RF; measured moments have sampling error
tree_percell,heston_RF/7-41/call_0.9,0.591506205717443,-2.6017728478161897,7.634603124594847,0.6370727813863676,1.0356502336109104,1.0,cross_class near-pair set (not b5-387); heston_RF; measured moments have sampling error
tree_percell,heston_RF/7-41/call_1.0,0.5925545639520041,-2.5944443434303666,7.574330527537732,0.6373072370563586,1.0368683116154767,1.0,cross_class near-pair set (not b5-387); heston_RF; measured moments have sampling error
tree_percell,heston_RF/7-41/call_1.1,0.5936113926216016,-2.586083603636738,7.505866726011243,0.6376152518908053,1.038167398766808,1.0,cross_class near-pair set (not b5-387); heston_RF; measured moments have sampling error
tree_percell,heston_RF/7-41/digital_1.0,0.5301173318000897,-3.1320156064455764,12.63105660824922,0.617140581776837,0.9223235486806985,1.0,cross_class near-pair set (not b5-387); heston_RF; measured moments have sampling error
tree_percell,heston_RF/7-42/call_0.9,0.5716271108073259,-2.435568304599279,6.347190977191328,0.6523670262535808,1.039558976642384,1.0,cross_class near-pair set (not b5-387); heston_RF; measured moments have sampling error
tree_percell,heston_RF/7-42/call_1.0,0.5780863951868057,-2.43089958951292,6.298882215668836,0.6516886069025539,1.043278753880384,1.0,cross_class near-pair set (not b5-387); heston_RF; measured moments have sampling error
tree_percell,heston_RF/7-42/call_1.1,0.583886633878387,-2.42500873944908,6.243597442936101,0.6511926736288256,1.0466780618258043,1.0,cross_class near-pair set (not b5-387); heston_RF; measured moments have sampling error
tree_percell,heston_RF/7-42/digital_1.0,0.22874339839287258,-2.559583655499402,9.648976024413871,0.7394662566131416,0.730904999529864,1.0,cross_class near-pair set (not b5-387); heston_RF; measured moments have sampling error
tree_percell,heston_RF/7-44/call_0.9,0.6112676958473127,-3.02118203686109,9.964225840947345,0.6519296124366843,1.0335325378637694,1.0,cross_class near-pair set (not b5-387); heston_RF; measured moments have sampling error
tree_percell,heston_RF/7-44/call_1.0,0.6158104285933442,-3.0012568306619376,9.836209177506019,0.6546096759224651,1.0374657355898038,1.0,cross_class near-pair set (not b5-387); heston_RF; measured moments have sampling error
tree_percell,heston_RF/7-44/call_1.1,0.6207024293127302,-2.977928273537862,9.68664829648993,0.6576960661962508,1.0416721500406279,1.0,cross_class near-pair set (not b5-387); heston_RF; measured moments have sampling error
tree_percell,heston_RF/7-44/digital_1.0,0.42692235585581173,-3.796104547117352,15.418044129807775,0.5292897245911933,0.7862010235695669,1.0,cross_class near-pair set (not b5-387); heston_RF; measured moments have sampling error
tree_percell,heston_RF/12-13/call_0.9,1.0612006379298777,1.195079648941789,0.989916161711546,0.88323583653647,0.9225386482405364,1.0,cross_class near-pair set (not b5-387); heston_RF; measured moments have sampling error
tree_percell,heston_RF/12-13/call_1.0,1.0612611422724287,1.195012087321094,0.9905602155606972,0.8832616317694906,0.9225496036678202,1.0,cross_class near-pair set (not b5-387); heston_RF; measured moments have sampling error
tree_percell,heston_RF/12-13/call_1.1,1.061327290786046,1.1949228476566094,0.9912209353776138,0.8832903663881921,0.9225625192214604,1.0,cross_class near-pair set (not b5-387); heston_RF; measured moments have sampling error
tree_percell,heston_RF/12-13/digital_1.0,1.060925924999526,1.1954755002339479,0.9876539526724519,0.8831203500756251,0.9224843128995023,1.0,cross_class near-pair set (not b5-387); heston_RF; measured moments have sampling error
tree_percell,heston_RF/12-19/call_0.9,0.11093501337987545,9.562620371352862,91.69884552160896,0.13858517260808495,-2.902347314724743,1.0,cross_class near-pair set (not b5-387); heston_RF; measured moments have sampling error
tree_percell,heston_RF/12-19/call_1.0,0.11096717710902923,9.562081065738042,91.68801575953026,0.13855895556763595,-2.901893182551878,1.0,cross_class near-pair set (not b5-387); heston_RF; measured moments have sampling error
tree_percell,heston_RF/12-19/call_1.1,0.11099700498303268,9.561456380616633,91.67554664771573,0.1385377232976142,-2.9013711355987795,1.0,cross_class near-pair set (not b5-387); heston_RF; measured moments have sampling error
tree_percell,heston_RF/12-19/digital_1.0,0.10919352156304532,9.593855948614342,92.33888721849222,0.13989599662135296,-2.929142706367576,1.0,cross_class near-pair set (not b5-387); heston_RF; measured moments have sampling error
tree_percell,heston_RF/12-20/call_0.9,0.061509174519832774,-0.376179219455195,34.73978326772566,0.25652001279472725,-0.43273074702761555,1.0,cross_class near-pair set (not b5-387); heston_RF; measured moments have sampling error
tree_percell,heston_RF/12-20/call_1.0,0.06155863701282755,-0.3761017864701759,34.71027697411936,0.2565168992188078,-0.4314908202802944,1.0,cross_class near-pair set (not b5-387); heston_RF; measured moments have sampling error
tree_percell,heston_RF/12-20/call_1.1,0.061610684459368584,-0.37574997238740704,34.67680591237489,0.25652492325751947,-0.43008869415114276,1.0,cross_class near-pair set (not b5-387); heston_RF; measured moments have sampling error
tree_percell,heston_RF/12-20/digital_1.0,0.05862434737999299,-0.39573088259856315,36.55811379934625,0.25626986717506695,-0.5089610569431058,1.0,cross_class near-pair set (not b5-387); heston_RF; measured moments have sampling error
tree_percell,heston_RF/12-21/call_0.9,0.06150917451971014,-0.37617921945713917,34.73978326772123,0.2565200127946369,-0.43273074702746317,1.0,cross_class near-pair set (not b5-387); heston_RF; measured moments have sampling error
tree_percell,heston_RF/12-21/call_1.0,0.06155863701271633,-0.3761017864686008,34.710276974112254,0.2565168992188723,-0.4314908202800628,1.0,cross_class near-pair set (not b5-387); heston_RF; measured moments have sampling error
tree_percell,heston_RF/12-21/call_1.1,0.061610684459464146,-0.37574997238808244,34.676805912370085,0.25652492325760884,-0.43008869415089673,1.0,cross_class near-pair set (not b5-387); heston_RF; measured moments have sampling error
tree_percell,heston_RF/12-21/digital_1.0,0.05862434737877963,-0.39573088263829503,36.55811379937702,0.25626986717509254,-0.5089610569445026,1.0,cross_class near-pair set (not b5-387); heston_RF; measured moments have sampling error
tree_percell,heston_RF/12-22/call_0.9,0.061283563786097776,-0.3758216668055947,34.733661314109284,0.25747159571464556,-0.43257489838508817,1.0,cross_class near-pair set (not b5-387); heston_RF; measured moments have sampling error
tree_percell,heston_RF/12-22/call_1.0,0.06137020698969269,-0.3758092652831392,34.70563085559836,0.257311873654838,-0.43137992518241536,1.0,cross_class near-pair set (not b5-387); heston_RF; measured moments have sampling error
tree_percell,heston_RF/12-22/call_1.1,0.06145495177145713,-0.37551299989463593,34.673307537528686,0.2571817688565536,-0.43001112110549755,1.0,cross_class near-pair set (not b5-387); heston_RF; measured moments have sampling error
tree_percell,heston_RF/12-22/digital_1.0,0.05634239800268201,-0.38773533632972546,36.20155824658325,0.26503719027912237,-0.4952173696279088,1.0,cross_class near-pair set (not b5-387); heston_RF; measured moments have sampling error
tree_percell,heston_RF/12-23/call_0.9,0.059108430007767124,-0.38041838632951946,34.72217028260937,0.25935751935502055,-0.4329424918178647,1.0,cross_class near-pair set (not b5-387); heston_RF; measured moments have sampling error
tree_percell,heston_RF/12-23/call_1.0,0.05955587219919034,-0.3796725639092791,34.6980640058092,0.25888961897808316,-0.43177173989958695,1.0,cross_class near-pair set (not b5-387); heston_RF; measured moments have sampling error
tree_percell,heston_RF/12-23/call_1.1,0.059957959794946905,-0.378720222835885,34.66852377060185,0.25848702752644065,-0.43039590324081556,1.0,cross_class near-pair set (not b5-387); heston_RF; measured moments have sampling error
tree_percell,heston_RF/12-23/digital_1.0,0.03489930391745324,-0.38689706698124837,34.89981085019606,0.28095439742360256,-0.4483724915782916,1.0,cross_class near-pair set (not b5-387); heston_RF; measured moments have sampling error
tree_percell,heston_RF/12-32/call_0.9,0.1109350133799679,9.562620371352233,91.69884552159581,0.13858517260836958,-2.9023473147241847,1.0,cross_class near-pair set (not b5-387); heston_RF; measured moments have sampling error
tree_percell,heston_RF/12-32/call_1.0,0.1109671771089441,9.562081065737367,91.68801575951362,0.13855895556768305,-2.9018931825511993,1.0,cross_class near-pair set (not b5-387); heston_RF; measured moments have sampling error
tree_percell,heston_RF/12-32/call_1.1,0.11099700498310304,9.561456380615887,91.67554664770088,0.1385377232976126,-2.901371135598153,1.0,cross_class near-pair set (not b5-387); heston_RF; measured moments have sampling error
tree_percell,heston_RF/12-32/digital_1.0,0.10919352156279045,9.593855948605354,92.33888721828224,0.1398959966220409,-2.9291427063588995,1.0,cross_class near-pair set (not b5-387); heston_RF; measured moments have sampling error
tree_percell,heston_RF/12-33/call_0.9,0.10765799913367587,9.536263489927274,91.36942105479554,0.1423894275629323,-2.888796991311766,1.0,cross_class near-pair set (not b5-387); heston_RF; measured moments have sampling error
tree_percell,heston_RF/12-33/call_1.0,0.10768627133092248,9.535665578304064,91.35789877459707,0.1423672239711049,-2.888315237937385,1.0,cross_class near-pair set (not b5-387); heston_RF; measured moments have sampling error
tree_percell,heston_RF/12-33/call_1.1,0.10771226858716637,9.534983843952174,91.34475923742949,0.14234996716934623,-2.8877663219561276,1.0,cross_class near-pair set (not b5-387); heston_RF; measured moments have sampling error
tree_percell,heston_RF/12-33/digital_1.0,0.10613218791554174,9.570641617683918,92.04668775277962,0.14347612574414087,-2.9170818974614674,1.0,cross_class near-pair set (not b5-387); heston_RF; measured moments have sampling error
tree_percell,heston_RF/12-34/call_0.9,0.4581073591874647,-0.9854519897434038,8.75162579997261,0.6292979732111026,0.8262423567450576,1.0,cross_class near-pair set (not b5-387); heston_RF; measured moments have sampling error
tree_percell,heston_RF/12-34/call_1.0,0.4588575572528952,-0.9838269111014358,8.738421757926176,0.6293368139051508,0.826912430041633,1.0,cross_class near-pair set (not b5-387); heston_RF; measured moments have sampling error
tree_percell,heston_RF/12-34/call_1.1,0.45956793038161287,-0.982065094962595,8.72372407657578,0.6294129220793531,0.8275906569444716,1.0,cross_class near-pair set (not b5-387); heston_RF; measured moments have sampling error
tree_percell,heston_RF/12-34/digital_1.0,0.4159201789932823,-1.0857851082325682,9.506978932346646,0.6242547156779152,0.7867589280868247,1.0,cross_class near-pair set (not b5-387); heston_RF; measured moments have sampling error
tree_percell,heston_RF/12-35/call_0.9,0.4581073591874721,-0.9854519897430617,8.751625799977402,0.6292979732108824,0.8262423567449114,1.0,cross_class near-pair set (not b5-387); heston_RF; measured moments have sampling error
tree_percell,heston_RF/12-35/call_1.0,0.45885755725303884,-0.9838269111004028,8.738421757926474,0.6293368139050977,0.8269124300416401,1.0,cross_class near-pair set (not b5-387); heston_RF; measured moments have sampling error
tree_percell,heston_RF/12-35/call_1.1,0.45956793038158916,-0.9820650949626252,8.723724076577525,0.6294129220792196,0.8275906569444139,1.0,cross_class near-pair set (not b5-387); heston_RF; measured moments have sampling error
tree_percell,heston_RF/12-35/digital_1.0,0.4159201789944552,-1.0857851082242653,9.50697893235277,0.6242547156768509,0.7867589280868631,1.0,cross_class near-pair set (not b5-387); heston_RF; measured moments have sampling error
tree_percell,heston_RF/12-36/call_0.9,0.44987604517484686,-1.4419909973280796,9.42302487371538,0.614263180157212,0.8314633876840315,1.0,cross_class near-pair set (not b5-387); heston_RF; measured moments have sampling error
tree_percell,heston_RF/12-36/call_1.0,0.4507561353847537,-1.4330594755762622,9.372102393668788,0.6145420083841312,0.8328557215460579,1.0,cross_class near-pair set (not b5-387); heston_RF; measured moments have sampling error
tree_percell,heston_RF/12-36/call_1.1,0.45162743858295124,-1.4228826039524252,9.314386630270944,0.6148904989806746,0.8343443872418616,1.0,cross_class near-pair set (not b5-387); heston_RF; measured moments have sampling error
tree_percell,heston_RF/12-36/digital_1.0,0.39955906555869036,-2.0849698245458703,13.80602572832477,0.5925316259644057,0.7050985849660708,1.0,cross_class near-pair set (not b5-387); heston_RF; measured moments have sampling error
tree_percell,heston_RF/12-37/call_0.9,0.4498760451748846,-1.441990997327659,9.42302487371611,0.6142631801572122,0.8314633876840096,1.0,cross_class near-pair set (not b5-387); heston_RF; measured moments have sampling error
tree_percell,heston_RF/12-37/call_1.0,0.4507561353847609,-1.4330594755756842,9.372102393667445,0.6145420083841147,0.8328557215460634,1.0,cross_class near-pair set (not b5-387); heston_RF; measured moments have sampling error
tree_percell,heston_RF/12-37/call_1.1,0.45162743858299664,-1.4228826039524503,9.314386630271711,0.6148904989806677,0.8343443872418701,1.0,cross_class near-pair set (not b5-387); heston_RF; measured moments have sampling error
tree_percell,heston_RF/12-37/digital_1.0,0.39955906555893406,-2.084969824544158,13.80602572832301,0.5925316259644845,0.705098584966249,1.0,cross_class near-pair set (not b5-387); heston_RF; measured moments have sampling error
tree_percell,heston_RF/12-38/call_0.9,0.4498772363739338,-1.4419905175921144,9.423040624851081,0.6142620957389519,0.8314636788201378,1.0,cross_class near-pair set (not b5-387); heston_RF; measured moments have sampling error
tree_percell,heston_RF/12-38/call_1.0,0.45075712961233105,-1.433059065543566,9.372115491300782,0.6145411035083433,0.832855962374998,1.0,cross_class near-pair set (not b5-387); heston_RF; measured moments have sampling error
tree_percell,heston_RF/12-38/call_1.1,0.4516282593187548,-1.4228822568219068,9.314397399551467,0.6148897522570921,0.8343445838819948,1.0,cross_class near-pair set (not b5-387); heston_RF; measured moments have sampling error
tree_percell,heston_RF/12-38/digital_1.0,0.3995699467237649,-2.0849726808122133,13.806216526331259,0.5925215626570425,0.7051029870079325,1.0,cross_class near-pair set (not b5-387); heston_RF; measured moments have sampling error
tree_percell,heston_RF/12-39/call_0.9,0.4497334913522443,-1.4420306138135226,9.423966701528697,0.6141854787459765,0.8313502231543999,1.0,cross_class near-pair set (not b5-387); heston_RF; measured moments have sampling error
tree_percell,heston_RF/12-39/call_1.0,0.45063745546728873,-1.4330988789599992,9.372956400157301,0.6144776643003357,0.8327604571011634,1.0,cross_class near-pair set (not b5-387); heston_RF; measured moments have sampling error
tree_percell,heston_RF/12-39/call_1.1,0.45152962062158636,-1.4229199196201885,9.315142153996426,0.6148377070575327,0.8342651888288476,1.0,cross_class near-pair set (not b5-387); heston_RF; measured moments have sampling error
tree_percell,heston_RF/12-39/digital_1.0,0.3979698121163556,-2.080264978343888,13.764501060429183,0.5917773955186657,0.7046250461977321,1.0,cross_class near-pair set (not b5-387); heston_RF; measured moments have sampling error
tree_percell,heston_RF/12-40/call_0.9,0.510553705200085,-2.948729679125739,10.205783275440774,0.6116070195516526,0.9505804735850781,1.0,cross_class near-pair set (not b5-387); heston_RF; measured moments have sampling error
tree_percell,heston_RF/12-40/call_1.0,0.5179307565977369,-2.941032536792288,10.119570015323768,0.6105392334524172,0.9577409455228996,1.0,cross_class near-pair set (not b5-387); heston_RF; measured moments have sampling error
tree_percell,heston_RF/12-40/call_1.1,0.5245528351084027,-2.931708423662867,10.0217769589012,0.6097162236923798,0.9643809831397108,1.0,cross_class near-pair set (not b5-387); heston_RF; measured moments have sampling error
tree_percell,heston_RF/12-40/digital_1.0,0.13143098623779848,-3.128586810336827,15.003120764226818,0.7207330871539153,0.46352146936143024,1.0,cross_class near-pair set (not b5-387); heston_RF; measured moments have sampling error
tree_percell,heston_RF/12-41/call_0.9,0.49698643775480156,-1.349638007862257,7.433850772797703,0.6488735685146262,0.9042501092327908,1.0,cross_class near-pair set (not b5-387); heston_RF; measured moments have sampling error
tree_percell,heston_RF/12-41/call_1.0,0.49786547073789916,-1.3423369586752252,7.394409112739426,0.6491334199567218,0.9051934299270812,1.0,cross_class near-pair set (not b5-387); heston_RF; measured moments have sampling error
tree_percell,heston_RF/12-41/call_1.1,0.49873744348532884,-1.3340000638617189,7.349783340431355,0.6494579697749833,0.9061882358957328,1.0,cross_class near-pair set (not b5-387); heston_RF; measured moments have sampling error
tree_percell,heston_RF/12-41/digital_1.0,0.44630699150156755,-1.8842612145250761,10.872136222860222,0.6284337819256579,0.8164720136366264,1.0,cross_class near-pair set (not b5-387); heston_RF; measured moments have sampling error
tree_percell,heston_RF/12-42/call_0.9,0.5562965179371064,-2.59397455821163,7.63273638103513,0.6438540390554077,1.0155510304046058,1.0,cross_class near-pair set (not b5-387); heston_RF; measured moments have sampling error
tree_percell,heston_RF/12-42/call_1.0,0.5631972444580922,-2.5884725842926373,7.57425467124898,0.6430168574985243,1.0203109163607407,1.0,cross_class near-pair set (not b5-387); heston_RF; measured moments have sampling error
tree_percell,heston_RF/12-42/call_1.1,0.5693949597040162,-2.581522942328396,7.506675802778858,0.6423881524073088,1.0246852826999675,1.0,cross_class near-pair set (not b5-387); heston_RF; measured moments have sampling error
tree_percell,heston_RF/12-42/digital_1.0,0.1954788303041093,-2.7209052908961526,11.264759517703293,0.741196732088888,0.6507343749407931,1.0,cross_class near-pair set (not b5-387); heston_RF; measured moments have sampling error
tree_percell,heston_RF/13-19/call_0.9,0.023839942080994728,9.466378498649833,90.57696472847961,0.24520063982955131,-2.80734394750232,1.0,cross_class near-pair set (not b5-387); heston_RF; measured moments have sampling error
tree_percell,heston_RF/13-19/call_1.0,0.03835574852038919,9.495482237410009,90.9252562536077,0.22760708711587158,-2.8380306788205787,1.0,cross_class near-pair set (not b5-387); heston_RF; measured moments have sampling error
tree_percell,heston_RF/13-19/call_1.1,0.05112519037886647,9.51644079381422,91.17217433064287,0.21206783250569256,-2.859901803574968,1.0,cross_class near-pair set (not b5-387); heston_RF; measured moments have sampling error
tree_percell,heston_RF/13-19/digital_1.0,0.6001340681474588,3.85881391333643,31.018600684299365,0.8042215604151273,0.13774169965253652,1.0,cross_class near-pair set (not b5-387); heston_RF; measured moments have sampling error
tree_percell,heston_RF/13-20/call_0.9,0.11784252855469518,-0.46263872246431975,34.82068366536093,0.32249907922388094,-0.4020667972721169,1.0,cross_class near-pair set (not b5-387); heston_RF; measured moments have sampling error
tree_percell,heston_RF/13-20/call_1.0,0.10857187880334815,-0.4485822510771571,34.80505540874887,0.31172702093010396,-0.40833194142592494,1.0,cross_class near-pair set (not b5-387); heston_RF; measured moments have sampling error
tree_percell,heston_RF/13-20/call_1.1,0.10041373440066076,-0.4358354395307111,34.774673654633354,0.30219690866376037,-0.41274856670516935,1.0,cross_class near-pair set (not b5-387); heston_RF; measured moments have sampling error
tree_percell,heston_RF/13-20/digital_1.0,0.548832629655568,-1.0140897398270194,24.097579039565286,0.7209049279959574,0.5433634096113193,1.0,cross_class near-pair set (not b5-387); heston_RF; measured moments have sampling error
tree_percell,heston_RF/13-21/call_0.9,0.11784252855459218,-0.4626387224662778,34.82068366535765,0.3224990792237073,-0.40206679727202205,1.0,cross_class near-pair set (not b5-387); heston_RF; measured moments have sampling error
tree_percell,heston_RF/13-21/call_1.0,0.10857187880324251,-0.4485822510755963,34.80505540874221,0.3117270209299959,-0.40833194142575485,1.0,cross_class near-pair set (not b5-387); heston_RF; measured moments have sampling error
tree_percell,heston_RF/13-21/call_1.1,0.10041373440076319,-0.4358354395314029,34.774673654629616,0.3021969086638143,-0.41274856670493965,1.0,cross_class near-pair set (not b5-387); heston_RF; measured moments have sampling error
tree_percell,heston_RF/13-21/digital_1.0,0.5488326296551115,-1.0140897398586863,24.097579039625906,0.720904927995001,0.5433634096115239,1.0,cross_class near-pair set (not b5-387); heston_RF; measured moments have sampling error
tree_percell,heston_RF/13-22/call_0.9,0.11761112881214267,-0.46226475012375434,34.8138169231174,0.3229985970288868,-0.4019673431548181,1.0,cross_class near-pair set (not b5-387); heston_RF; measured moments have sampling error
tree_percell,heston_RF/13-22/call_1.0,0.10837954147144634,-0.44827927768324666,34.79988313090099,0.3121455976551777,-0.408259412582345,1.0,cross_class near-pair set (not b5-387); heston_RF; measured moments have sampling error
tree_percell,heston_RF/13-22/call_1.1,0.10025541404523237,-0.4355919364680817,34.77081287596494,0.3025436286949989,-0.41269662878657937,1.0,cross_class near-pair set (not b5-387); heston_RF; measured moments have sampling error
tree_percell,heston_RF/13-22/digital_1.0,0.5455340304169478,-1.0014627861007537,23.873012751047234,0.7241917529577876,0.5427865313622582,1.0,cross_class near-pair set (not b5-387); heston_RF; measured moments have sampling error
tree_percell,heston_RF/13-32/call_0.9,0.0238399420810413,9.466378498648702,90.57696472845997,0.2452006398294613,-2.8073439475015545,1.0,cross_class near-pair set (not b5-387); heston_RF; measured moments have sampling error
tree_percell,heston_RF/13-32/call_1.0,0.038355748520296426,9.495482237408977,90.92525625358624,0.22760708711601227,-2.8380306788195897,1.0,cross_class near-pair set (not b5-387); heston_RF; measured moments have sampling error
tree_percell,heston_RF/13-32/call_1.1,0.051125190378894285,9.516440793813487,91.17217433062815,0.2120678325056775,-2.8599018035743744,1.0,cross_class near-pair set (not b5-387); heston_RF; measured moments have sampling error
tree_percell,heston_RF/13-32/digital_1.0,0.6001340681490859,3.85881391330578,31.01860068399762,0.8042215604160261,0.13774169966300367,1.0,cross_class near-pair set (not b5-387); heston_RF; measured moments have sampling error
tree_percell,heston_RF/13-33/call_0.9,0.020655501158476055,9.440038213825787,90.24799133202733,0.24887748459274592,-2.7896096812706146,1.0,cross_class near-pair set (not b5-387); heston_RF; measured moments have sampling error
tree_percell,heston_RF/13-33/call_1.0,0.035150485827163035,9.469004050771806,90.59452227091022,0.23131669395321486,-2.820858333975631,1.0,cross_class near-pair set (not b5-387); heston_RF; measured moments have sampling error
tree_percell,heston_RF/13-33/call_1.1,0.04790169006191135,9.489861471148723,90.84016134943212,0.2158042985466843,-2.8432597692645247,1.0,cross_class near-pair set (not b5-387); heston_RF; measured moments have sampling error
tree_percell,heston_RF/13-33/digital_1.0,0.6020984183873904,3.856580406801069,30.956791034249058,0.8054338806252321,0.1421672960965253,1.0,cross_class near-pair set (not b5-387); heston_RF; measured moments have sampling error
tree_percell,heston_RF/13-34/call_0.9,0.49417990019342517,-1.0138659268213963,8.673320580100752,0.6564943308146395,0.8501090620014816,1.0,cross_class near-pair set (not b5-387); heston_RF; measured moments have sampling error
tree_percell,heston_RF/13-34/call_1.0,0.4889986385718993,-1.0078538539777593,8.676278619459397,0.6521574846017937,0.8467764616627333,1.0,cross_class near-pair set (not b5-387); heston_RF; measured moments have sampling error
tree_percell,heston_RF/13-34/call_1.1,0.48447301396420456,-1.0021334565737312,8.67477068064714,0.6483379338981977,0.843940461064776,1.0,cross_class near-pair set (not b5-387); heston_RF; measured moments have sampling error
tree_percell,heston_RF/13-34/digital_1.0,0.7295903847224351,-1.1769815513078357,6.998083319026655,0.8149971035513365,1.0041185084371829,1.0,cross_class near-pair set (not b5-387); heston_RF; measured moments have sampling error
tree_percell,heston_RF/13-35/call_0.9,0.4941799001934327,-1.0138659268210546,8.673320580105507,0.656494330814598,0.8501090620013451,1.0,cross_class near-pair set (not b5-387); heston_RF; measured moments have sampling error
tree_percell,heston_RF/13-35/call_1.0,0.4889986385720451,-1.0078538539767383,8.676278619459659,0.652157484601861,0.8467764616627412,1.0,cross_class near-pair set (not b5-387); heston_RF; measured moments have sampling error
tree_percell,heston_RF/13-35/call_1.1,0.484473013964183,-1.00213345657378,8.674770680648969,0.6483379338981012,0.8439404610647209,1.0,cross_class near-pair set (not b5-387); heston_RF; measured moments have sampling error
tree_percell,heston_RF/13-35/digital_1.0,0.7295903847238745,-1.1769815513004744,6.998083319019159,0.814997103551924,1.0041185084372644,1.0,cross_class near-pair set (not b5-387); heston_RF; measured moments have sampling error
tree_percell,heston_RF/13-36/call_0.9,0.4836611155701161,-1.4578502290385589,9.324361108670852,0.640296223126504,0.8562605879968515,1.0,cross_class near-pair set (not b5-387); heston_RF; measured moments have sampling error
tree_percell,heston_RF/13-36/call_1.0,0.4789986339856643,-1.4467572765311962,9.293207786747587,0.6363800293813606,0.8534444160660919,1.0,cross_class near-pair set (not b5-387); heston_RF; measured moments have sampling error
tree_percell,heston_RF/13-36/call_1.1,0.4749774778086972,-1.4345514035708111,9.251856820448939,0.6329978837031172,0.8512402587087486,1.0,cross_class near-pair set (not b5-387); heston_RF; measured moments have sampling error
tree_percell,heston_RF/13-36/digital_1.0,0.687265159083101,-1.9340825369918984,10.503568666774378,0.7814067632764425,0.9939553948981535,1.0,cross_class near-pair set (not b5-387); heston_RF; measured moments have sampling error
tree_percell,heston_RF/13-37/call_0.9,0.48366111557015146,-1.4578502290381368,9.324361108671496,0.6402962231265157,0.8562605879968298,1.0,cross_class near-pair set (not b5-387); heston_RF; measured moments have sampling error
tree_percell,heston_RF/13-37/call_1.0,0.4789986339856723,-1.446757276530641,9.29320778674636,0.6363800293812767,0.853444416066093,1.0,cross_class near-pair set (not b5-387); heston_RF; measured moments have sampling error
tree_percell,heston_RF/13-37/call_1.1,0.4749774778087416,-1.4345514035708264,9.251856820449616,0.6329978837031395,0.8512402587087596,1.0,cross_class near-pair set (not b5-387); heston_RF; measured moments have sampling error
tree_percell,heston_RF/13-37/digital_1.0,0.6872651590833124,-1.9340825369905128,10.5035686667715,0.7814067632765767,0.9939553948982195,1.0,cross_class near-pair set (not b5-387); heston_RF; measured moments have sampling error
tree_percell,heston_RF/13-38/call_0.9,0.48366232574207135,-1.4578498266270277,9.32437701386059,0.6402973034272303,0.8562609113312254,1.0,cross_class near-pair set (not b5-387); heston_RF; measured moments have sampling error
tree_percell,heston_RF/13-38/call_1.0,0.4789996415133056,-1.4467569208993805,9.29322099748294,0.6363809345855719,0.8534446795607404,1.0,cross_class near-pair set (not b5-387); heston_RF; measured moments have sampling error
tree_percell,heston_RF/13-38/call_1.1,0.47497830766217014,-1.434551093851492,9.251867670245716,0.6329986333957281,0.8512404709221063,1.0,cross_class near-pair set (not b5-387); heston_RF; measured moments have sampling error
tree_percell,heston_RF/13-38/digital_1.0,0.6872771119348096,-1.9340878202516096,10.50373299982692,0.7814144735239791,0.9939606521636113,1.0,cross_class near-pair set (not b5-387); heston_RF; measured moments have sampling error
tree_percell,heston_RF/13-39/call_0.9,0.4835171455596207,-1.457894009158277,9.325217133335004,0.6401821374377589,0.8561518432732134,1.0,cross_class near-pair set (not b5-387); heston_RF; measured moments have sampling error
tree_percell,heston_RF/13-39/call_1.0,0.47887899540596607,-1.446799768843457,9.294001610699087,0.636284742238463,0.8533523493907549,1.0,cross_class near-pair set (not b5-387); heston_RF; measured moments have sampling error
tree_percell,heston_RF/13-39/call_1.1,0.47487902309516716,-1.4345909440184978,9.25257110642322,0.6329191293533908,0.8511633132530713,1.0,cross_class near-pair set (not b5-387); heston_RF; measured moments have sampling error
tree_percell,heston_RF/13-39/digital_1.0,0.6854299538399936,-1.9295886447285902,10.468110422172144,0.7802928363234064,0.9930236761406037,1.0,cross_class near-pair set (not b5-387); heston_RF; measured moments have sampling error
tree_percell,heston_RF/13-40/call_0.9,0.5481438324551383,-2.951820630472632,10.161286285221411,0.6031685803240965,0.9801079547490344,1.0,cross_class near-pair set (not b5-387); heston_RF; measured moments have sampling error
tree_percell,heston_RF/13-40/call_1.0,0.5492778438925284,-2.9429315228926045,10.08003811639746,0.6034376501515132,0.9821059124952827,1.0,cross_class near-pair set (not b5-387); heston_RF; measured moments have sampling error
tree_percell,heston_RF/13-40/call_1.1,0.550414757721707,-2.9328066918791413,9.987678428209328,0.6037866305378204,0.984250227263014,1.0,cross_class near-pair set (not b5-387); heston_RF; measured moments have sampling error
tree_percell,heston_RF/13-40/digital_1.0,0.48305536805975346,-3.5873456132938797,16.76346252247084,0.5810584282911937,0.8030302073040735,1.0,cross_class near-pair set (not b5-387); heston_RF; measured moments have sampling error
tree_percell,heston_RF/13-41/call_0.9,0.528559614190551,-1.3669935278451733,7.375533748928529,0.6715946919618925,0.9226913803664917,1.0,cross_class near-pair set (not b5-387); heston_RF; measured moments have sampling error
tree_percell,heston_RF/13-41/call_1.0,0.5242571888488673,-1.3572246304730926,7.348239366347212,0.6681902145477882,0.9205232983678555,1.0,cross_class near-pair set (not b5-387); heston_RF; measured moments have sampling error
tree_percell,heston_RF/13-41/call_1.1,0.5205556115658534,-1.3466054382144423,7.313564002842552,0.6652565310809769,0.9187824614320635,1.0,cross_class near-pair set (not b5-387); heston_RF; measured moments have sampling error
tree_percell,heston_RF/13-41/digital_1.0,0.7171746004367148,-1.7903124427783361,8.530916519272328,0.7955365564951689,1.025655309476098,1.0,cross_class near-pair set (not b5-387); heston_RF; measured moments have sampling error
tree_percell,heston_RF/13-42/call_0.9,0.5910298030926279,-2.601237242529116,7.629895855656672,0.6369917455814177,1.0354451771021227,1.0,cross_class near-pair set (not b5-387); heston_RF; measured moments have sampling error
tree_percell,heston_RF/13-42/call_1.0,0.5921567917518502,-2.594013195973858,7.570499109828159,0.6372400207165244,1.036697865261344,1.0,cross_class near-pair set (not b5-387); heston_RF; measured moments have sampling error
tree_percell,heston_RF/13-42/call_1.1,0.5932826920607789,-2.5857402839051162,7.502782635727764,0.6375599783182054,1.0380273329263845,1.0,cross_class near-pair set (not b5-387); heston_RF; measured moments have sampling error
tree_percell,heston_RF/13-42/digital_1.0,0.525469205272132,-3.1162161904133,12.512694970801903,0.6177550686281057,0.9198059387899818,1.0,cross_class near-pair set (not b5-387); heston_RF; measured moments have sampling error
tree_percell,heston_RF/13-45/call_0.9,0.5975486415364671,-3.0899455739873987,10.342701781702491,0.6423996776648498,1.0218581096253327,1.0,cross_class near-pair set (not b5-387); heston_RF; measured moments have sampling error
tree_percell,heston_RF/13-45/call_1.0,0.602348116088697,-3.0702228090741346,10.214371833581396,0.6451819254151346,1.0262699151272046,1.0,cross_class near-pair set (not b5-387); heston_RF; measured moments have sampling error
tree_percell,heston_RF/13-45/call_1.1,0.6074532215785189,-3.047255420444774,10.065285247226944,0.6483836872777922,1.0309449673944735,1.0,cross_class near-pair set (not b5-387); heston_RF; measured moments have sampling error
tree_percell,heston_RF/13-45/digital_1.0,0.4055358543882143,-3.841475477347065,15.701981205501564,0.5188223260549548,0.7554827130411783,1.0,cross_class near-pair set (not b5-387); heston_RF; measured moments have sampling error
tree_percell,heston_RF/14-45/call_0.9,0.5976173757689772,-3.090060375283653,10.343293413155418,0.6423606632861633,1.0219038121654807,1.0,cross_class near-pair set (not b5-387); heston_RF; measured moments have sampling error
tree_percell,heston_RF/14-45/call_1.0,0.6024060572434083,-3.0703184735861213,10.214862624696014,0.6451490045913085,1.0263079285889063,1.0,cross_class near-pair set (not b5-387); heston_RF; measured moments have sampling error
tree_percell,heston_RF/14-45/call_1.1,0.6075016188522309,-3.0473344663886923,10.065688384311908,0.6483561721817782,1.0309762261565911,1.0,cross_class near-pair set (not b5-387); heston_RF; measured moments have sampling error
tree_percell,heston_RF/14-45/digital_1.0,0.40594010162775146,-3.8424179720344576,15.707714752116392,0.5185852632388729,0.7558464958748038,1.0,cross_class near-pair set (not b5-387); heston_RF; measured moments have sampling error
tree_percell,heston_RF/19-20/call_0.9,0.1770134290227857,-7.035550410227449,56.74620788937678,0.21885318646914645,-1.0188514632561518,1.0,cross_class near-pair set (not b5-387); heston_RF; measured moments have sampling error
tree_percell,heston_RF/19-20/call_1.0,0.17708175534846587,-7.0312312568822515,56.66596570474608,0.21886655319486448,-1.0156544632080908,1.0,cross_class near-pair set (not b5-387); heston_RF; measured moments have sampling error
tree_percell,heston_RF/19-20/call_1.1,0.17715197609217917,-7.0262984197222185,56.57439696043928,0.21889036748687485,-1.012027291001669,1.0,cross_class near-pair set (not b5-387); heston_RF; measured moments have sampling error
tree_percell,heston_RF/19-20/digital_1.0,0.17298689776092527,-7.306322190527427,61.80913048164011,0.21766114458889138,-1.220548358334611,1.0,cross_class near-pair set (not b5-387); heston_RF; measured moments have sampling error
tree_percell,heston_RF/19-21/call_0.9,0.17701342902263933,-7.03555041022713,56.74620788937235,0.21885318646958798,-1.0188514632563757,1.0,cross_class near-pair set (not b5-387); heston_RF; measured moments have sampling error
tree_percell,heston_RF/19-21/call_1.0,0.17708175534834128,-7.03123125688143,56.66596570473049,0.2188665531946971,-1.015654463207835,1.0,cross_class near-pair set (not b5-387); heston_RF; measured moments have sampling error
tree_percell,heston_RF/19-21/call_1.1,0.17715197609231453,-7.0262984197215825,56.574396960429524,0.21889036748686785,-1.012027291000945,1.0,cross_class near-pair set (not b5-387); heston_RF; measured moments have sampling error
tree_percell,heston_RF/19-21/digital_1.0,0.17298689775915746,-7.306322190540437,61.80913048190955,0.2176611445899616,-1.2205483583497816,1.0,cross_class near-pair set (not b5-387); heston_RF; measured moments have sampling error
tree_percell,heston_RF/19-22/call_0.9,0.17670330797298103,-7.034320509562932,56.73104178010055,0.2201183808855607,-1.019116270016038,1.0,cross_class near-pair set (not b5-387); heston_RF; measured moments have sampling error
tree_percell,heston_RF/19-22/call_1.0,0.1768234551292508,-7.030325247140338,56.65459968868129,0.21992353805145218,-1.015920648732035,1.0,cross_class near-pair set (not b5-387); heston_RF; measured moments have sampling error
tree_percell,heston_RF/19-22/call_1.1,0.17693901710270635,-7.025637880791042,56.56595252420138,0.21976369902532586,-1.0122800002386891,1.0,cross_class near-pair set (not b5-387); heston_RF; measured moments have sampling error
tree_percell,heston_RF/19-22/digital_1.0,0.16942073453196346,-7.214296802468719,60.8041511250158,0.22929442841724848,-1.1935104642396073,1.0,cross_class near-pair set (not b5-387); heston_RF; measured moments have sampling error
tree_percell,heston_RF/19-23/call_0.9,0.173759127573979,-7.030477608940251,56.70118329185653,0.22263867961174888,-1.025833320843596,1.0,cross_class near-pair set (not b5-387); heston_RF; measured moments have sampling error
tree_percell,heston_RF/19-23/call_1.0,0.17437076968082504,-7.027672140087247,56.63538048939927,0.2220323022822818,-1.021722785250062,1.0,cross_class near-pair set (not b5-387); heston_RF; measured moments have sampling error
tree_percell,heston_RF/19-23/call_1.1,0.17491762539613118,-7.023847006895823,56.55421929249996,0.22150846088066173,-1.0172101729614524,1.0,cross_class near-pair set (not b5-387); heston_RF; measured moments have sampling error
tree_percell,heston_RF/19-23/digital_1.0,0.13877022084366283,-6.778203572420532,57.17129268837199,0.25016093449904037,-1.13805691667145,1.0,cross_class near-pair set (not b5-387); heston_RF; measured moments have sampling error
tree_percell,heston_RF/19-32/call_0.9,0.011323496229855299,0.1547771951654108,1.4312281349059246,0.7379313823997075,0.9400887198908956,1.0,cross_class near-pair set (not b5-387); heston_RF; measured moments have sampling error
tree_percell,heston_RF/19-32/call_1.0,0.04228299274349981,0.6880707980364544,4.25778479249532,0.8038248854440537,0.8183854236328242,1.0,cross_class near-pair set (not b5-387); heston_RF; measured moments have sampling error
tree_percell,heston_RF/19-32/call_1.1,0.0042182829354705355,-0.6208493729250851,2.4125408623182265,0.8088783501039746,0.8999175200143052,1.0,cross_class near-pair set (not b5-387); heston_RF; measured moments have sampling error
tree_percell,heston_RF/19-32/digital_1.0,0.025183422675958717,1.2468056846254971,13.647392789914125,0.6100195384413528,0.4268497012439459,1.0,cross_class near-pair set (not b5-387); heston_RF; measured moments have sampling error
tree_percell,heston_RF/19-33/call_0.9,0.07662781680122241,-13.893422734986814,192.20912052479508,0.09579098266518796,-6.738721065953386,1.0,cross_class near-pair set (not b5-387); heston_RF; measured moments have sampling error
tree_percell,heston_RF/19-33/call_1.0,0.0766324450551155,-13.893303202423258,192.20671393663457,0.09579118305401282,-6.738601700678789,1.0,cross_class near-pair set (not b5-387); heston_RF; measured moments have sampling error
tree_percell,heston_RF/19-33/call_1.1,0.07663733799872902,-13.89315664929516,192.20376334610225,0.09579238427015742,-6.73845903087146,1.0,cross_class near-pair set (not b5-387); heston_RF; measured moments have sampling error
tree_percell,heston_RF/19-33/digital_1.0,0.07634322979188386,-13.901238261022545,192.3663718088017,0.09574778398751156,-6.746436356448837,1.0,cross_class near-pair set (not b5-387); heston_RF; measured moments have sampling error
tree_percell,heston_RF/19-34/call_0.9,0.5710794616133803,-2.7061530488769585,8.288014320056396,0.6218004377622337,1.018227016952451,1.0,cross_class near-pair set (not b5-387); heston_RF; measured moments have sampling error
tree_percell,heston_RF/19-34/call_1.0,0.5719326199436386,-2.7034948920096546,8.268368454452345,0.6217917701078214,1.0189572591566456,1.0,cross_class near-pair set (not b5-387); heston_RF; measured moments have sampling error
tree_percell,heston_RF/19-34/call_1.1,0.5727366762908862,-2.7005501604539206,8.246634982160927,0.6218256732821416,1.0196782548258765,1.0,cross_class near-pair set (not b5-387); heston_RF; measured moments have sampling error
tree_percell,heston_RF/19-34/digital_1.0,0.5227266271276864,-2.8559475913190497,9.444031169843573,0.6190581491758372,0.9714004059940763,1.0,cross_class near-pair set (not b5-387); heston_RF; measured moments have sampling error
tree_percell,heston_RF/19-35/call_0.9,0.5710794616134122,-2.706153048877556,8.288014320060496,0.621800437762032,1.0182270169524275,1.0,cross_class near-pair set (not b5-387); heston_RF; measured moments have sampling error
tree_percell,heston_RF/19-35/call_1.0,0.5719326199438357,-2.7034948920093567,8.268368454450213,0.6217917701077647,1.0189572591567864,1.0,cross_class near-pair set (not b5-387); heston_RF; measured moments have sampling error
tree_percell,heston_RF/19-35/call_1.1,0.5727366762908673,-2.7005501604541924,8.246634982163132,0.6218256732820004,1.019678254825839,1.0,cross_class near-pair set (not b5-387); heston_RF; measured moments have sampling error
tree_percell,heston_RF/19-35/digital_1.0,0.5227266271292865,-2.8559475913162906,9.444031169835721,0.6190581491747316,0.971400405995211,1.0,cross_class near-pair set (not b5-387); heston_RF; measured moments have sampling error
tree_percell,heston_RF/19-36/call_0.9,0.5483154248680977,-2.9519438413257686,10.162210188579463,0.6031210138660541,0.9802227450101934,1.0,cross_class near-pair set (not b5-387); heston_RF; measured moments have sampling error
tree_percell,heston_RF/19-36/call_1.0,0.5494211926236807,-2.943031358665257,10.080784093686347,0.6033978124968764,0.9822013602209203,1.0,cross_class near-pair set (not b5-387); heston_RF; measured moments have sampling error
tree_percell,heston_RF/19-36/call_1.1,0.5505332360944721,-2.93288655773066,9.988271345752898,0.6037536303170287,0.9843287024605647,1.0,cross_class near-pair set (not b5-387); heston_RF; measured moments have sampling error
tree_percell,heston_RF/19-36/digital_1.0,0.4846269338119435,-3.590081284677968,16.786004501414805,0.5806852921911284,0.8045084223416025,1.0,cross_class near-pair set (not b5-387); heston_RF; measured moments have sampling error
tree_percell,heston_RF/19-37/call_0.9,0.548315424868141,-2.951943841325594,10.162210188577811,0.6031210138660572,0.9802227450102496,1.0,cross_class near-pair set (not b5-387); heston_RF; measured moments have sampling error
tree_percell,heston_RF/19-37/call_1.0,0.5494211926236944,-2.9430313586648,10.080784093682993,0.6033978124968713,0.9822013602209722,1.0,cross_class near-pair set (not b5-387); heston_RF; measured moments have sampling error
tree_percell,heston_RF/19-37/call_1.1,0.550533236094523,-2.932886557730722,9.988271345753999,0.6037536303170284,0.9843287024605821,1.0,cross_class near-pair set (not b5-387); heston_RF; measured moments have sampling error
tree_percell,heston_RF/19-37/digital_1.0,0.48462693381221733,-3.590081284675952,16.78600450140945,0.5806852921912834,0.8045084223419355,1.0,cross_class near-pair set (not b5-387); heston_RF; measured moments have sampling error
tree_percell,heston_RF/19-38/call_0.9,0.5483168575537137,-2.9519468007379692,10.16222783889214,0.6031198444518232,0.9802236185527234,1.0,cross_class near-pair set (not b5-387); heston_RF; measured moments have sampling error
tree_percell,heston_RF/19-38/call_1.0,0.5494223888214054,-2.9430338165263716,10.08079869970383,0.6033968366210003,0.9822020854705418,1.0,cross_class near-pair set (not b5-387); heston_RF; measured moments have sampling error
tree_percell,heston_RF/19-38/call_1.1,0.5505342239413547,-2.9328885761156025,9.98828328866378,0.6037528249249507,0.9843292975024411,1.0,cross_class near-pair set (not b5-387); heston_RF; measured moments have sampling error
tree_percell,heston_RF/19-38/digital_1.0,0.48463973189389487,-3.590116886336943,16.78627516148557,0.5806745021879287,0.8045191175513026,1.0,cross_class near-pair set (not b5-387); heston_RF; measured moments have sampling error
tree_percell,heston_RF/19-39/call_0.9,0.5481613714181194,-2.9522533457516005,10.16330031054957,0.6030490086511596,0.980106503973698,1.0,cross_class near-pair set (not b5-387); heston_RF; measured moments have sampling error
tree_percell,heston_RF/19-39/call_1.0,0.5492931659466476,-2.9433052763022696,10.081779882466881,0.6033383059837272,0.9821047825999739,1.0,cross_class near-pair set (not b5-387); heston_RF; measured moments have sampling error
tree_percell,heston_RF/19-39/call_1.1,0.55042787760725,-2.9331243500232853,9.989156501303706,0.6037048956371833,0.9842494149455395,1.0,cross_class near-pair set (not b5-387); heston_RF; measured moments have sampling error
tree_percell,heston_RF/19-39/digital_1.0,0.482807906740008,-3.5825997648218757,16.7276295328265,0.5799578387329127,0.8033443100106497,1.0,cross_class near-pair set (not b5-387); heston_RF; measured moments have sampling error
tree_percell,heston_RF/19-40/call_0.9,0.5251934088807202,-2.7452316381258384,8.333299085067155,0.619507240650102,0.9914395079942185,1.0,cross_class near-pair set (not b5-387); heston_RF; measured moments have sampling error
tree_percell,heston_RF/19-40/call_1.0,0.5320412977184328,-2.738934469260449,8.265446738463574,0.6186413933476401,0.9969224282922303,1.0,cross_class near-pair set (not b5-387); heston_RF; measured moments have sampling error
tree_percell,heston_RF/19-40/call_1.1,0.5381848258772818,-2.7313124171571035,8.189134772898099,0.6179862910948836,1.0019768623264205,1.0,cross_class near-pair set (not b5-387); heston_RF; measured moments have sampling error
tree_percell,heston_RF/19-40/digital_1.0,0.16669915235691365,-2.907979382402386,12.532772286894533,0.7196947253466451,0.5847519308469521,1.0,cross_class near-pair set (not b5-387); heston_RF; measured moments have sampling error
tree_percell,heston_RF/19-41/call_0.9,0.5913656886963973,-2.6021153386375646,7.635743013321971,0.63697762496655,1.0355759784486034,1.0,cross_class near-pair set (not b5-387); heston_RF; measured moments have sampling error
tree_percell,heston_RF/19-41/call_1.0,0.5924364268912409,-2.5947228275601457,7.575241604124752,0.6372272776981613,1.0368067384206867,1.0,cross_class near-pair set (not b5-387); heston_RF; measured moments have sampling error
tree_percell,heston_RF/19-41/call_1.1,0.5935131734506159,-2.5863084328706543,7.506590425976693,0.637548815828105,1.0381169380394986,1.0,cross_class near-pair set (not b5-387); heston_RF; measured moments have sampling error
tree_percell,heston_RF/19-41/digital_1.0,0.5291147744737107,-3.140347617621353,12.676446378882464,0.6164470831493241,0.9209404835716595,1.0,cross_class near-pair set (not b5-387); heston_RF; measured moments have sampling error
tree_percell,heston_RF/19-43/call_0.9,2.2139974626084933,-0.6157680011897377,0.9141350158840784,0.9957759664694318,1.0116281470745245,1.0,cross_class near-pair set (not b5-387); heston_RF; measured moments have sampling error
tree_percell,heston_RF/19-43/call_1.0,2.2163075498656384,-0.6158078407597702,0.9177870871396316,0.9958079981247515,1.011595144582043,1.0,cross_class near-pair set (not b5-387); heston_RF; measured moments have sampling error
tree_percell,heston_RF/19-43/call_1.1,2.218935365590454,-0.6158591734216339,0.9219658444528012,0.9958441584070599,1.0115578243293315,1.0,cross_class near-pair set (not b5-387); heston_RF; measured moments have sampling error
tree_percell,heston_RF/19-43/digital_1.0,2.11237365660517,-0.6222889817431136,0.7768282134420694,0.994141865215431,1.013356372257896,1.0,cross_class near-pair set (not b5-387); heston_RF; measured moments have sampling error
tree_percell,heston_RF/19-44/call_0.9,0.6112230298938297,-3.021294988182276,9.964616252846124,0.6519094043775825,1.0335033886771312,1.0,cross_class near-pair set (not b5-387); heston_RF; measured moments have sampling error
tree_percell,heston_RF/19-44/call_1.0,0.615772789902929,-3.0013523571015712,9.836537850864632,0.6545927923149018,1.037441769363429,1.0,cross_class near-pair set (not b5-387); heston_RF; measured moments have sampling error
tree_percell,heston_RF/19-44/call_1.1,0.6206710095388415,-2.9780084623272214,9.686922710859157,0.657682104999486,1.0416527052262696,1.0,cross_class near-pair set (not b5-387); heston_RF; measured moments have sampling error
tree_percell,heston_RF/19-44/digital_1.0,0.42663718920244703,-3.796628218109436,15.420073830473331,0.5285009307212077,0.7858428702751039,1.0,cross_class near-pair set (not b5-387); heston_RF; measured moments have sampling error
tree_percell,heston_RF/19-46/call_0.9,0.6107015646865286,-3.020803097246337,9.963222366210028,0.6521128069741781,1.0331425321984884,1.0,cross_class near-pair set (not b5-387); heston_RF; measured moments have sampling error
tree_percell,heston_RF/19-46/call_1.0,0.6153338102575651,-3.000944338025778,9.835401616349955,0.6547650682864465,1.0371428395987958,1.0,cross_class near-pair set (not b5-387); heston_RF; measured moments have sampling error
tree_percell,heston_RF/19-46/call_1.1,0.6203048585762737,-2.977672166736832,9.686003080580461,0.6578266647263328,1.0414079887807346,1.0,cross_class near-pair set (not b5-387); heston_RF; measured moments have sampling error
tree_percell,heston_RF/19-46/digital_1.0,0.4234286928053519,-3.7920359734244786,15.399410079282521,0.5296942697331437,0.7824335302839909,1.0,cross_class near-pair set (not b5-387); heston_RF; measured moments have sampling error
tree_percell,heston_RF/20-21/call_0.9,0.08120085029747418,0.8768720939945616,3.3610430245195566,0.7256571403989325,0.8500039885141644,1.0,cross_class near-pair set (not b5-387); heston_RF; measured moments have sampling error
tree_percell,heston_RF/20-21/call_1.0,0.08799097231001565,-0.06162168585984511,2.121386798968045,0.8108369680315072,0.9138655478808847,1.0,cross_class near-pair set (not b5-387); heston_RF; measured moments have sampling error
tree_percell,heston_RF/20-21/call_1.1,0.07185757571479554,0.04444203477943184,1.9491647435574597,0.7964775981111994,0.9190904058576904,1.0,cross_class near-pair set (not b5-387); heston_RF; measured moments have sampling error
tree_percell,heston_RF/20-21/digital_1.0,0.08137884587711594,0.3427612316413628,10.225253278364988,0.6404380393080378,0.5749415777503152,1.0,cross_class near-pair set (not b5-387); heston_RF; measured moments have sampling error
tree_percell,heston_RF/20-22/call_0.9,0.03311114582801245,5.987824111820669,110.39264909587139,0.14642331013703827,-3.622624942305883,1.0,cross_class near-pair set (not b5-387); heston_RF; measured moments have sampling error
tree_percell,heston_RF/20-22/call_1.0,0.03315823743052437,6.0044792673011465,110.49192222571145,0.14638051674276797,-3.626862361973387,1.0,cross_class near-pair set (not b5-387); heston_RF; measured moments have sampling error
tree_percell,heston_RF/20-22/call_1.1,0.033214020646430746,6.024152098664478,110.60934751429701,0.14633036761560264,-3.63187469166387,1.0,cross_class near-pair set (not b5-387); heston_RF; measured moments have sampling error
tree_percell,heston_RF/20-22/digital_1.0,0.032906370850159225,5.915435496131339,109.96460001881522,0.14660722114594563,-3.604352022657498,1.0,cross_class near-pair set (not b5-387); heston_RF; measured moments have sampling error
tree_percell,heston_RF/20-23/call_0.9,0.1584326390386835,10.499230671912365,123.72456052282236,0.19610990862800384,-4.172110563726821,1.0,cross_class near-pair set (not b5-387); heston_RF; measured moments have sampling error
tree_percell,heston_RF/20-23/call_1.0,0.15840776496709663,10.501422278252235,123.77169375118649,0.19607987904740348,-4.174071950166859,1.0,cross_class near-pair set (not b5-387); heston_RF; measured moments have sampling error
tree_percell,heston_RF/20-23/call_1.1,0.158377739910627,10.503987707642288,123.82663452863197,0.196043630412668,-4.176360112316717,1.0,cross_class near-pair set (not b5-387); heston_RF; measured moments have sampling error
tree_percell,heston_RF/20-23/digital_1.0,0.15854142698274606,10.489749845831243,123.52100437526694,0.19624124028733553,-4.163637727487042,1.0,cross_class near-pair set (not b5-387); heston_RF; measured moments have sampling error
tree_percell,heston_RF/20-32/call_0.9,0.17701342902286948,7.035550410230869,56.74620788943446,0.21885318646935556,-1.421239582867851,1.0,cross_class near-pair set (not b5-387); heston_RF; measured moments have sampling error
tree_percell,heston_RF/20-32/call_1.0,0.1770817553483775,7.031231256882698,56.66596570474912,0.21886655319474038,-1.4179411463768665,1.0,cross_class near-pair set (not b5-387); heston_RF; measured moments have sampling error
tree_percell,heston_RF/20-32/call_1.1,0.17715197609220396,7.026298419722801,56.574396960448055,0.21889036748699842,-1.4141812572333075,1.0,cross_class near-pair set (not b5-387); heston_RF; measured moments have sampling error
tree_percell,heston_RF/20-32/digital_1.0,0.1729868977597397,7.306322190497813,61.80913048101526,0.21766114459192024,-1.6294876074597606,1.0,cross_class near-pair set (not b5-387); heston_RF; measured moments have sampling error
tree_percell,heston_RF/20-33/call_0.9,0.17412051829624123,7.018967550974525,56.56102393211524,0.22205467296375989,-1.4149878347035327,1.0,cross_class near-pair set (not b5-387); heston_RF; measured moments have sampling error
tree_percell,heston_RF/20-33/call_1.0,0.17418590736243117,7.014630217739877,56.48074832518429,0.22207072637243838,-1.4116864642732234,1.0,cross_class near-pair set (not b5-387); heston_RF; measured moments have sampling error
tree_percell,heston_RF/20-33/call_1.1,0.17425322908926844,7.0096816531759725,56.38919441451323,0.2220972019866401,-1.4079249844308468,1.0,cross_class near-pair set (not b5-387); heston_RF; measured moments have sampling error
tree_percell,heston_RF/20-33/digital_1.0,0.17026019147069144,7.290719301568004,61.62528028728403,0.22070915299911234,-1.6233849215359817,1.0,cross_class near-pair set (not b5-387); heston_RF; measured moments have sampling error
tree_percell,heston_RF/20-34/call_0.9,0.39969741613615656,-0.7634273164933235,7.645546595896526,0.6549596277056728,0.8144574660204981,1.0,cross_class near-pair set (not b5-387); heston_RF; measured moments have sampling error
tree_percell,heston_RF/20-34/call_1.0,0.40036513353182934,-0.7618261349663829,7.630972929982077,0.6550098846529175,0.8151147167925253,1.0,cross_class near-pair set (not b5-387); heston_RF; measured moments have sampling error
tree_percell,heston_RF/20-34/call_1.1,0.40099385686097994,-0.7601840980289061,7.614477101248985,0.6550984415927676,0.8158078094248228,1.0,cross_class near-pair set (not b5-387); heston_RF; measured moments have sampling error
tree_percell,heston_RF/20-34/digital_1.0,0.36218353085117033,-0.8589991554512056,8.514515847116991,0.6492220718489257,0.7745239967954792,1.0,cross_class near-pair set (not b5-387); heston_RF; measured moments have sampling error
tree_percell,heston_RF/20-35/call_0.9,0.3996974161361878,-0.7634273164938317,7.645546595899587,0.6549596277054919,0.8144574660204498,1.0,cross_class near-pair set (not b5-387); heston_RF; measured moments have sampling error
tree_percell,heston_RF/20-35/call_1.0,0.40036513353198194,-0.7618261349662122,7.630972929980782,0.6550098846528986,0.8151147167926258,1.0,cross_class near-pair set (not b5-387); heston_RF; measured moments have sampling error
tree_percell,heston_RF/20-35/call_1.1,0.4009938568609556,-0.7601840980289547,7.614477101250369,0.6550984415926474,0.8158078094247728,1.0,cross_class near-pair set (not b5-387); heston_RF; measured moments have sampling error
tree_percell,heston_RF/20-35/digital_1.0,0.3621835308522438,-0.8589991554430768,8.514515847125773,0.6492220718486051,0.7745239967953143,1.0,cross_class near-pair set (not b5-387); heston_RF; measured moments have sampling error
tree_percell,heston_RF/20-36/call_0.9,0.39655787143881044,-1.20706117551824,8.315120674820617,0.6394730570623914,0.8179730948383291,1.0,cross_class near-pair set (not b5-387); heston_RF; measured moments have sampling error
tree_percell,heston_RF/20-36/call_1.0,0.39731378329661754,-1.198476523455126,8.267075866113212,0.6397664153752777,0.8193436316188614,1.0,cross_class near-pair set (not b5-387); heston_RF; measured moments have sampling error
tree_percell,heston_RF/20-36/call_1.1,0.3980530543800881,-1.1887928173885454,8.212532860464496,0.6401309807701463,0.8208330482059338,1.0,cross_class near-pair set (not b5-387); heston_RF; measured moments have sampling error
tree_percell,heston_RF/20-36/digital_1.0,0.35337901478534656,-1.8247078430824302,12.424500757644022,0.6168315115384878,0.6942405179497428,1.0,cross_class near-pair set (not b5-387); heston_RF; measured moments have sampling error
tree_percell,heston_RF/20-37/call_0.9,0.3965578714388542,-1.2070611755182832,8.315120674819553,0.6394730570624291,0.8179730948383876,1.0,cross_class near-pair set (not b5-387); heston_RF; measured moments have sampling error
tree_percell,heston_RF/20-37/call_1.0,0.3973137832966305,-1.198476523455013,8.267075866110277,0.6397664153752701,0.8193436316189501,1.0,cross_class near-pair set (not b5-387); heston_RF; measured moments have sampling error
tree_percell,heston_RF/20-37/call_1.1,0.39805305438013033,-1.1887928173885332,8.212532860465013,0.6401309807701611,0.8208330482059404,1.0,cross_class near-pair set (not b5-387); heston_RF; measured moments have sampling error
tree_percell,heston_RF/20-37/digital_1.0,0.3533790147855526,-1.8247078430800077,12.424500757639878,0.6168315115386213,0.6942405179499151,1.0,cross_class near-pair set (not b5-387); heston_RF; measured moments have sampling error
tree_percell,heston_RF/20-38/call_0.9,0.3965589727308562,-1.2070601067652937,8.31513264547286,0.639471998799673,0.8179732746922029,1.0,cross_class near-pair set (not b5-387); heston_RF; measured moments have sampling error
tree_percell,heston_RF/20-38/call_1.0,0.3973147023062645,-1.1984756234568532,8.267085818247317,0.6397655323511356,0.8193437797620113,1.0,cross_class near-pair set (not b5-387); heston_RF; measured moments have sampling error
tree_percell,heston_RF/20-38/call_1.1,0.3980538128640352,-1.1887920673471395,8.212541041726011,0.640130252106524,0.8208331685460847,1.0,cross_class near-pair set (not b5-387); heston_RF; measured moments have sampling error
tree_percell,heston_RF/20-38/digital_1.0,0.35338919078053066,-1.8247041774778974,12.424647472953747,0.6168216712129085,0.6942437398964242,1.0,cross_class near-pair set (not b5-387); heston_RF; measured moments have sampling error
tree_percell,heston_RF/20-39/call_0.9,0.39643167574425214,-1.2074462508962285,8.315806707051559,0.6394037218806252,0.8179053850892776,1.0,cross_class near-pair set (not b5-387); heston_RF; measured moments have sampling error
tree_percell,heston_RF/20-39/call_1.0,0.3972087002844505,-1.1988026869433037,8.267700455076566,0.639709065084956,0.8192863388824632,1.0,cross_class near-pair set (not b5-387); heston_RF; measured moments have sampling error
tree_percell,heston_RF/20-39/call_1.1,0.397966428187525,-1.1890657115776484,8.213086164258431,0.6400839744304739,0.8207852462120054,1.0,cross_class near-pair set (not b5-387); heston_RF; measured moments have sampling error
tree_percell,heston_RF/20-39/digital_1.0,0.3519693383726473,-1.824387705772829,12.392261849332822,0.616143787041713,0.694138185585264,1.0,cross_class near-pair set (not b5-387); heston_RF; measured moments have sampling error
tree_percell,heston_RF/20-40/call_0.9,0.3857330819004248,-1.2201002712826687,7.11153897701484,0.6541606023259015,0.849716682921608,1.0,cross_class near-pair set (not b5-387); heston_RF; measured moments have sampling error
tree_percell,heston_RF/20-40/call_1.0,0.3915642814318566,-1.2148444832340346,7.063301359610691,0.6536582656231894,0.8537123199991432,1.0,cross_class near-pair set (not b5-387); heston_RF; measured moments have sampling error
tree_percell,heston_RF/20-40/call_1.1,0.3967617060816179,-1.2083753901326009,7.010555424111876,0.6533169028361028,0.8574403034057336,1.0,cross_class near-pair set (not b5-387); heston_RF; measured moments have sampling error
tree_percell,heston_RF/20-40/digital_1.0,0.08200069102427054,-1.525257189635111,10.073907823281646,0.7308016923856846,0.6065730038181392,1.0,cross_class near-pair set (not b5-387); heston_RF; measured moments have sampling error
tree_percell,heston_RF/20-41/call_0.9,0.5494445835591153,-2.951474675771053,10.164545747690239,0.6042697510624893,0.9809718173067563,1.0,cross_class near-pair set (not b5-387); heston_RF; measured moments have sampling error
tree_percell,heston_RF/20-41/call_1.0,0.5505688276185988,-2.94265102133536,10.08349527158254,0.6045231316553449,0.9829552581657163,1.0,cross_class near-pair set (not b5-387); heston_RF; measured moments have sampling error
tree_percell,heston_RF/20-41/call_1.1,0.5516977428728017,-2.932582537370076,9.991299220571976,0.6048586349219874,0.9850857088829872,1.0,cross_class near-pair set (not b5-387); heston_RF; measured moments have sampling error
tree_percell,heston_RF/20-41/digital_1.0,0.48474108083370415,-3.5858339248718902,16.773110966855143,0.5829627621122054,0.8046988191327741,1.0,cross_class near-pair set (not b5-387); heston_RF; measured moments have sampling error
tree_percell,heston_RF/20-42/call_0.9,0.5261089631580486,-2.744151113816545,8.330915930756527,0.6205597844766403,0.9920071318488489,1.0,cross_class near-pair set (not b5-387); heston_RF; measured moments have sampling error
tree_percell,heston_RF/20-42/call_1.0,0.5330018896190059,-2.7380739311089917,8.264205911603451,0.6196761270669908,0.9974977847904811,1.0,cross_class near-pair set (not b5-387); heston_RF; measured moments have sampling error
tree_percell,heston_RF/20-42/call_1.1,0.5391852674540432,-2.7306386652257855,8.188863098650199,0.6190062888947062,1.0025584891704762,1.0,cross_class near-pair set (not b5-387); heston_RF; measured moments have sampling error
tree_percell,heston_RF/20-42/digital_1.0,0.16521945990082446,-2.8886980941820726,12.412713287476262,0.723392335240065,0.5878210058031885,1.0,cross_class near-pair set (not b5-387); heston_RF; measured moments have sampling error
tree_percell,heston_RF/20-43/call_0.9,2.1971087981376014,-0.613460870338806,0.879380635399551,0.9955347203927075,1.0118047585691858,1.0,cross_class near-pair set (not b5-387); heston_RF; measured moments have sampling error
tree_percell,heston_RF/20-43/call_1.0,2.1992844983774718,-0.6135389582904958,0.8827545657035034,0.9955665083895487,1.011773889396183,1.0,cross_class near-pair set (not b5-387); heston_RF; measured moments have sampling error
tree_percell,heston_RF/20-43/call_1.1,2.201752991572125,-0.6136311990665417,0.8866036052110848,0.9956023172656776,1.0117390397336656,1.0,cross_class near-pair set (not b5-387); heston_RF; measured moments have sampling error
tree_percell,heston_RF/20-43/digital_1.0,2.101268007272973,-0.6194250922978382,0.7540832087778897,0.9939275370581474,1.0134552704090565,1.0,cross_class near-pair set (not b5-387); heston_RF; measured moments have sampling error
tree_percell,heston_RF/20-46/call_0.9,0.5860617946430836,-3.1099119270887168,10.410409885148995,0.633401460051036,1.0137013235728003,1.0,cross_class near-pair set (not b5-387); heston_RF; measured moments have sampling error
tree_percell,heston_RF/20-46/call_1.0,0.5905564122943294,-3.0913348135940546,10.288392792498042,0.63608056039284,1.0180216206721615,1.0,cross_class near-pair set (not b5-387); heston_RF; measured moments have sampling error
tree_percell,heston_RF/20-46/call_1.1,0.5953622995054005,-3.0695112090040793,10.145323727038914,0.6391575124784467,1.0226466552109907,1.0,cross_class near-pair set (not b5-387); heston_RF; measured moments have sampling error
tree_percell,heston_RF/20-46/digital_1.0,0.40639154172249736,-3.8275324995783246,15.577066791123396,0.5140652500770367,0.7593928668061288,1.0,cross_class near-pair set (not b5-387); heston_RF; measured moments have sampling error
tree_percell,heston_RF/21-22/call_0.9,0.033111145806424276,5.987824111894025,110.3926490966839,0.14642331016847268,-3.6226249423317216,1.0,cross_class near-pair set (not b5-387); heston_RF; measured moments have sampling error
tree_percell,heston_RF/21-22/call_1.0,0.033158237409650806,6.00447926773594,110.49192222955601,0.1463805167432552,-3.626862362127528,1.0,cross_class near-pair set (not b5-387); heston_RF; measured moments have sampling error
tree_percell,heston_RF/21-22/call_1.1,0.03321402066527131,6.024152098663747,110.60934751543081,0.14633036765511476,-3.6318746917183393,1.0,cross_class near-pair set (not b5-387); heston_RF; measured moments have sampling error
tree_percell,heston_RF/21-22/digital_1.0,0.032906370830295247,5.915435496227006,109.96460002036686,0.1466072211638812,-3.6043520227149703,1.0,cross_class near-pair set (not b5-387); heston_RF; measured moments have sampling error
tree_percell,heston_RF/21-23/call_0.9,0.15843263902783053,10.499230671980339,123.7245605244416,0.19610990862031943,-4.172110563809132,1.0,cross_class near-pair set (not b5-387); heston_RF; measured moments have sampling error
tree_percell,heston_RF/21-23/call_1.0,0.15840776495815947,10.501422278152354,123.77169374930497,0.19607987904430935,-4.174071950103258,1.0,cross_class near-pair set (not b5-387); heston_RF; measured moments have sampling error
tree_percell,heston_RF/21-23/call_1.1,0.15837773991929802,10.503987707693792,123.8266345296719,0.19604363041228534,-4.176360112346126,1.0,cross_class near-pair set (not b5-387); heston_RF; measured moments have sampling error
tree_percell,heston_RF/21-23/digital_1.0,0.15854142697399695,10.489749845843932,123.52100437558148,0.19624124028868595,-4.163637727513042,1.0,cross_class near-pair set (not b5-387); heston_RF; measured moments have sampling error
tree_percell,heston_RF/21-24/call_0.9,0.1586881738775971,8.398384782405024,89.15698023700827,0.23810327300315698,-2.748262370014267,1.0,cross_class near-pair set (not b5-387); heston_RF; measured moments have sampling error
tree_percell,heston_RF/21-24/call_1.0,0.15868365585520042,8.400926212668518,89.18842769628661,0.2380605968070654,-2.7495779619505494,1.0,cross_class near-pair set (not b5-387); heston_RF; measured moments have sampling error
tree_percell,heston_RF/21-24/call_1.1,0.15867797046270873,8.403954511756197,89.22575236195028,0.2380093357262619,-2.751140047587367,1.0,cross_class near-pair set (not b5-387); heston_RF; measured moments have sampling error
tree_percell,heston_RF/21-24/digital_1.0,0.15870801074604735,8.387272770225366,89.01963260766745,0.2382893584074348,-2.7425161097806883,1.0,cross_class near-pair set (not b5-387); heston_RF; measured moments have sampling error
tree_percell,heston_RF/21-32/call_0.9,0.1770134290227231,7.035550410230551,56.74620788943007,0.2188531864694344,-1.4212395828677464,1.0,cross_class near-pair set (not b5-387); heston_RF; measured moments have sampling error
tree_percell,heston_RF/21-32/call_1.0,0.17708175534825288,7.031231256881878,56.66596570473355,0.21886655319464662,-1.4179411463762992,1.0,cross_class near-pair set (not b5-387); heston_RF; measured moments have sampling error
tree_percell,heston_RF/21-32/call_1.1,0.17715197609233932,7.026298419722164,56.574396960438285,0.2188903674869351,-1.4141812572328365,1.0,cross_class near-pair set (not b5-387); heston_RF; measured moments have sampling error
tree_percell,heston_RF/21-32/digital_1.0,0.1729868977579719,7.306322190510825,61.80913048128474,0.2176611445923527,-1.62948760747173,1.0,cross_class near-pair set (not b5-387); heston_RF; measured moments have sampling error
tree_percell,heston_RF/21-33/call_0.9,0.17412051829609446,7.018967550974221,56.561023932111,0.2220546729637672,-1.4149878347034306,1.0,cross_class near-pair set (not b5-387); heston_RF; measured moments have sampling error
tree_percell,heston_RF/21-33/call_1.0,0.1741859073623056,7.014630217738975,56.48074832516793,0.22207072637239983,-1.4116864642726183,1.0,cross_class near-pair set (not b5-387); heston_RF; measured moments have sampling error
tree_percell,heston_RF/21-33/call_1.1,0.17425322908940147,7.009681653175084,56.389194414500984,0.22209720198651864,-1.4079249844302761,1.0,cross_class near-pair set (not b5-387); heston_RF; measured moments have sampling error
tree_percell,heston_RF/21-33/digital_1.0,0.17026019146892693,7.290719301581094,61.625280287553764,0.22070915299826968,-1.623384921547923,1.0,cross_class near-pair set (not b5-387); heston_RF; measured moments have sampling error
tree_percell,heston_RF/21-34/call_0.9,0.39969741613630655,-0.7634273164934364,7.645546595893762,0.654959627705746,0.8144574660206574,1.0,cross_class near-pair set (not b5-387); heston_RF; measured moments have sampling error
tree_percell,heston_RF/21-34/call_1.0,0.40036513353194303,-0.7618261349663868,7.630972929978302,0.6550098846529858,0.8151147167926917,1.0,cross_class near-pair set (not b5-387); heston_RF; measured moments have sampling error
tree_percell,heston_RF/21-34/call_1.1,0.4009938568609152,-0.7601840980300962,7.614477101250216,0.6550984415927268,0.8158078094248238,1.0,cross_class near-pair set (not b5-387); heston_RF; measured moments have sampling error
tree_percell,heston_RF/21-34/digital_1.0,0.3621835308519894,-0.8589991554420949,8.514515847090376,0.649222071849914,0.7745239967962596,1.0,cross_class near-pair set (not b5-387); heston_RF; measured moments have sampling error
tree_percell,heston_RF/21-35/call_0.9,0.3996974161363378,-0.7634273164939456,7.645546595896821,0.654959627705565,0.8144574660206093,1.0,cross_class near-pair set (not b5-387); heston_RF; measured moments have sampling error
tree_percell,heston_RF/21-35/call_1.0,0.4003651335320955,-0.7618261349662144,7.6309729299770055,0.6550098846529667,0.8151147167927921,1.0,cross_class near-pair set (not b5-387); heston_RF; measured moments have sampling error
tree_percell,heston_RF/21-35/call_1.1,0.4009938568608908,-0.760184098030146,7.614477101251598,0.6550984415926063,0.815807809424774,1.0,cross_class near-pair set (not b5-387); heston_RF; measured moments have sampling error
tree_percell,heston_RF/21-35/digital_1.0,0.3621835308530628,-0.8589991554339659,8.514515847099153,0.6492220718495931,0.7745239967960947,1.0,cross_class near-pair set (not b5-387); heston_RF; measured moments have sampling error
tree_percell,heston_RF/21-36/call_0.9,0.3965578714389471,-1.2070611755185254,8.315120674819491,0.6394730570624545,0.8179730948384539,1.0,cross_class near-pair set (not b5-387); heston_RF; measured moments have sampling error
tree_percell,heston_RF/21-36/call_1.0,0.3973137832967216,-1.1984765234552524,8.267075866110952,0.6397664153753385,0.819343631618993,1.0,cross_class near-pair set (not b5-387); heston_RF; measured moments have sampling error
tree_percell,heston_RF/21-36/call_1.1,0.3980530543800277,-1.1887928173894935,8.212532860465213,0.6401309807701082,0.8208330482059336,1.0,cross_class near-pair set (not b5-387); heston_RF; measured moments have sampling error
tree_percell,heston_RF/21-36/digital_1.0,0.3533790147860079,-1.8247078430789203,12.424500757650161,0.6168315115392748,0.6942405179498913,1.0,cross_class near-pair set (not b5-387); heston_RF; measured moments have sampling error
tree_percell,heston_RF/21-37/call_0.9,0.39655787143899074,-1.2070611755185687,8.315120674818418,0.6394730570624921,0.8179730948385124,1.0,cross_class near-pair set (not b5-387); heston_RF; measured moments have sampling error
tree_percell,heston_RF/21-37/call_1.0,0.3973137832967345,-1.1984765234551387,8.267075866108017,0.6397664153753307,0.8193436316190817,1.0,cross_class near-pair set (not b5-387); heston_RF; measured moments have sampling error
tree_percell,heston_RF/21-37/call_1.1,0.3980530543800701,-1.1887928173894815,8.212532860465737,0.640130980770123,0.82083304820594,1.0,cross_class near-pair set (not b5-387); heston_RF; measured moments have sampling error
tree_percell,heston_RF/21-37/digital_1.0,0.353379014786214,-1.8247078430764976,12.424500757646017,0.6168315115394083,0.6942405179500635,1.0,cross_class near-pair set (not b5-387); heston_RF; measured moments have sampling error
tree_percell,heston_RF/21-38/call_0.9,0.39655897273099294,-1.2070601067655795,8.31513264547173,0.639471998799736,0.817973274692328,1.0,cross_class near-pair set (not b5-387); heston_RF; measured moments have sampling error
tree_percell,heston_RF/21-38/call_1.0,0.39731470230636856,-1.1984756234569793,8.267085818245059,0.6397655323511963,0.8193437797621429,1.0,cross_class near-pair set (not b5-387); heston_RF; measured moments have sampling error
tree_percell,heston_RF/21-38/call_1.1,0.39805381286397473,-1.1887920673480874,8.212541041726729,0.6401302521064857,0.8208331685460845,1.0,cross_class near-pair set (not b5-387); heston_RF; measured moments have sampling error
tree_percell,heston_RF/21-38/digital_1.0,0.3533891907811919,-1.8247041774743868,12.424647472959876,0.6168216712136956,0.6942437398965726,1.0,cross_class near-pair set (not b5-387); heston_RF; measured moments have sampling error
tree_percell,heston_RF/21-39/call_0.9,0.39643167574438876,-1.2074462508965138,8.315806707050431,0.6394037218806883,0.8179053850894026,1.0,cross_class near-pair set (not b5-387); heston_RF; measured moments have sampling error
tree_percell,heston_RF/21-39/call_1.0,0.39720870028455457,-1.198802686943429,8.26770045507431,0.6397090650850167,0.8192863388825947,1.0,cross_class near-pair set (not b5-387); heston_RF; measured moments have sampling error
tree_percell,heston_RF/21-39/call_1.1,0.3979664281874647,-1.1890657115785954,8.213086164259149,0.6400839744304357,0.8207852462120052,1.0,cross_class near-pair set (not b5-387); heston_RF; measured moments have sampling error
tree_percell,heston_RF/21-39/digital_1.0,0.3519693383733095,-1.8243877057693387,12.392261849339125,0.6161437870425023,0.6941381855854076,1.0,cross_class near-pair set (not b5-387); heston_RF; measured moments have sampling error
tree_percell,heston_RF/21-40/call_0.9,0.3857330819005744,-1.220100271282699,7.11153897701425,0.654160602325952,0.8497166829217002,1.0,cross_class near-pair set (not b5-387); heston_RF; measured moments have sampling error
tree_percell,heston_RF/21-40/call_1.0,0.3915642814319549,-1.2148444832341352,7.063301359608589,0.6536582656233124,0.8537123199992599,1.0,cross_class near-pair set (not b5-387); heston_RF; measured moments have sampling error
tree_percell,heston_RF/21-40/call_1.1,0.39676170608157274,-1.2083753901332794,7.010555424112551,0.6533169028360836,0.8574403034057301,1.0,cross_class near-pair set (not b5-387); heston_RF; measured moments have sampling error
tree_percell,heston_RF/21-40/digital_1.0,0.08200069102495885,-1.525257189630703,10.07390782329964,0.730801692385801,0.6065730038176051,1.0,cross_class near-pair set (not b5-387); heston_RF; measured moments have sampling error
tree_percell,heston_RF/21-41/call_0.9,0.5494445835592768,-2.9514746757709265,10.164545747689736,0.6042697510624927,0.9809718173068775,1.0,cross_class near-pair set (not b5-387); heston_RF; measured moments have sampling error
tree_percell,heston_RF/21-41/call_1.0,0.5505688276187197,-2.942651021335017,10.083495271580652,0.6045231316554522,0.9829552581658219,1.0,cross_class near-pair set (not b5-387); heston_RF; measured moments have sampling error
tree_percell,heston_RF/21-41/call_1.1,0.5516977428727071,-2.9325825373705836,9.991299220574966,0.6048586349219685,0.985085708882889,1.0,cross_class near-pair set (not b5-387); heston_RF; measured moments have sampling error
tree_percell,heston_RF/21-41/digital_1.0,0.48474108083446243,-3.5858339248684574,16.773110966850236,0.582962762113417,0.8046988191335819,1.0,cross_class near-pair set (not b5-387); heston_RF; measured moments have sampling error
tree_percell,heston_RF/21-42/call_0.9,0.5261089631582361,-2.744151113816411,8.330915930756529,0.6205597844766501,0.9920071318489598,1.0,cross_class near-pair set (not b5-387); heston_RF; measured moments have sampling error
tree_percell,heston_RF/21-42/call_1.0,0.5330018896191185,-2.7380739311086675,8.264205911601714,0.6196761270671015,0.9974977847905699,1.0,cross_class near-pair set (not b5-387); heston_RF; measured moments have sampling error
tree_percell,heston_RF/21-42/call_1.1,0.5391852674539778,-2.73063866522618,8.18886309865263,0.6190062888946916,1.002558489170408,1.0,cross_class near-pair set (not b5-387); heston_RF; measured moments have sampling error
tree_percell,heston_RF/21-42/digital_1.0,0.16521945990164597,-2.888698094179923,12.412713287489698,0.7233923352401324,0.5878210058032336,1.0,cross_class near-pair set (not b5-387); heston_RF; measured moments have sampling error
tree_percell,heston_RF/21-46/call_0.9,0.5860617946431507,-3.1099119270889743,10.410409885150687,0.6334014600510415,1.0137013235728336,1.0,cross_class near-pair set (not b5-387); heston_RF; measured moments have sampling error
tree_percell,heston_RF/21-46/call_1.0,0.5905564122943586,-3.0913348135941505,10.288392792498781,0.636080560392872,1.018021620672175,1.0,cross_class near-pair set (not b5-387); heston_RF; measured moments have sampling error
tree_percell,heston_RF/21-46/call_1.1,0.5953622995054066,-3.069511209004057,10.145323727038825,0.6391575124784664,1.0226466552109952,1.0,cross_class near-pair set (not b5-387); heston_RF; measured moments have sampling error
tree_percell,heston_RF/21-46/digital_1.0,0.4063915417226617,-3.827532499578649,15.577066791126633,0.5140652500772345,0.7593928668062452,1.0,cross_class near-pair set (not b5-387); heston_RF; measured moments have sampling error
tree_percell,heston_RF/22-23/call_0.9,0.13150669993052302,7.590248738643705,88.9927874511652,0.23815974980297092,-2.7451245812441782,1.0,cross_class near-pair set (not b5-387); heston_RF; measured moments have sampling error
tree_percell,heston_RF/22-23/call_1.0,0.13146180953475892,7.590424393819454,89.02462706714363,0.2381170864160222,-2.746440978079728,1.0,cross_class near-pair set (not b5-387); heston_RF; measured moments have sampling error
tree_percell,heston_RF/22-23/call_1.1,0.13140863257974197,7.5906857709659095,89.06240670235974,0.23806584079726326,-2.748004079070473,1.0,cross_class near-pair set (not b5-387); heston_RF; measured moments have sampling error
tree_percell,heston_RF/22-23/digital_1.0,0.13170125377474637,7.589341465232213,88.85375734279329,0.238345777667417,-2.7393747657424963,1.0,cross_class near-pair set (not b5-387); heston_RF; measured moments have sampling error
tree_percell,heston_RF/22-24/call_0.9,0.1584188121861866,10.499220440101993,123.72432063848865,0.1960932160543568,-4.172121698740732,1.0,cross_class near-pair set (not b5-387); heston_RF; measured moments have sampling error
tree_percell,heston_RF/22-24/call_1.0,0.15839394651092104,10.501412050998345,123.77145396689956,0.19606319641228634,-4.174083081499067,1.0,cross_class near-pair set (not b5-387); heston_RF; measured moments have sampling error
tree_percell,heston_RF/22-24/call_1.1,0.158363931445251,10.503977487367179,123.8263948937312,0.19602695959158223,-4.176371240068075,1.0,cross_class near-pair set (not b5-387); heston_RF; measured moments have sampling error
tree_percell,heston_RF/22-24/digital_1.0,0.15852756362865472,10.489739591661657,123.52076400546984,0.19622450450753376,-4.163648876863167,1.0,cross_class near-pair set (not b5-387); heston_RF; measured moments have sampling error
tree_percell,heston_RF/22-32/call_0.9,0.17670330797306452,7.034320509566329,56.73104178015797,0.22011838088569738,-1.4207728076519532,1.0,cross_class near-pair set (not b5-387); heston_RF; measured moments have sampling error
tree_percell,heston_RF/22-32/call_1.0,0.17682345512916228,7.030325247140768,56.654599688684186,0.2199235380513647,-1.4176051172260606,1.0,cross_class near-pair set (not b5-387); heston_RF; measured moments have sampling error
tree_percell,heston_RF/22-32/call_1.1,0.1769390171027309,7.0256378807916,56.56595252420993,0.2197636990253367,-1.41394274228452,1.0,cross_class near-pair set (not b5-387); heston_RF; measured moments have sampling error
tree_percell,heston_RF/22-32/digital_1.0,0.16942073453078518,7.214296802438098,60.80415112438821,0.2292944284176658,-1.5894533535394124,1.0,cross_class near-pair set (not b5-387); heston_RF; measured moments have sampling error
tree_percell,heston_RF/22-33/call_0.9,0.17381117871224366,7.017764430234386,56.54614088768697,0.22331896404014853,-1.4145227727109537,1.0,cross_class near-pair set (not b5-387); heston_RF; measured moments have sampling error
tree_percell,heston_RF/22-33/call_1.0,0.17392824358809106,7.013745978972389,56.469612129424924,0.22312697145948612,-1.4113516719855836,1.0,cross_class near-pair set (not b5-387); heston_RF; measured moments have sampling error
tree_percell,heston_RF/22-33/call_1.1,0.17404078432786835,7.009038672199666,56.38093505983524,0.22296993303081802,-1.407687350172077,1.0,cross_class near-pair set (not b5-387); heston_RF; measured moments have sampling error
tree_percell,heston_RF/22-33/digital_1.0,0.1667111020359276,7.199310092911158,60.6270350800893,0.232325381041599,-1.5834824446277327,1.0,cross_class near-pair set (not b5-387); heston_RF; measured moments have sampling error
tree_percell,heston_RF/22-34/call_0.9,0.39982439412488335,-0.7629791567226392,7.644194803453269,0.655063011670682,0.8145318220652822,1.0,cross_class near-pair set (not b5-387); heston_RF; measured moments have sampling error
tree_percell,heston_RF/22-34/call_1.0,0.40047165618598507,-0.7614532938228867,7.629885491411903,0.6550968037217368,0.8151757386632718,1.0,cross_class near-pair set (not b5-387); heston_RF; measured moments have sampling error
tree_percell,heston_RF/22-34/call_1.1,0.4010822330846804,-0.7598770216780889,7.613608506361,0.6551706878461077,0.8158574383499171,1.0,cross_class near-pair set (not b5-387); heston_RF; measured moments have sampling error
tree_percell,heston_RF/22-34/digital_1.0,0.36320596956445167,-0.8535584524547406,8.473281421651977,0.649925459543938,0.7760655456606181,1.0,cross_class near-pair set (not b5-387); heston_RF; measured moments have sampling error
tree_percell,heston_RF/22-35/call_0.9,0.39982439412491455,-0.762979156723149,7.644194803456331,0.6550630116705327,0.814531822065234,1.0,cross_class near-pair set (not b5-387); heston_RF; measured moments have sampling error
tree_percell,heston_RF/22-35/call_1.0,0.4004716561861376,-0.7614532938227151,7.629885491410601,0.6550968037217498,0.8151757386633722,1.0,cross_class near-pair set (not b5-387); heston_RF; measured moments have sampling error
tree_percell,heston_RF/22-35/call_1.1,0.40108223308465607,-0.7598770216781381,7.6136085063623895,0.6551706878460118,0.8158574383498671,1.0,cross_class near-pair set (not b5-387); heston_RF; measured moments have sampling error
tree_percell,heston_RF/22-35/digital_1.0,0.36320596956551404,-0.8535584524466144,8.47328142165934,0.6499254595437871,0.77606554566049,1.0,cross_class near-pair set (not b5-387); heston_RF; measured moments have sampling error
tree_percell,heston_RF/22-36/call_0.9,0.39667824520550915,-1.2066274355371325,8.313773259112226,0.639573271614938,0.818054770013029,1.0,cross_class near-pair set (not b5-387); heston_RF; measured moments have sampling error
tree_percell,heston_RF/22-36/call_1.0,0.3974147935462799,-1.1981167206384242,8.265991772465673,0.6398506330977051,0.8194106139142374,1.0,cross_class near-pair set (not b5-387); heston_RF; measured moments have sampling error
tree_percell,heston_RF/22-36/call_1.1,0.3981368914048254,-1.1884971966898386,8.211667320423533,0.6402009619268495,0.8208874264956236,1.0,cross_class near-pair set (not b5-387); heston_RF; measured moments have sampling error
tree_percell,heston_RF/22-36/digital_1.0,0.35433837235768884,-1.8181544099328821,12.378614732713968,0.6175605803015939,0.6961448376467734,1.0,cross_class near-pair set (not b5-387); heston_RF; measured moments have sampling error
tree_percell,heston_RF/22-37/call_0.9,0.3966782452055529,-1.2066274355371767,8.313773259111173,0.6395732716149313,0.8180547700130871,1.0,cross_class near-pair set (not b5-387); heston_RF; measured moments have sampling error
tree_percell,heston_RF/22-37/call_1.0,0.39741479354629294,-1.1981167206383114,8.26599177246275,0.6398506330976372,0.819410613914326,1.0,cross_class near-pair set (not b5-387); heston_RF; measured moments have sampling error
tree_percell,heston_RF/22-37/call_1.1,0.39813689140486774,-1.1884971966898248,8.211667320424052,0.6402009619268411,0.8208874264956302,1.0,cross_class near-pair set (not b5-387); heston_RF; measured moments have sampling error
tree_percell,heston_RF/22-37/digital_1.0,0.35433837235790155,-1.818154409930553,12.37861473271099,0.6175605803015694,0.6961448376469177,1.0,cross_class near-pair set (not b5-387); heston_RF; measured moments have sampling error
tree_percell,heston_RF/22-38/call_0.9,0.3966793465701504,-1.2066263670021944,8.313785234210494,0.6395722134028582,0.8180549497470698,1.0,cross_class near-pair set (not b5-387); heston_RF; measured moments have sampling error
tree_percell,heston_RF/22-38/call_1.0,0.39741571260759445,-1.1981158207939957,8.266001727751025,0.639849750108224,0.8194107619748983,1.0,cross_class near-pair set (not b5-387); heston_RF; measured moments have sampling error
tree_percell,heston_RF/22-38/call_1.1,0.39813764992466,-1.1884964467541455,8.211675503863692,0.640200233286536,0.8208875467801179,1.0,cross_class near-pair set (not b5-387); heston_RF; measured moments have sampling error
tree_percell,heston_RF/22-38/digital_1.0,0.3543485484569975,-1.8181507435023667,12.37876145670946,0.6175507484146119,0.696148040809212,1.0,cross_class near-pair set (not b5-387); heston_RF; measured moments have sampling error
tree_percell,heston_RF/22-39/call_0.9,0.39655786363106477,-1.2070612024701164,8.31512074360058,0.6394730503049197,0.8179730900336535,1.0,cross_class near-pair set (not b5-387); heston_RF; measured moments have sampling error
tree_percell,heston_RF/22-39/call_1.0,0.3973137752825179,-1.1984765511701145,8.267075937096056,0.6397664084465181,0.8193436267087522,1.0,cross_class near-pair set (not b5-387); heston_RF; measured moments have sampling error
tree_percell,heston_RF/22-39/call_1.1,0.39805304618126175,-1.1887928457893107,8.212532933374913,0.6401309736893188,0.8208330432110913,1.0,cross_class near-pair set (not b5-387); heston_RF; measured moments have sampling error
tree_percell,heston_RF/22-39/digital_1.0,0.35337901798186994,-1.824707832724188,12.424500725424668,0.6168315145592866,0.6942405210083895,1.0,cross_class near-pair set (not b5-387); heston_RF; measured moments have sampling error
tree_percell,heston_RF/22-40/call_0.9,0.38584352701797797,-1.2197558733346714,7.110278400263981,0.6542239483563839,0.849789665053108,1.0,cross_class near-pair set (not b5-387); heston_RF; measured moments have sampling error
tree_percell,heston_RF/22-40/call_1.0,0.3916568934339622,-1.2145595006627619,7.062292537814351,0.6537114510610513,0.8537715805962817,1.0,cross_class near-pair set (not b5-387); heston_RF; measured moments have sampling error
tree_percell,heston_RF/22-40/call_1.1,0.3968385299616351,-1.2081418327205815,7.009754461867184,0.653361071069075,0.8574879868506482,1.0,cross_class near-pair set (not b5-387); heston_RF; measured moments have sampling error
tree_percell,heston_RF/22-40/digital_1.0,0.08303294698838588,-1.5205013797615166,10.032692545939751,0.7307691979490228,0.6085998897469846,1.0,cross_class near-pair set (not b5-387); heston_RF; measured moments have sampling error
tree_percell,heston_RF/22-41/call_0.9,0.549588011859658,-2.950988946155716,10.162432139741373,0.6043751598749323,0.981090187984543,1.0,cross_class near-pair set (not b5-387); heston_RF; measured moments have sampling error
tree_percell,heston_RF/22-41/call_1.0,0.5506894434920604,-2.942254801366417,10.081791020241702,0.6046117315259826,0.9830532018332491,1.0,cross_class near-pair set (not b5-387); heston_RF; measured moments have sampling error
tree_percell,heston_RF/22-41/call_1.1,0.551798046118139,-2.9322617698640228,9.989934852631103,0.6049322687306243,0.9851658379426832,1.0,cross_class near-pair set (not b5-387); heston_RF; measured moments have sampling error
tree_percell,heston_RF/22-41/digital_1.0,0.4857583902421516,-3.5747985431728333,16.701130616467857,0.5837207667052627,0.8070258226437288,1.0,cross_class near-pair set (not b5-387); heston_RF; measured moments have sampling error
tree_percell,heston_RF/22-42/call_0.9,0.5262473995324958,-2.7439128850965284,8.330020735871598,0.6206352880206064,0.9921002003884088,1.0,cross_class near-pair set (not b5-387); heston_RF; measured moments have sampling error
tree_percell,heston_RF/22-42/call_1.0,0.5331167498879463,-2.737859253236786,8.26338380353566,0.6197379957264622,0.9975742634446366,1.0,cross_class near-pair set (not b5-387); heston_RF; measured moments have sampling error
tree_percell,heston_RF/22-42/call_1.1,0.5392796358881974,-2.730449694825762,8.188130503537714,0.6190565751961608,1.0026205915964377,1.0,cross_class near-pair set (not b5-387); heston_RF; measured moments have sampling error
tree_percell,heston_RF/22-42/digital_1.0,0.16659975511617137,-2.894331955235679,12.45833282181947,0.7213284368812707,0.5872393744095376,1.0,cross_class near-pair set (not b5-387); heston_RF; measured moments have sampling error
tree_percell,heston_RF/22-44/call_0.9,0.5866262959132711,-3.11027621714045,10.411498333506865,0.6332247836869495,1.014115494722985,1.0,cross_class near-pair set (not b5-387); heston_RF; measured moments have sampling error
tree_percell,heston_RF/22-44/call_1.0,0.591031745552231,-3.091635203248602,10.289273669518671,0.6359306726326328,1.0183652276289965,1.0,cross_class near-pair set (not b5-387); heston_RF; measured moments have sampling error
tree_percell,heston_RF/22-44/call_1.1,0.5957588717870468,-3.06975735378305,10.146031585774386,0.6390315197014893,1.0229284000228662,1.0,cross_class near-pair set (not b5-387); heston_RF; measured moments have sampling error
tree_percell,heston_RF/22-44/digital_1.0,0.40986150958228945,-3.8313757360362324,15.59508173922245,0.5136809152585615,0.7631721959793033,1.0,cross_class near-pair set (not b5-387); heston_RF; measured moments have sampling error
tree_percell,heston_RF/22-46/call_0.9,0.5861049880996939,-3.1097728536887224,10.409868431372313,0.6334249129862187,1.0137335852633396,1.0,cross_class near-pair set (not b5-387); heston_RF; measured moments have sampling error
tree_percell,heston_RF/22-46/call_1.0,0.5905929031580416,-3.0912191200569197,10.287946247699159,0.6361002475087711,1.0180482152081234,1.0,cross_class near-pair set (not b5-387); heston_RF; measured moments have sampling error
tree_percell,heston_RF/22-46/call_1.1,0.5953928291382014,-3.0694155312696156,10.144957754404796,0.6391738635511646,1.022668301972256,1.0,cross_class near-pair set (not b5-387); heston_RF; measured moments have sampling error
tree_percell,heston_RF/22-46/digital_1.0,0.4066524096494578,-3.8262899963025876,15.57081176495086,0.5148797157933008,0.759813650196358,1.0,cross_class near-pair set (not b5-387); heston_RF; measured moments have sampling error
tree_percell,heston_RF/23-24/call_0.9,0.03307618095029598,5.982951823148122,110.36627309802513,0.14644436254909096,-3.621487986083846,1.0,cross_class near-pair set (not b5-387); heston_RF; measured moments have sampling error
tree_percell,heston_RF/23-24/call_1.0,0.03312329572069622,5.999612935062742,110.46549708343458,0.14640158172724513,-3.625723325968204,1.0,cross_class near-pair set (not b5-387); heston_RF; measured moments have sampling error
tree_percell,heston_RF/23-24/call_1.1,0.03317910602807627,6.019292839020183,110.5828647495856,0.1463514478381629,-3.6307332172159077,1.0,cross_class near-pair set (not b5-387); heston_RF; measured moments have sampling error
tree_percell,heston_RF/23-24/digital_1.0,0.03287130654582058,5.91053748593613,109.93844040245978,0.14662821766200038,-3.6032242265211365,1.0,cross_class near-pair set (not b5-387); heston_RF; measured moments have sampling error
tree_percell,heston_RF/23-32/call_0.9,0.17375912757406178,7.03047760894366,56.70118329191412,0.22263867961163278,-1.4209852227343827,1.0,cross_class near-pair set (not b5-387); heston_RF; measured moments have sampling error
tree_percell,heston_RF/23-32/call_1.0,0.17437076968073648,7.027672140087652,56.63538048940191,0.22203230228241522,-1.418023850010602,1.0,cross_class near-pair set (not b5-387); heston_RF; measured moments have sampling error
tree_percell,heston_RF/23-32/call_1.1,0.1749176253961556,7.023847006896407,56.554219292508776,0.22150846088071077,-1.4144625933522188,1.0,cross_class near-pair set (not b5-387); heston_RF; measured moments have sampling error
tree_percell,heston_RF/23-32/digital_1.0,0.13877022084262824,6.7782035723955225,57.171292687810336,0.2501609345010506,-1.4456332996349883,1.0,cross_class near-pair set (not b5-387); heston_RF; measured moments have sampling error
tree_percell,heston_RF/23-33/call_0.9,0.17087237326746788,7.01412859755435,56.51833003137837,0.22583814704586955,-1.414732094261448,1.0,cross_class near-pair set (not b5-387); heston_RF; measured moments have sampling error
tree_percell,heston_RF/23-33/call_1.0,0.17147997533889411,7.011262974486357,56.45207199943891,0.2252348738596239,-1.411766920663768,1.0,cross_class near-pair set (not b5-387); heston_RF; measured moments have sampling error
tree_percell,heston_RF/23-33/call_1.1,0.17202298949446693,7.007386239907322,56.37056573207207,0.22471403366830991,-1.4082036723935076,1.0,cross_class near-pair set (not b5-387); heston_RF; measured moments have sampling error
tree_percell,heston_RF/23-33/digital_1.0,0.1361482371224531,6.766676315290835,57.027347949108204,0.25314136817879906,-1.4401281745362422,1.0,cross_class near-pair set (not b5-387); heston_RF; measured moments have sampling error
tree_percell,heston_RF/23-34/call_0.9,0.401279224727593,-0.7623078852141552,7.651353311818999,0.6561744632339878,0.8149604733048753,1.0,cross_class near-pair set (not b5-387); heston_RF; measured moments have sampling error
tree_percell,heston_RF/23-34/call_1.0,0.40168769971049123,-0.7609203811883334,7.6360635726985375,0.6560265018891288,0.8155290283642725,1.0,cross_class near-pair set (not b5-387); heston_RF; measured moments have sampling error
tree_percell,heston_RF/23-34/call_1.1,0.40208738540672556,-0.7594579088297632,7.618853076527058,0.6559395847844556,0.8161457876325574,1.0,cross_class near-pair set (not b5-387); heston_RF; measured moments have sampling error
tree_percell,heston_RF/23-34/digital_1.0,0.3761294537417153,-0.8365523972225265,8.399234837338712,0.6592905428518364,0.7840226124365354,1.0,cross_class near-pair set (not b5-387); heston_RF; measured moments have sampling error
tree_percell,heston_RF/23-35/call_0.9,0.4012792247276237,-0.7623078852146578,7.651353311821996,0.6561744632338534,0.8149604733048291,1.0,cross_class near-pair set (not b5-387); heston_RF; measured moments have sampling error
tree_percell,heston_RF/23-35/call_1.0,0.4016876997106439,-0.7609203811881604,7.636063572697228,0.6560265018891978,0.8155290283643731,1.0,cross_class near-pair set (not b5-387); heston_RF; measured moments have sampling error
tree_percell,heston_RF/23-35/call_1.1,0.40208738540670164,-0.7594579088298168,7.618853076528479,0.6559395847843195,0.8161457876325069,1.0,cross_class near-pair set (not b5-387); heston_RF; measured moments have sampling error
tree_percell,heston_RF/23-35/digital_1.0,0.3761294537428122,-0.8365523972145253,8.399234837348867,0.6592905428514378,0.7840226124363374,1.0,cross_class near-pair set (not b5-387); heston_RF; measured moments have sampling error
tree_percell,heston_RF/23-36/call_0.9,0.39804119635831864,-1.2060990031249557,8.319353068775547,0.6406253184911417,0.8186009495197754,1.0,cross_class near-pair set (not b5-387); heston_RF; measured moments have sampling error
tree_percell,heston_RF/23-36/call_1.0,0.39855468743321804,-1.1977021190001857,8.270838116243983,0.640730850823972,0.8198600445618803,1.0,cross_class near-pair set (not b5-387); heston_RF; measured moments have sampling error
tree_percell,heston_RF/23-36/call_1.1,0.39907975555862124,-1.1881741238328272,8.21580234650455,0.6409291969442525,0.8212531847408027,1.0,cross_class near-pair set (not b5-387); heston_RF; measured moments have sampling error
tree_percell,heston_RF/23-36/digital_1.0,0.3660353924734956,-1.799432690345554,12.283685707499258,0.6263788525885587,0.7075159453635149,1.0,cross_class near-pair set (not b5-387); heston_RF; measured moments have sampling error
tree_percell,heston_RF/23-37/call_0.9,0.3980411963583622,-1.2060990031249978,8.319353068774483,0.6406253184912235,0.8186009495198334,1.0,cross_class near-pair set (not b5-387); heston_RF; measured moments have sampling error
tree_percell,heston_RF/23-37/call_1.0,0.3985546874332313,-1.1977021190000747,8.27083811624107,0.6407308508239196,0.8198600445619688,1.0,cross_class near-pair set (not b5-387); heston_RF; measured moments have sampling error
tree_percell,heston_RF/23-37/call_1.1,0.3990797555586636,-1.1881741238328132,8.215802346505061,0.6409291969442978,0.8212531847408095,1.0,cross_class near-pair set (not b5-387); heston_RF; measured moments have sampling error
tree_percell,heston_RF/23-37/digital_1.0,0.3660353924737149,-1.7994326903433984,12.28368570749715,0.6263788525886251,0.7075159453636409,1.0,cross_class near-pair set (not b5-387); heston_RF; measured moments have sampling error
tree_percell,heston_RF/23-38/call_0.9,0.3980422990445122,-1.2060979414591393,8.319365113775536,0.640624260374609,0.8186011294905758,1.0,cross_class near-pair set (not b5-387); heston_RF; measured moments have sampling error
tree_percell,heston_RF/23-38/call_1.0,0.3985556074206339,-1.1977012239437006,8.270848120286088,0.6407299678973865,0.8198601927945404,1.0,cross_class near-pair set (not b5-387); heston_RF; measured moments have sampling error
tree_percell,heston_RF/23-38/call_1.1,0.3990805147129568,-1.1881733771578042,8.215810563174161,0.6409284683446472,0.821253305146501,1.0,cross_class near-pair set (not b5-387); heston_RF; measured moments have sampling error
tree_percell,heston_RF/23-38/digital_1.0,0.36604564674868467,-1.7994296411046249,12.283837960645055,0.626369052637641,0.7075191357793208,1.0,cross_class near-pair set (not b5-387); heston_RF; measured moments have sampling error
tree_percell,heston_RF/23-39/call_0.9,0.39791489790341383,-1.2064835197417505,8.32003053871834,0.640556058776354,0.8185334682449326,1.0,cross_class near-pair set (not b5-387); heston_RF; measured moments have sampling error
tree_percell,heston_RF/23-39/call_1.0,0.3984495337569422,-1.1980279045313411,8.27145680887817,0.6406735539854785,0.8198029129939272,1.0,cross_class near-pair set (not b5-387); heston_RF; measured moments have sampling error
tree_percell,heston_RF/23-39/call_1.1,0.39899308174469594,-1.1884467677662938,8.216351675779942,0.6408822276204101,0.821205493816052,1.0,cross_class near-pair set (not b5-387); heston_RF; measured moments have sampling error
tree_percell,heston_RF/23-39/digital_1.0,0.36461266366366574,-1.799028905432592,12.25079811017685,0.6256939001375433,0.7074041562612655,1.0,cross_class near-pair set (not b5-387); heston_RF; measured moments have sampling error
tree_percell,heston_RF/23-41/call_0.9,0.5512600368732088,-2.9526500444705897,10.169259746879543,0.6053455269585958,0.9822863686264884,1.0,cross_class near-pair set (not b5-387); heston_RF; measured moments have sampling error
tree_percell,heston_RF/23-41/call_1.0,0.5520889614611708,-2.94370443574275,10.087701150184762,0.605423417013422,0.9840464985701816,1.0,cross_class near-pair set (not b5-387); heston_RF; measured moments have sampling error
tree_percell,heston_RF/23-41/call_1.1,0.552956574836275,-2.9335045510172084,9.994954810754795,0.60560362610352,0.9859810363644335,1.0,cross_class near-pair set (not b5-387); heston_RF; measured moments have sampling error
tree_percell,heston_RF/23-41/digital_1.0,0.49946590815391095,-3.557217760375595,16.582508612606077,0.5919556022921918,0.8250161837624291,1.0,cross_class near-pair set (not b5-387); heston_RF; measured moments have sampling error
tree_percell,heston_RF/23-46/call_0.9,0.5866257055911821,-3.110528889201472,10.413245010104168,0.6332701647445176,1.0140984561809925,1.0,cross_class near-pair set (not b5-387); heston_RF; measured moments have sampling error
tree_percell,heston_RF/23-46/call_1.0,0.5910314316753733,-3.0918465720063906,10.290732955330293,0.6359689105221421,1.0183515482884844,1.0,cross_class near-pair set (not b5-387); heston_RF; measured moments have sampling error
tree_percell,heston_RF/23-46/call_1.1,0.5957587749564979,-3.069932359018504,10.147237555607548,0.6390634433414425,1.0229175917657287,1.0,cross_class near-pair set (not b5-387); heston_RF; measured moments have sampling error
tree_percell,heston_RF/23-46/digital_1.0,0.40980053797997656,-3.8331724763635524,15.608362795687622,0.5131971256173287,0.7628135477328652,1.0,cross_class near-pair set (not b5-387); heston_RF; measured moments have sampling error
tree_percell,heston_RF/24-39/call_0.9,0.39804105938124695,-1.2060992569904194,8.31935250572634,0.640625320086537,0.8186009060594588,1.0,cross_class near-pair set (not b5-387); heston_RF; measured moments have sampling error
tree_percell,heston_RF/24-39/call_1.0,0.39855457164840924,-1.1977023376287408,8.270837667472927,0.6407308510153213,0.8198600076119251,1.0,cross_class near-pair set (not b5-387); heston_RF; measured moments have sampling error
tree_percell,heston_RF/24-39/call_1.1,0.3990796584107194,-1.1881743110543896,8.215801995927594,0.6409291958633675,0.8212531535315974,1.0,cross_class near-pair set (not b5-387); heston_RF; measured moments have sampling error
tree_percell,heston_RF/24-39/digital_1.0,0.36603416434575525,-1.799433629003642,12.283673341877284,0.6263788613504352,0.7075154081933157,1.0,cross_class near-pair set (not b5-387); heston_RF; measured moments have sampling error
tree_percell,heston_RF/24-41/call_0.9,0.5514034781414705,-2.9521661107845194,10.167156217186541,0.6054508148659786,0.9824042276831768,1.0,cross_class near-pair set (not b5-387); heston_RF; measured moments have sampling error
tree_percell,heston_RF/24-41/call_1.0,0.5522095670708704,-2.943309472601922,10.086003787580971,0.6055119344015326,0.9841440816014951,1.0,cross_class near-pair set (not b5-387); heston_RF; measured moments have sampling error
tree_percell,heston_RF/24-41/call_1.1,0.5530568534562899,-2.933184641591844,9.993595029017298,0.6056772051660826,0.9860609132014232,1.0,cross_class near-pair set (not b5-387); heston_RF; measured moments have sampling error
tree_percell,heston_RF/24-41/digital_1.0,0.5004820489042927,-3.546398382248986,16.512761121585836,0.5927017038275629,0.8272087302126978,1.0,cross_class near-pair set (not b5-387); heston_RF; measured moments have sampling error
tree_percell,heston_RF/24-44/call_0.9,0.5871846220380685,-3.1107723267791196,10.413855718805305,0.6335304497796691,1.0145092969831344,1.0,cross_class near-pair set (not b5-387); heston_RF; measured moments have sampling error
tree_percell,heston_RF/24-44/call_1.0,0.5915027712130593,-3.092061605644165,10.291278934476374,0.6361866353804198,1.0186926626219528,1.0,cross_class near-pair set (not b5-387); heston_RF; measured moments have sampling error
tree_percell,heston_RF/24-44/call_1.1,0.5961525421772099,-3.070119378404146,10.147715484973116,0.6392437054910648,1.023197505195978,1.0,cross_class near-pair set (not b5-387); heston_RF; measured moments have sampling error
tree_percell,heston_RF/24-44/digital_1.0,0.4131157171045875,-3.8315787187487778,15.59853793886612,0.5159315900140283,0.766917740784126,1.0,cross_class near-pair set (not b5-387); heston_RF; measured moments have sampling error
tree_percell,heston_RF/24-46/call_0.9,0.5866688647383266,-3.110389872768221,10.412703873741641,0.6332936172269924,1.0141306549038973,1.0,cross_class near-pair set (not b5-387); heston_RF; measured moments have sampling error
tree_percell,heston_RF/24-46/call_1.0,0.5910678912034398,-3.09173090385004,10.290286551921584,0.6359885974995177,1.0183780941667184,1.0,cross_class near-pair set (not b5-387); heston_RF; measured moments have sampling error
tree_percell,heston_RF/24-46/call_1.1,0.5957892765988296,-3.0698366855142103,10.14687160788703,0.6390797944961666,1.0229392011473475,1.0,cross_class near-pair set (not b5-387); heston_RF; measured moments have sampling error
tree_percell,heston_RF/24-46/digital_1.0,0.4100616000329313,-3.8319362438154454,15.602148968917572,0.514011767281279,0.7632326109332336,1.0,cross_class near-pair set (not b5-387); heston_RF; measured moments have sampling error
tree_percell,heston_RF/32-33/call_0.9,0.07662781680209912,-13.893422735006236,192.20912052518608,0.09579098267148549,-6.738721065965112,1.0,cross_class near-pair set (not b5-387); heston_RF; measured moments have sampling error
tree_percell,heston_RF/32-33/call_1.0,0.07663244505258399,-13.893303202443036,192.20671393703267,0.09579118305456942,-6.738601700706845,1.0,cross_class near-pair set (not b5-387); heston_RF; measured moments have sampling error
tree_percell,heston_RF/32-33/call_1.1,0.07663733799831864,-13.893156649315776,192.20376334651726,0.09579238426749455,-6.738459030890217,1.0,cross_class near-pair set (not b5-387); heston_RF; measured moments have sampling error
tree_percell,heston_RF/32-33/digital_1.0,0.07634322977636734,-13.901238261019449,192.3663718087392,0.09574778403249441,-6.746436356519239,1.0,cross_class near-pair set (not b5-387); heston_RF; measured moments have sampling error
tree_percell,heston_RF/32-34/call_0.9,0.5710794616133064,-2.706153048875846,8.288014320047713,0.6218004377623142,1.0182270169525074,1.0,cross_class near-pair set (not b5-387); heston_RF; measured moments have sampling error
tree_percell,heston_RF/32-34/call_1.0,0.5719326199435472,-2.703494892008946,8.268368454445927,0.6217917701078464,1.0189572591566731,1.0,cross_class near-pair set (not b5-387); heston_RF; measured moments have sampling error
tree_percell,heston_RF/32-34/call_1.1,0.5727366762908617,-2.7005501604531728,8.246634982154761,0.6218256732821673,1.019678254825936,1.0,cross_class near-pair set (not b5-387); heston_RF; measured moments have sampling error
tree_percell,heston_RF/32-34/digital_1.0,0.5227266271265841,-2.855947591315434,9.444031169806596,0.619058149176939,0.9714004059939125,1.0,cross_class near-pair set (not b5-387); heston_RF; measured moments have sampling error
tree_percell,heston_RF/32-35/call_0.9,0.5710794616133382,-2.7061530488764447,8.288014320051818,0.6218004377621125,1.018227016952484,1.0,cross_class near-pair set (not b5-387); heston_RF; measured moments have sampling error
tree_percell,heston_RF/32-35/call_1.0,0.5719326199437442,-2.703494892008649,8.268368454443793,0.6217917701077896,1.018957259156814,1.0,cross_class near-pair set (not b5-387); heston_RF; measured moments have sampling error
tree_percell,heston_RF/32-35/call_1.1,0.5727366762908429,-2.7005501604534454,8.24663498215697,0.6218256732820262,1.0196782548258987,1.0,cross_class near-pair set (not b5-387); heston_RF; measured moments have sampling error
tree_percell,heston_RF/32-35/digital_1.0,0.5227266271281843,-2.855947591312675,9.444031169798745,0.6190581491758333,0.9714004059950473,1.0,cross_class near-pair set (not b5-387); heston_RF; measured moments have sampling error
tree_percell,heston_RF/32-36/call_0.9,0.5483154248680406,-2.9519438413247077,10.162210188571411,0.6031210138661358,0.9802227450102546,1.0,cross_class near-pair set (not b5-387); heston_RF; measured moments have sampling error
tree_percell,heston_RF/32-36/call_1.0,0.5494211926236017,-2.94303135866462,10.08078409368098,0.6033978124969016,0.9822013602209357,1.0,cross_class near-pair set (not b5-387); heston_RF; measured moments have sampling error
tree_percell,heston_RF/32-36/call_1.1,0.550533236094452,-2.9328865577300425,9.98827134574819,0.6037536303170538,0.98432870246061,1.0,cross_class near-pair set (not b5-387); heston_RF; measured moments have sampling error
tree_percell,heston_RF/32-36/digital_1.0,0.48462693381126537,-3.5900812846683134,16.78600450130778,0.5806852921923245,0.8045084223428915,1.0,cross_class near-pair set (not b5-387); heston_RF; measured moments have sampling error
tree_percell,heston_RF/32-37/call_0.9,0.5483154248680838,-2.9519438413245327,10.162210188569755,0.6031210138661388,0.9802227450103105,1.0,cross_class near-pair set (not b5-387); heston_RF; measured moments have sampling error
tree_percell,heston_RF/32-37/call_1.0,0.5494211926236153,-2.943031358664163,10.080784093677623,0.6033978124968964,0.9822013602209876,1.0,cross_class near-pair set (not b5-387); heston_RF; measured moments have sampling error
tree_percell,heston_RF/32-37/call_1.1,0.550533236094503,-2.932886557730106,9.988271345749313,0.6037536303170538,0.9843287024606271,1.0,cross_class near-pair set (not b5-387); heston_RF; measured moments have sampling error
tree_percell,heston_RF/32-37/digital_1.0,0.4846269338115394,-3.5900812846663,16.78600450130244,0.5806852921924799,0.8045084223432246,1.0,cross_class near-pair set (not b5-387); heston_RF; measured moments have sampling error
tree_percell,heston_RF/32-38/call_0.9,0.5483168575536566,-2.9519468007369083,10.162227838884089,0.603119844451905,0.9802236185527841,1.0,cross_class near-pair set (not b5-387); heston_RF; measured moments have sampling error
tree_percell,heston_RF/32-38/call_1.0,0.5494223888213261,-2.9430338165257335,10.080798699698457,0.6033968366210255,0.9822020854705571,1.0,cross_class near-pair set (not b5-387); heston_RF; measured moments have sampling error
tree_percell,heston_RF/32-38/call_1.1,0.5505342239413347,-2.932888576114986,9.98828328865909,0.6037528249249761,0.9843292975024862,1.0,cross_class near-pair set (not b5-387); heston_RF; measured moments have sampling error
tree_percell,heston_RF/32-38/digital_1.0,0.48463973189321685,-3.5901168863272885,16.786275161378555,0.580674502189125,0.804519117552592,1.0,cross_class near-pair set (not b5-387); heston_RF; measured moments have sampling error
tree_percell,heston_RF/32-39/call_0.9,0.5481613714180622,-2.952253345750537,10.1633003105415,0.6030490086512412,0.9801065039737594,1.0,cross_class near-pair set (not b5-387); heston_RF; measured moments have sampling error
tree_percell,heston_RF/32-39/call_1.0,0.5492931659465683,-2.9433052763016296,10.081779882461488,0.6033383059837524,0.9821047825999895,1.0,cross_class near-pair set (not b5-387); heston_RF; measured moments have sampling error
tree_percell,heston_RF/32-39/call_1.1,0.5504278776072297,-2.9331243500226676,9.989156501299007,0.6037048956372083,0.9842494149455843,1.0,cross_class near-pair set (not b5-387); heston_RF; measured moments have sampling error
tree_percell,heston_RF/32-39/digital_1.0,0.48280790673932356,-3.5825997648120325,16.7276295327185,0.5799578387341916,0.8033443100119583,1.0,cross_class near-pair set (not b5-387); heston_RF; measured moments have sampling error
tree_percell,heston_RF/32-40/call_0.9,0.5251934088807169,-2.7452316381248623,8.33329908506101,0.6195072406501745,0.9914395079942931,1.0,cross_class near-pair set (not b5-387); heston_RF; measured moments have sampling error
tree_percell,heston_RF/32-40/call_1.0,0.5320412977183692,-2.7389344692598407,8.265446738459094,0.6186413933476638,0.9969224282922515,1.0,cross_class near-pair set (not b5-387); heston_RF; measured moments have sampling error
tree_percell,heston_RF/32-40/call_1.1,0.5381848258773272,-2.731312417156516,8.189134772894711,0.6179862910949074,1.0019768623264849,1.0,cross_class near-pair set (not b5-387); heston_RF; measured moments have sampling error
tree_percell,heston_RF/32-40/digital_1.0,0.16669915235663224,-2.9079793823940054,12.532772286824708,0.7196947253472515,0.584751930849258,1.0,cross_class near-pair set (not b5-387); heston_RF; measured moments have sampling error
tree_percell,heston_RF/32-41/call_0.9,0.591365688696385,-2.6021153386370846,7.6357430133188,0.6369776249666135,1.0355759784486247,1.0,cross_class near-pair set (not b5-387); heston_RF; measured moments have sampling error
tree_percell,heston_RF/32-41/call_1.0,0.592436426891163,-2.594722827559681,7.575241604121041,0.6372272776981758,1.0368067384206838,1.0,cross_class near-pair set (not b5-387); heston_RF; measured moments have sampling error
tree_percell,heston_RF/32-41/call_1.1,0.5935131734506209,-2.586308432870254,7.506590425973979,0.6375488158281163,1.0381169380395254,1.0,cross_class near-pair set (not b5-387); heston_RF; measured moments have sampling error
tree_percell,heston_RF/32-41/digital_1.0,0.5291147744726509,-3.1403476176099256,12.676446378767189,0.6164470831499862,0.920940483572575,1.0,cross_class near-pair set (not b5-387); heston_RF; measured moments have sampling error
tree_percell,heston_RF/32-43/call_0.9,2.2139974626084866,-0.6157680011897751,0.9141350158841677,0.9957759664694317,1.0116281470745256,1.0,cross_class near-pair set (not b5-387); heston_RF; measured moments have sampling error
tree_percell,heston_RF/32-43/call_1.0,2.216307549865645,-0.6158078407597909,0.9177870871396188,0.9958079981247517,1.011595144582043,1.0,cross_class near-pair set (not b5-387); heston_RF; measured moments have sampling error
tree_percell,heston_RF/32-43/call_1.1,2.2189353655904585,-0.6158591734216721,0.9219658444528549,0.9958441584070599,1.011557824329332,1.0,cross_class near-pair set (not b5-387); heston_RF; measured moments have sampling error
tree_percell,heston_RF/32-43/digital_1.0,2.1123736566051705,-0.6222889817430232,0.7768282134422964,0.9941418652154312,1.013356372257896,1.0,cross_class near-pair set (not b5-387); heston_RF; measured moments have sampling error
tree_percell,heston_RF/32-44/call_0.9,0.6112230298938416,-3.021294988182358,9.964616252846776,0.6519094043775958,1.0335033886771332,1.0,cross_class near-pair set (not b5-387); heston_RF; measured moments have sampling error
tree_percell,heston_RF/32-44/call_1.0,0.6157727899029217,-3.0013523571016507,9.836537850865474,0.6545927923149152,1.0374417693634144,1.0,cross_class near-pair set (not b5-387); heston_RF; measured moments have sampling error
tree_percell,heston_RF/32-44/call_1.1,0.6206710095388476,-2.9780084623273906,9.686922710860088,0.6576821049994762,1.0416527052262692,1.0,cross_class near-pair set (not b5-387); heston_RF; measured moments have sampling error
tree_percell,heston_RF/32-44/digital_1.0,0.426637189202406,-3.796628218109193,15.420073830470976,0.5285009307212076,0.7858428702751088,1.0,cross_class near-pair set (not b5-387); heston_RF; measured moments have sampling error
tree_percell,heston_RF/32-46/call_0.9,0.6107015646865404,-3.020803097246416,9.963222366210674,0.6521128069741915,1.0331425321984904,1.0,cross_class near-pair set (not b5-387); heston_RF; measured moments have sampling error
tree_percell,heston_RF/32-46/call_1.0,0.6153338102575575,-3.000944338025858,9.835401616350795,0.6547650682864595,1.0371428395987814,1.0,cross_class near-pair set (not b5-387); heston_RF; measured moments have sampling error
tree_percell,heston_RF/32-46/call_1.1,0.6203048585762798,-2.977672166737,9.686003080581386,0.6578266647263227,1.0414079887807342,1.0,cross_class near-pair set (not b5-387); heston_RF; measured moments have sampling error
tree_percell,heston_RF/32-46/digital_1.0,0.42342869280531054,-3.7920359734242277,15.399410079280123,0.5296942697331433,0.7824335302839969,1.0,cross_class near-pair set (not b5-387); heston_RF; measured moments have sampling error
tree_percell,heston_RF/33-34/call_0.9,0.5715669697529511,-2.7129575477970325,8.374859276229445,0.6222002160456808,1.0172095445933182,1.0,cross_class near-pair set (not b5-387); heston_RF; measured moments have sampling error
tree_percell,heston_RF/33-34/call_1.0,0.5724233610456873,-2.710279251934472,8.355009688420404,0.6221914004524766,1.0179480346703633,1.0,cross_class near-pair set (not b5-387); heston_RF; measured moments have sampling error
tree_percell,heston_RF/33-34/call_1.1,0.5732303061355001,-2.7073130767844256,8.33304658406481,0.6222251698594611,1.0186771738060156,1.0,cross_class near-pair set (not b5-387); heston_RF; measured moments have sampling error
tree_percell,heston_RF/33-34/digital_1.0,0.5230374253634708,-2.863804999014552,9.542012247359365,0.6194517537006077,0.9698666613811663,1.0,cross_class near-pair set (not b5-387); heston_RF; measured moments have sampling error
tree_percell,heston_RF/33-35/call_0.9,0.5715669697529817,-2.71295754779765,8.374859276233671,0.6222002160454775,1.017209544593293,1.0,cross_class near-pair set (not b5-387); heston_RF; measured moments have sampling error
tree_percell,heston_RF/33-35/call_1.0,0.5724233610458844,-2.7102792519341787,8.355009688418281,0.6221914004524194,1.0179480346705054,1.0,cross_class near-pair set (not b5-387); heston_RF; measured moments have sampling error
tree_percell,heston_RF/33-35/call_1.1,0.5732303061354812,-2.707313076784698,8.333046584067032,0.6222251698593195,1.0186771738059779,1.0,cross_class near-pair set (not b5-387); heston_RF; measured moments have sampling error
tree_percell,heston_RF/33-35/digital_1.0,0.5230374253650852,-2.8638049990116734,9.542012247351133,0.6194517536995063,0.9698666613823209,1.0,cross_class near-pair set (not b5-387); heston_RF; measured moments have sampling error
tree_percell,heston_RF/33-36/call_0.9,0.5485172009711159,-2.962115938061348,10.271009029157957,0.6032969755385317,0.9786914695665566,1.0,cross_class near-pair set (not b5-387); heston_RF; measured moments have sampling error
tree_percell,heston_RF/33-36/call_1.0,0.5496278205801217,-2.9531338321950757,10.188778233786197,0.6035757618921834,0.980692615312876,1.0,cross_class near-pair set (not b5-387); heston_RF; measured moments have sampling error
tree_percell,heston_RF/33-36/call_1.1,0.5507448817494991,-2.942908528909437,10.09533057635281,0.6039338912716847,0.9828444153764414,1.0,cross_class near-pair set (not b5-387); heston_RF; measured moments have sampling error
tree_percell,heston_RF/33-36/digital_1.0,0.4845774174412996,-3.604352821231381,16.950368897277244,0.5807278689896879,0.801189736560869,1.0,cross_class near-pair set (not b5-387); heston_RF; measured moments have sampling error
tree_percell,heston_RF/33-37/call_0.9,0.5485172009711603,-2.9621159380611624,10.271009029156263,0.6032969755385353,0.9786914695666137,1.0,cross_class near-pair set (not b5-387); heston_RF; measured moments have sampling error
tree_percell,heston_RF/33-37/call_1.0,0.5496278205801353,-2.953133832194614,10.188778233782791,0.6035757618921782,0.9806926153129286,1.0,cross_class near-pair set (not b5-387); heston_RF; measured moments have sampling error
tree_percell,heston_RF/33-37/call_1.1,0.5507448817495506,-2.9429085289094963,10.095330576353929,0.6039338912716847,0.9828444153764587,1.0,cross_class near-pair set (not b5-387); heston_RF; measured moments have sampling error
tree_percell,heston_RF/33-37/digital_1.0,0.4845774174415741,-3.604352821229352,16.950368897271847,0.5807278689898435,0.8011897365612064,1.0,cross_class near-pair set (not b5-387); heston_RF; measured moments have sampling error
tree_percell,heston_RF/33-38/call_0.9,0.5485186379655139,-2.962118926689718,10.27102695481753,0.6032958028507364,0.9786923518890694,1.0,cross_class near-pair set (not b5-387); heston_RF; measured moments have sampling error
tree_percell,heston_RF/33-38/call_1.0,0.5496290203881955,-2.953136314340927,10.188793068086103,0.6035747832772007,0.9806933478605975,1.0,cross_class near-pair set (not b5-387); heston_RF; measured moments have sampling error
tree_percell,heston_RF/33-38/call_1.1,0.550745872589217,-2.94291056725058,10.095342706280187,0.6039330836127073,0.9828450164116531,1.0,cross_class near-pair set (not b5-387); heston_RF; measured moments have sampling error
tree_percell,heston_RF/33-38/digital_1.0,0.48459024609959306,-3.6043887450053234,16.95064318054451,0.5807170534561611,0.8012005263786114,1.0,cross_class near-pair set (not b5-387); heston_RF; measured moments have sampling error
tree_percell,heston_RF/33-39/call_0.9,0.5483627955451731,-2.9624273901720932,10.272111485537675,0.6032248698039901,0.9785738405074578,1.0,cross_class near-pair set (not b5-387); heston_RF; measured moments have sampling error
tree_percell,heston_RF/33-39/call_1.0,0.5494995039993855,-2.9534095038425834,10.18978550352184,0.6035161756767558,0.980594879791624,1.0,cross_class near-pair set (not b5-387); heston_RF; measured moments have sampling error
tree_percell,heston_RF/33-39/call_1.1,0.5506392865538748,-2.943147864816107,10.096226075261837,0.6038850938574247,0.9827641740179466,1.0,cross_class near-pair set (not b5-387); heston_RF; measured moments have sampling error
tree_percell,heston_RF/33-39/digital_1.0,0.48275372916610393,-3.596806045653936,16.891220514757876,0.5799982588313576,0.8000172788157371,1.0,cross_class near-pair set (not b5-387); heston_RF; measured moments have sampling error
tree_percell,heston_RF/33-40/call_0.9,0.5252070006992122,-2.7541211486720627,8.417013803814264,0.6196156308494813,0.9901064815467299,1.0,cross_class near-pair set (not b5-387); heston_RF; measured moments have sampling error
tree_percell,heston_RF/33-40/call_1.0,0.532072709088389,-2.7477805484293096,8.348567986196828,0.6187482643304261,0.995647095333616,1.0,cross_class near-pair set (not b5-387); heston_RF; measured moments have sampling error
tree_percell,heston_RF/33-40/call_1.1,0.5382324490253454,-2.7401057523202086,8.2715760188644,0.6180921944166131,1.0007549957831856,1.0,cross_class near-pair set (not b5-387); heston_RF; measured moments have sampling error
tree_percell,heston_RF/33-40/digital_1.0,0.16591944798983105,-2.9174279601412403,12.639762292064399,0.7198227959295996,0.5801819716221392,1.0,cross_class near-pair set (not b5-387); heston_RF; measured moments have sampling error
tree_percell,heston_RF/33-41/call_0.9,0.5914897658214228,-2.6101355627096083,7.711037884552487,0.6370809054324222,1.0347471568539186,1.0,cross_class near-pair set (not b5-387); heston_RF; measured moments have sampling error
tree_percell,heston_RF/33-41/call_1.0,0.5925641363156818,-2.6026973428709606,7.650045374237992,0.6373318921679717,1.035990505227704,1.0,cross_class near-pair set (not b5-387); heston_RF; measured moments have sampling error
tree_percell,heston_RF/33-41/call_1.1,0.5936446297812813,-2.594229976723398,7.5808241617951,0.6376549953810895,1.0373142260849786,1.0,cross_class near-pair set (not b5-387); heston_RF; measured moments have sampling error
tree_percell,heston_RF/33-41/digital_1.0,0.5290461206130936,-3.1512008681316988,12.787593043953024,0.6164566468717246,0.9190597189568956,1.0,cross_class near-pair set (not b5-387); heston_RF; measured moments have sampling error
tree_percell,heston_RF/33-43/call_0.9,2.214219058007416,-0.6157616572793857,0.9156274645496412,0.9957790490337978,1.0116306071236265,1.0,cross_class near-pair set (not b5-387); heston_RF; measured moments have sampling error
tree_percell,heston_RF/33-43/call_1.0,2.2165314925896666,-0.6158019759756423,0.9192970728786509,0.9958110911714484,1.0115976283178454,1.0,cross_class near-pair set (not b5-387); heston_RF; measured moments have sampling error
tree_percell,heston_RF/33-43/call_1.1,2.21916200818688,-0.6158539885401749,0.9234964637676435,0.9958472633998323,1.0115603386655299,1.0,cross_class near-pair set (not b5-387); heston_RF; measured moments have sampling error
tree_percell,heston_RF/33-43/digital_1.0,2.112503301821941,-0.6222761177688252,0.777677055622537,0.9941443264949702,1.013357940843978,1.0,cross_class near-pair set (not b5-387); heston_RF; measured moments have sampling error
tree_percell,heston_RF/33-44/call_0.9,0.6109215036734948,-3.023162958387503,9.974968711613647,0.6516856742208678,1.0332439880680264,1.0,cross_class near-pair set (not b5-387); heston_RF; measured moments have sampling error
tree_percell,heston_RF/33-44/call_1.0,0.6154704429744183,-3.0032417268340637,9.846962720330058,0.6543698728871079,1.0371887428550999,1.0,cross_class near-pair set (not b5-387); heston_RF; measured moments have sampling error
tree_percell,heston_RF/33-44/call_1.1,0.6203676515194314,-2.979921514755305,9.697422366764755,0.6574600369884849,1.0414068279730826,1.0,cross_class near-pair set (not b5-387); heston_RF; measured moments have sampling error
tree_percell,heston_RF/33-44/digital_1.0,0.4264120856587533,-3.797540047800347,15.426063991664645,0.52828902774521,0.7854643997218386,1.0,cross_class near-pair set (not b5-387); heston_RF; measured moments have sampling error
tree_percell,heston_RF/33-46/call_0.9,0.610400088713862,-3.0226718192077597,9.973579834853233,0.651889110309618,1.0328826621715201,1.0,cross_class near-pair set (not b5-387); heston_RF; measured moments have sampling error
tree_percell,heston_RF/33-46/call_1.0,0.6150315053242685,-3.0028343332570904,9.845830687692585,0.6545421782501253,1.0368894158373942,1.0,cross_class near-pair set (not b5-387); heston_RF; measured moments have sampling error
tree_percell,heston_RF/33-46/call_1.1,0.6200015352921222,-2.9795857326290878,9.696506216058337,0.6576046223595072,1.0411617786605463,1.0,cross_class near-pair set (not b5-387); heston_RF; measured moments have sampling error
tree_percell,heston_RF/33-46/digital_1.0,0.42320389864674957,-3.7929537056898828,15.405434484904074,0.5294824169169526,0.7820536369420371,1.0,cross_class near-pair set (not b5-387); heston_RF; measured moments have sampling error
tree_percell,heston_RF/34-35/call_0.9,0.005997709312480414,-0.4566625967198347,1.0365291961942695,0.7742385032904601,0.9572708624433035,1.0,cross_class near-pair set (not b5-387); heston_RF; measured moments have sampling error
tree_percell,heston_RF/34-35/call_1.0,0.12237376303745832,-0.5297200267213514,1.6654781169455228,0.824165044242671,0.9433015919768337,1.0,cross_class near-pair set (not b5-387); heston_RF; measured moments have sampling error
tree_percell,heston_RF/34-35/call_1.1,0.054854599453862854,-0.11887914197925122,1.0321294877611775,0.8123203584609111,0.9583363465766883,1.0,cross_class near-pair set (not b5-387); heston_RF; measured moments have sampling error
tree_percell,heston_RF/34-35/digital_1.0,0.06724517295436808,-0.7610045007001697,15.870070951035697,0.5292677918138043,0.35319535915722083,1.0,cross_class near-pair set (not b5-387); heston_RF; measured moments have sampling error
tree_percell,heston_RF/34-36/call_0.9,0.07088812050073588,-14.03584785916506,195.00502512562824,0.08862250717625715,-6.878891232701409,1.0,cross_class near-pair set (not b5-387); heston_RF; measured moments have sampling error
tree_percell,heston_RF/34-36/call_1.0,0.07088812050105331,-14.035847859165049,195.00502512562818,0.08862250717578951,-6.87889123269995,1.0,cross_class near-pair set (not b5-387); heston_RF; measured moments have sampling error
tree_percell,heston_RF/34-36/call_1.1,0.07088812050079261,-14.03584785916504,195.0050251256279,0.08862250717548355,-6.878891232701136,1.0,cross_class near-pair set (not b5-387); heston_RF; measured moments have sampling error
tree_percell,heston_RF/34-36/digital_1.0,0.07088812050134309,-14.035847859165065,195.00502512562835,0.08862250718330825,-6.878891232698627,1.0,cross_class near-pair set (not b5-387); heston_RF; measured moments have sampling error
tree_percell,heston_RF/34-37/call_0.9,0.07088812050087269,-14.035847859165056,195.00502512562815,0.08862250717623281,-6.878891232700779,1.0,cross_class near-pair set (not b5-387); heston_RF; measured moments have sampling error
tree_percell,heston_RF/34-37/call_1.0,0.07088812050108326,-14.035847859165045,195.00502512562812,0.08862250717575226,-6.878891232699811,1.0,cross_class near-pair set (not b5-387); heston_RF; measured moments have sampling error
tree_percell,heston_RF/34-37/call_1.1,0.07088812050092579,-14.03584785916506,195.00502512562824,0.08862250717531792,-6.878891232700538,1.0,cross_class near-pair set (not b5-387); heston_RF; measured moments have sampling error
tree_percell,heston_RF/34-37/digital_1.0,0.07088812050176765,-14.035847859165063,195.00502512562826,0.08862250718299136,-6.8788912326966765,1.0,cross_class near-pair set (not b5-387); heston_RF; measured moments have sampling error
tree_percell,heston_RF/34-38/call_0.9,0.07089105003934747,-14.035847825298541,195.00502449501866,0.08862615126690165,-6.878877763424944,1.0,cross_class near-pair set (not b5-387); heston_RF; measured moments have sampling error
tree_percell,heston_RF/34-38/call_1.0,0.07089057699926399,-14.035847835354064,195.005024682259,0.08862556284547518,-6.8788799418306406,1.0,cross_class near-pair set (not b5-387); heston_RF; measured moments have sampling error
tree_percell,heston_RF/34-38/call_1.1,0.07089015945299673,-14.035847842762072,195.00502482019985,0.0886250434547209,-6.878881863564772,1.0,cross_class near-pair set (not b5-387); heston_RF; measured moments have sampling error
tree_percell,heston_RF/34-38/digital_1.0,0.07090945282124819,-14.03584606276072,195.00499167017156,0.08864904267837824,-6.878791973692333,1.0,cross_class near-pair set (not b5-387); heston_RF; measured moments have sampling error
tree_percell,heston_RF/34-39/call_0.9,0.07049401177192609,-14.032928555222867,194.9508529556701,0.090325920051448,-6.878496692417745,1.0,cross_class near-pair set (not b5-387); heston_RF; measured moments have sampling error
tree_percell,heston_RF/34-39/call_1.0,0.07055741706754695,-14.033791031933088,194.96683659574205,0.09005307225464079,-6.878855793725525,1.0,cross_class near-pair set (not b5-387); heston_RF; measured moments have sampling error
tree_percell,heston_RF/34-39/call_1.1,0.07061322833633182,-14.03442711067859,194.97863377338342,0.08981192035652005,-6.879079459575022,1.0,cross_class near-pair set (not b5-387); heston_RF; measured moments have sampling error
tree_percell,heston_RF/34-39/digital_1.0,0.06784351149005212,-13.88103612616189,192.20038828299326,0.10066090203976509,-6.778674558303859,1.0,cross_class near-pair set (not b5-387); heston_RF; measured moments have sampling error
tree_percell,heston_RF/34-40/call_0.9,0.06469399284124713,-7.972598804675879,63.695220315497124,0.24256900684714824,-1.546224993296431,1.0,cross_class near-pair set (not b5-387); heston_RF; measured moments have sampling error
tree_percell,heston_RF/34-40/call_1.0,0.07557945943316456,-7.974678694634474,63.5905027166159,0.22959660937253346,-1.519595407882289,1.0,cross_class near-pair set (not b5-387); heston_RF; measured moments have sampling error
tree_percell,heston_RF/34-40/call_1.1,0.0851869728515591,-7.972217793297784,63.43054413396638,0.21815286827595237,-1.4924408089244994,1.0,cross_class near-pair set (not b5-387); heston_RF; measured moments have sampling error
tree_percell,heston_RF/34-40/digital_1.0,0.3818786661636391,-6.1655173523834454,53.47279513709792,0.6854932340847361,-0.3100873872413644,1.0,cross_class near-pair set (not b5-387); heston_RF; measured moments have sampling error
tree_percell,heston_RF/34-41/call_0.9,0.18557182066569486,-6.483850377634853,45.48315135314287,0.22936403848807643,-0.5744851153430179,1.0,cross_class near-pair set (not b5-387); heston_RF; measured moments have sampling error
tree_percell,heston_RF/34-41/call_1.0,0.1857932166109363,-6.470478381892693,45.276128841504686,0.22951120214745516,-0.5663283125083813,1.0,cross_class near-pair set (not b5-387); heston_RF; measured moments have sampling error
tree_percell,heston_RF/34-41/call_1.1,0.18603285383993304,-6.455286666442774,45.04191299516624,0.22969390731160183,-0.5571307587668557,1.0,cross_class near-pair set (not b5-387); heston_RF; measured moments have sampling error
tree_percell,heston_RF/34-41/digital_1.0,0.17181359257826176,-7.4604311801114,62.08781138314238,0.21835571747527807,-1.230494701771564,1.0,cross_class near-pair set (not b5-387); heston_RF; measured moments have sampling error
tree_percell,heston_RF/34-43/call_0.9,2.1821333929231725,-0.6442265682957926,1.0241007945281382,0.9953100568081897,1.0132867142219868,1.0,cross_class near-pair set (not b5-387); heston_RF; measured moments have sampling error
tree_percell,heston_RF/34-43/call_1.0,2.1841000725574626,-0.644646560125239,1.0288925913814673,0.9953401540607528,1.0132679353625385,1.0,cross_class near-pair set (not b5-387); heston_RF; measured moments have sampling error
tree_percell,heston_RF/34-43/call_1.1,2.186332336800308,-0.6451401761040795,1.0344012704651595,0.9953740963048562,1.013247109703052,1.0,cross_class near-pair set (not b5-387); heston_RF; measured moments have sampling error
tree_percell,heston_RF/34-43/digital_1.0,2.0937978249518348,-0.6371055434071199,0.842049970327921,0.9937686556678624,1.0144258052202095,1.0,cross_class near-pair set (not b5-387); heston_RF; measured moments have sampling error
tree_percell,heston_RF/34-44/call_0.9,0.4661927540773827,-3.2147778664902376,10.799977254506901,0.5359415634081498,0.9169922676057469,1.0,cross_class near-pair set (not b5-387); heston_RF; measured moments have sampling error
tree_percell,heston_RF/34-44/call_1.0,0.4694625640383321,-3.197146202695142,10.676688239479786,0.5375689217772216,0.9218798582043163,1.0,cross_class near-pair set (not b5-387); heston_RF; measured moments have sampling error
tree_percell,heston_RF/34-44/call_1.1,0.47288870241730524,-3.176618116613691,10.533425280062023,0.5395818948282964,0.9271741761827275,1.0,cross_class near-pair set (not b5-387); heston_RF; measured moments have sampling error
tree_percell,heston_RF/34-44/digital_1.0,0.33699515941029407,-3.9017007468943095,16.006843828173533,0.4656625449676709,0.6671927205370886,1.0,cross_class near-pair set (not b5-387); heston_RF; measured moments have sampling error
tree_percell,heston_RF/34-46/call_0.9,0.4656955146198689,-3.2145723708792273,10.79999105757042,0.5362735542215362,0.9165578514492466,1.0,cross_class near-pair set (not b5-387); heston_RF; measured moments have sampling error
tree_percell,heston_RF/34-46/call_1.0,0.46904409637817507,-3.1969791185547227,10.676730710200234,0.5378492527056199,0.9215179498578687,1.0,cross_class near-pair set (not b5-387); heston_RF; measured moments have sampling error
tree_percell,heston_RF/34-46/call_1.1,0.47253978390454693,-3.176482458325337,10.533481296049962,0.5398164184281034,0.9268760649918271,1.0,cross_class near-pair set (not b5-387); heston_RF; measured moments have sampling error
tree_percell,heston_RF/34-46/digital_1.0,0.3338889230817864,-3.8986885005944596,15.995150569914571,0.4677576367720126,0.663704473884968,1.0,cross_class near-pair set (not b5-387); heston_RF; measured moments have sampling error
tree_percell,heston_RF/35-36/call_0.9,0.07088812050071633,-14.035847859165063,195.0050251256282,0.08862250717598975,-6.878891232701501,1.0,cross_class near-pair set (not b5-387); heston_RF; measured moments have sampling error
tree_percell,heston_RF/35-36/call_1.0,0.07088812050076367,-14.035847859165038,195.00502512562795,0.08862250717565283,-6.878891232701274,1.0,cross_class near-pair set (not b5-387); heston_RF; measured moments have sampling error
tree_percell,heston_RF/35-36/call_1.1,0.0708881205008848,-14.035847859165052,195.00502512562818,0.08862250717557274,-6.878891232700725,1.0,cross_class near-pair set (not b5-387); heston_RF; measured moments have sampling error
tree_percell,heston_RF/35-36/digital_1.0,0.07088812049989955,-14.03584785916506,195.00502512562826,0.08862250718447012,-6.878891232705246,1.0,cross_class near-pair set (not b5-387); heston_RF; measured moments have sampling error
tree_percell,heston_RF/35-37/call_0.9,0.07088812050085312,-14.035847859165054,195.0050251256281,0.08862250717654885,-6.878891232700866,1.0,cross_class near-pair set (not b5-387); heston_RF; measured moments have sampling error
tree_percell,heston_RF/35-37/call_1.0,0.07088812050079364,-14.03584785916504,195.00502512562807,0.08862250717588892,-6.8788912327011404,1.0,cross_class near-pair set (not b5-387); heston_RF; measured moments have sampling error
tree_percell,heston_RF/35-37/call_1.1,0.07088812050101793,-14.035847859165042,195.00502512562792,0.0886225071756364,-6.878891232700106,1.0,cross_class near-pair set (not b5-387); heston_RF; measured moments have sampling error
tree_percell,heston_RF/35-37/digital_1.0,0.0708881205003241,-14.03584785916505,195.0050251256281,0.08862250718436449,-6.878891232703296,1.0,cross_class near-pair set (not b5-387); heston_RF; measured moments have sampling error
tree_percell,heston_RF/35-38/call_0.9,0.07089105003932793,-14.035847825298543,195.00502449501866,0.08862615126678008,-6.878877763425033,1.0,cross_class near-pair set (not b5-387); heston_RF; measured moments have sampling error
tree_percell,heston_RF/35-38/call_1.0,0.07089057699897436,-14.035847835354058,195.00502468225906,0.08862556284551246,-6.878879941831967,1.0,cross_class near-pair set (not b5-387); heston_RF; measured moments have sampling error
tree_percell,heston_RF/35-38/call_1.1,0.07089015945308891,-14.035847842762063,195.0050248201997,0.0886250434547846,-6.878881863564336,1.0,cross_class near-pair set (not b5-387); heston_RF; measured moments have sampling error
tree_percell,heston_RF/35-38/digital_1.0,0.07090945281980462,-14.035846062760704,195.00499167017136,0.08864904267637133,-6.878791973698946,1.0,cross_class near-pair set (not b5-387); heston_RF; measured moments have sampling error
tree_percell,heston_RF/35-39/call_0.9,0.0704940117719065,-14.03292855522284,194.95085295566955,0.09032592005113196,-6.878496692417813,1.0,cross_class near-pair set (not b5-387); heston_RF; measured moments have sampling error
tree_percell,heston_RF/35-39/call_1.0,0.07055741706725731,-14.03379103193306,194.96683659574163,0.090053072254678,-6.878855793726829,1.0,cross_class near-pair set (not b5-387); heston_RF; measured moments have sampling error
tree_percell,heston_RF/35-39/call_1.1,0.0706132283364242,-14.034427110678632,194.97863377338422,0.08981192035632854,-6.879079459574634,1.0,cross_class near-pair set (not b5-387); heston_RF; measured moments have sampling error
tree_percell,heston_RF/35-39/digital_1.0,0.06784351148860511,-13.881036126155617,192.2003882828882,0.10066090203964584,-6.778674558306017,1.0,cross_class near-pair set (not b5-387); heston_RF; measured moments have sampling error
tree_percell,heston_RF/35-40/call_0.9,0.06469399284122754,-7.972598804675843,63.695220315495135,0.2425690068472041,-1.5462249932963879,1.0,cross_class near-pair set (not b5-387); heston_RF; measured moments have sampling error
tree_percell,heston_RF/35-40/call_1.0,0.07557945943296755,-7.974678694633966,63.59050271660763,0.22959660937278886,-1.5195954078823697,1.0,cross_class near-pair set (not b5-387); heston_RF; measured moments have sampling error
tree_percell,heston_RF/35-40/call_1.1,0.0851869728516252,-7.972217793298641,63.43054413398218,0.21815286827582997,-1.492440808924991,1.0,cross_class near-pair set (not b5-387); heston_RF; measured moments have sampling error
tree_percell,heston_RF/35-40/digital_1.0,0.3818786661645938,-6.165517352385928,53.4727951371039,0.6854932340856069,-0.3100873872382401,1.0,cross_class near-pair set (not b5-387); heston_RF; measured moments have sampling error
tree_percell,heston_RF/35-41/call_0.9,0.185571820665701,-6.483850377635858,45.48315135315737,0.229364038487997,-0.574485115343538,1.0,cross_class near-pair set (not b5-387); heston_RF; measured moments have sampling error
tree_percell,heston_RF/35-41/call_1.0,0.18579321661078055,-6.4704783818928915,45.2761288415093,0.22951120214747606,-0.566328312508913,1.0,cross_class near-pair set (not b5-387); heston_RF; measured moments have sampling error
tree_percell,heston_RF/35-41/call_1.1,0.18603285383998144,-6.455286666443562,45.041912995179054,0.22969390731170447,-0.557130758767219,1.0,cross_class near-pair set (not b5-387); heston_RF; measured moments have sampling error
tree_percell,heston_RF/35-41/digital_1.0,0.17181359257722562,-7.460431180115533,62.08781138317738,0.2183557174734368,-1.2304947017757566,1.0,cross_class near-pair set (not b5-387); heston_RF; measured moments have sampling error
tree_percell,heston_RF/35-43/call_0.9,2.1821333929231534,-0.6442265682957933,1.0241007945279916,0.9953100568081895,1.0132867142219864,1.0,cross_class near-pair set (not b5-387); heston_RF; measured moments have sampling error
tree_percell,heston_RF/35-43/call_1.0,2.1841000725574378,-0.6446465601252245,1.0288925913813474,0.9953401540607527,1.013267935362538,1.0,cross_class near-pair set (not b5-387); heston_RF; measured moments have sampling error
tree_percell,heston_RF/35-43/call_1.1,2.1863323368002887,-0.6451401761040486,1.0344012704650245,0.9953740963048558,1.0132471097030513,1.0,cross_class near-pair set (not b5-387); heston_RF; measured moments have sampling error
tree_percell,heston_RF/35-43/digital_1.0,2.0937978249517704,-0.6371055434066543,0.8420499703254722,0.993768655667861,1.0144258052201898,1.0,cross_class near-pair set (not b5-387); heston_RF; measured moments have sampling error
tree_percell,heston_RF/35-44/call_0.9,0.4661927540773539,-3.214777866490386,10.799977254507766,0.535941563408133,0.916992267605709,1.0,cross_class near-pair set (not b5-387); heston_RF; measured moments have sampling error
tree_percell,heston_RF/35-44/call_1.0,0.4694625640382751,-3.197146202695125,10.676688239479736,0.5375689217772411,0.9218798582042685,1.0,cross_class near-pair set (not b5-387); heston_RF; measured moments have sampling error
tree_percell,heston_RF/35-44/call_1.1,0.4728887024172935,-3.1766181166136485,10.533425280061412,0.5395818948282908,0.927174176182731,1.0,cross_class near-pair set (not b5-387); heston_RF; measured moments have sampling error
tree_percell,heston_RF/35-44/digital_1.0,0.33699515940999764,-3.9017007468952145,16.006843828184035,0.4656625449675498,0.6671927205364317,1.0,cross_class near-pair set (not b5-387); heston_RF; measured moments have sampling error
tree_percell,heston_RF/35-46/call_0.9,0.4656955146198401,-3.214572370879373,10.799991057571281,0.5362735542215195,0.9165578514492085,1.0,cross_class near-pair set (not b5-387); heston_RF; measured moments have sampling error
tree_percell,heston_RF/35-46/call_1.0,0.46904409637811806,-3.1969791185547076,10.67673071020018,0.5378492527056392,0.9215179498578218,1.0,cross_class near-pair set (not b5-387); heston_RF; measured moments have sampling error
tree_percell,heston_RF/35-46/call_1.1,0.47253978390453516,-3.1764824583252973,10.533481296049363,0.5398164184280977,0.92687606499183,1.0,cross_class near-pair set (not b5-387); heston_RF; measured moments have sampling error
tree_percell,heston_RF/35-46/digital_1.0,0.33388892308149287,-3.8986885005954144,15.99515056992534,0.4677576367718918,0.6637044738843062,1.0,cross_class near-pair set (not b5-387); heston_RF; measured moments have sampling error
tree_percell,heston_RF/36-37/call_0.9,0.04593152121746253,-0.05894060713190188,1.7403127169791155,0.7475776781353272,0.9282426498128917,1.0,cross_class near-pair set (not b5-387); heston_RF; measured moments have sampling error
tree_percell,heston_RF/36-37/call_1.0,0.008421817861983994,0.377693353464554,2.0077250130156523,0.8127202991581782,0.9158265507463426,1.0,cross_class near-pair set (not b5-387); heston_RF; measured moments have sampling error
tree_percell,heston_RF/36-37/call_1.1,0.0735783013846345,0.41855911604466206,1.4241398692863596,0.8145727509330815,0.9361953233144685,1.0,cross_class near-pair set (not b5-387); heston_RF; measured moments have sampling error
tree_percell,heston_RF/36-37/digital_1.0,0.02804963567266072,0.34546734604235346,7.136544138721252,0.5692871421752469,0.7014978274834333,1.0,cross_class near-pair set (not b5-387); heston_RF; measured moments have sampling error
tree_percell,heston_RF/36-38/call_0.9,0.07304343816071988,-14.016187714757173,194.63152483786234,0.09130298756437813,-6.853770191202343,1.0,cross_class near-pair set (not b5-387); heston_RF; measured moments have sampling error
tree_percell,heston_RF/36-38/call_1.0,0.07304570433045253,-14.016146086329575,194.63072613921196,0.0913058068007523,-6.853727238046665,1.0,cross_class near-pair set (not b5-387); heston_RF; measured moments have sampling error
tree_percell,heston_RF/36-38/call_1.1,0.07304864221934537,-14.016092045544637,194.629689255421,0.0913094741437741,-6.853671494412302,1.0,cross_class near-pair set (not b5-387); heston_RF; measured moments have sampling error
tree_percell,heston_RF/36-38/digital_1.0,0.07303314694190478,-14.016376042575418,194.6351378555297,0.09129016311407685,-6.85396467962483,1.0,cross_class near-pair set (not b5-387); heston_RF; measured moments have sampling error
tree_percell,heston_RF/36-39/call_0.9,0.033111174853063204,5.988039873095248,110.39398139655201,0.14642269233868413,-3.6226815338245593,1.0,cross_class near-pair set (not b5-387); heston_RF; measured moments have sampling error
tree_percell,heston_RF/36-39/call_1.0,0.03315828367645242,6.00474533534702,110.4935679973763,0.14637975590972108,-3.6269322718596677,1.0,cross_class near-pair set (not b5-387); heston_RF; measured moments have sampling error
tree_percell,heston_RF/36-39/call_1.1,0.033214087325057845,6.024481926874771,110.61139255975284,0.14632942459692855,-3.6319615638449,1.0,cross_class near-pair set (not b5-387); heston_RF; measured moments have sampling error
tree_percell,heston_RF/36-39/digital_1.0,0.032906304142786294,5.915416224240202,109.96448977296397,0.14660726294520426,-3.6043473080435127,1.0,cross_class near-pair set (not b5-387); heston_RF; measured moments have sampling error
tree_percell,heston_RF/36-40/call_0.9,0.02350782585398723,-9.466746321439524,90.58880687295208,0.24560335426859664,-2.733293842641938,1.0,cross_class near-pair set (not b5-387); heston_RF; measured moments have sampling error
tree_percell,heston_RF/36-40/call_1.0,0.03808141224057278,-9.495805940885155,90.93531629595645,0.2279405955734594,-2.7178136607083205,1.0,cross_class near-pair set (not b5-387); heston_RF; measured moments have sampling error
tree_percell,heston_RF/36-40/call_1.1,0.050900449873665564,-9.51671782970389,91.18057089874928,0.2123415142144973,-2.6990211849857753,1.0,cross_class near-pair set (not b5-387); heston_RF; measured moments have sampling error
tree_percell,heston_RF/36-40/digital_1.0,0.6038618999141477,-3.843017274660278,30.906341440030985,0.8063378198453194,0.6945533657918593,1.0,cross_class near-pair set (not b5-387); heston_RF; measured moments have sampling error
tree_percell,heston_RF/36-41/call_0.9,0.17735346113423306,-6.968575565678535,55.4870442339929,0.2197797440999203,-0.9706174135936592,1.0,cross_class near-pair set (not b5-387); heston_RF; measured moments have sampling error
tree_percell,heston_RF/36-41/call_1.0,0.17746273825966472,-6.96373439613767,55.39744806514191,0.21975581078125647,-0.9669666006978372,1.0,cross_class near-pair set (not b5-387); heston_RF; measured moments have sampling error
tree_percell,heston_RF/36-41/call_1.1,0.17756887929302304,-6.9583586907772705,55.29807926328936,0.21974668958006346,-0.962957748952226,1.0,cross_class near-pair set (not b5-387); heston_RF; measured moments have sampling error
tree_percell,heston_RF/36-41/digital_1.0,0.17106946001383289,-7.2675764793842115,61.083510883723136,0.22050448380385057,-1.1984837264486603,1.0,cross_class near-pair set (not b5-387); heston_RF; measured moments have sampling error
tree_percell,heston_RF/36-43/call_0.9,2.182849963956116,-0.650915531271191,1.0492482470701896,0.9953210439532054,1.0134830579035798,1.0,cross_class near-pair set (not b5-387); heston_RF; measured moments have sampling error
tree_percell,heston_RF/36-43/call_1.0,2.1848218919319016,-0.6513569410439332,1.054147995011232,0.995351154995521,1.013464253952853,1.0,cross_class near-pair set (not b5-387); heston_RF; measured moments have sampling error
tree_percell,heston_RF/36-43/call_1.1,2.187059981178344,-0.6518763427107706,1.0597829471611728,0.9953851101752931,1.0134434352541821,1.0,cross_class near-pair set (not b5-387); heston_RF; measured moments have sampling error
tree_percell,heston_RF/36-43/digital_1.0,2.0942969877952624,-0.6429541814441534,0.8630029381397848,0.9937786824692891,1.0146239003724338,1.0,cross_class near-pair set (not b5-387); heston_RF; measured moments have sampling error
tree_percell,heston_RF/36-44/call_0.9,0.45935318196162483,-3.256950148524808,11.044654050001197,0.5298449422601345,0.9072622301477306,1.0,cross_class near-pair set (not b5-387); heston_RF; measured moments have sampling error
tree_percell,heston_RF/36-44/call_1.0,0.4626172228811211,-3.2393525799070626,10.920700965269285,0.5314595425969115,0.9122872032785663,1.0,cross_class near-pair set (not b5-387); heston_RF; measured moments have sampling error
tree_percell,heston_RF/36-44/call_1.1,0.46603450378974515,-3.2188513476686516,10.776574425334482,0.533462725061024,0.9177335149134934,1.0,cross_class near-pair set (not b5-387); heston_RF; measured moments have sampling error
tree_percell,heston_RF/36-44/digital_1.0,0.330638073140847,-3.9402632769706396,16.25913434015326,0.4602427142178968,0.6530706003132951,1.0,cross_class near-pair set (not b5-387); heston_RF; measured moments have sampling error
tree_percell,heston_RF/36-46/call_0.9,0.4588567962862417,-3.25676733510373,11.044823394220646,0.5301780563530435,0.9068157657335069,1.0,cross_class near-pair set (not b5-387); heston_RF; measured moments have sampling error
tree_percell,heston_RF/36-46/call_1.0,0.4621994764813885,-3.239204542975064,10.920874023432248,0.5317408265814423,0.9119151466153933,1.0,cross_class near-pair set (not b5-387); heston_RF; measured moments have sampling error
tree_percell,heston_RF/36-46/call_1.1,0.46568618989959504,-3.2187315071847,10.776738783550805,0.5336980511364579,0.9174269476284639,1.0,cross_class near-pair set (not b5-387); heston_RF; measured moments have sampling error
tree_percell,heston_RF/36-46/digital_1.0,0.32753638057195034,-3.9374033309609437,16.24849735153722,0.46234404756157876,0.6495235694143846,1.0,cross_class near-pair set (not b5-387); heston_RF; measured moments have sampling error
tree_percell,heston_RF/37-38/call_0.9,0.07304343422632943,-14.016187705676675,194.6315246636432,0.09130299729022785,-6.853770202414677,1.0,cross_class near-pair set (not b5-387); heston_RF; measured moments have sampling error
tree_percell,heston_RF/37-38/call_1.0,0.07304570404079803,-14.016146086140376,194.63072613558188,0.09130580569821686,-6.8537272392454405,1.0,cross_class near-pair set (not b5-387); heston_RF; measured moments have sampling error
tree_percell,heston_RF/37-38/call_1.1,0.07304863743482726,-14.016092044924658,194.62968924352523,0.09130946452579289,-6.853671516165209,1.0,cross_class near-pair set (not b5-387); heston_RF; measured moments have sampling error
tree_percell,heston_RF/37-38/digital_1.0,0.07303314548080173,-14.016376042449027,194.63513785310508,0.09129015984410103,-6.853964686316279,1.0,cross_class near-pair set (not b5-387); heston_RF; measured moments have sampling error
tree_percell,heston_RF/37-39/call_0.9,0.03311117486702226,5.988039872722846,110.39398139440746,0.14642269233321314,-3.622681533738745,1.0,cross_class near-pair set (not b5-387); heston_RF; measured moments have sampling error
tree_percell,heston_RF/37-39/call_1.0,0.03315828367960852,6.004745334498108,110.4935679946884,0.14637975589696325,-3.626932271744458,1.0,cross_class near-pair set (not b5-387); heston_RF; measured moments have sampling error
tree_percell,heston_RF/37-39/call_1.1,0.0332140873423997,6.024481927487023,110.61139256352807,0.14632942458062692,-3.631961564011995,1.0,cross_class near-pair set (not b5-387); heston_RF; measured moments have sampling error
tree_percell,heston_RF/37-39/digital_1.0,0.0329063041482617,5.915416224066747,109.96448977306127,0.14660726294860832,-3.6043473080486903,1.0,cross_class near-pair set (not b5-387); heston_RF; measured moments have sampling error
tree_percell,heston_RF/37-40/call_0.9,0.02350782585384759,-9.46674632144224,90.58880687300174,0.24560335426879074,-2.7332938426442634,1.0,cross_class near-pair set (not b5-387); heston_RF; measured moments have sampling error
tree_percell,heston_RF/37-40/call_1.0,0.038081412240553614,-9.495805940886585,90.93531629598074,0.22794059557344948,-2.717813660709363,1.0,cross_class near-pair set (not b5-387); heston_RF; measured moments have sampling error
tree_percell,heston_RF/37-40/call_1.1,0.050900449873539665,-9.516717829703502,91.18057089874424,0.21234151421471592,-2.6990211849858636,1.0,cross_class near-pair set (not b5-387); heston_RF; measured moments have sampling error
tree_percell,heston_RF/37-40/digital_1.0,0.6038618999143679,-3.8430172746573583,30.9063414399917,0.8063378198454176,0.6945533657928036,1.0,cross_class near-pair set (not b5-387); heston_RF; measured moments have sampling error
tree_percell,heston_RF/37-41/call_0.9,0.17735346113411937,-6.968575565678436,55.48704423399428,0.21977974410010825,-0.9706174135940128,1.0,cross_class near-pair set (not b5-387); heston_RF; measured moments have sampling error
tree_percell,heston_RF/37-41/call_1.0,0.17746273825965728,-6.963734396136551,55.39744806512332,0.21975581078113793,-0.9669666006971617,1.0,cross_class near-pair set (not b5-387); heston_RF; measured moments have sampling error
tree_percell,heston_RF/37-41/call_1.1,0.17756887929291168,-6.9583586907769615,55.29807926328492,0.21974668957987445,-0.9629577489523514,1.0,cross_class near-pair set (not b5-387); heston_RF; measured moments have sampling error
tree_percell,heston_RF/37-41/digital_1.0,0.1710694600133711,-7.267576479384057,61.08351088370779,0.2205044838028714,-1.198483726449339,1.0,cross_class near-pair set (not b5-387); heston_RF; measured moments have sampling error
tree_percell,heston_RF/37-43/call_0.9,2.1828499639561056,-0.6509155312711341,1.049248247070011,0.9953210439532052,1.0134830579035785,1.0,cross_class near-pair set (not b5-387); heston_RF; measured moments have sampling error
tree_percell,heston_RF/37-43/call_1.0,2.1848218919319047,-0.6513569410439468,1.0541479950112231,0.995351154995521,1.013464253952853,1.0,cross_class near-pair set (not b5-387); heston_RF; measured moments have sampling error
tree_percell,heston_RF/37-43/call_1.1,2.1870599811783356,-0.6518763427107672,1.0597829471610893,0.9953851101752931,1.013443435254182,1.0,cross_class near-pair set (not b5-387); heston_RF; measured moments have sampling error
tree_percell,heston_RF/37-43/digital_1.0,2.094296987795313,-0.6429541814439925,0.8630029381384823,0.9937786824692901,1.0146239003724222,1.0,cross_class near-pair set (not b5-387); heston_RF; measured moments have sampling error
tree_percell,heston_RF/37-44/call_0.9,0.4593531819615965,-3.256950148524786,11.04465405000105,0.5298449422601382,0.9072622301477092,1.0,cross_class near-pair set (not b5-387); heston_RF; measured moments have sampling error
tree_percell,heston_RF/37-44/call_1.0,0.46261722288112367,-3.23935257990712,10.920700965269626,0.5314595425968984,0.9122872032785626,1.0,cross_class near-pair set (not b5-387); heston_RF; measured moments have sampling error
tree_percell,heston_RF/37-44/call_1.1,0.4660345037897276,-3.218851347668695,10.776574425334859,0.5334627250610239,0.9177335149134711,1.0,cross_class near-pair set (not b5-387); heston_RF; measured moments have sampling error
tree_percell,heston_RF/37-44/digital_1.0,0.3306380731408365,-3.9402632769709127,16.259134340156542,0.4602427142178525,0.6530706003131871,1.0,cross_class near-pair set (not b5-387); heston_RF; measured moments have sampling error
tree_percell,heston_RF/37-46/call_0.9,0.45885679628621345,-3.2567673351037074,11.044823394220499,0.5301780563530474,0.9068157657334848,1.0,cross_class near-pair set (not b5-387); heston_RF; measured moments have sampling error
tree_percell,heston_RF/37-46/call_1.0,0.462199476481391,-3.2392045429751213,10.920874023432592,0.5317408265814293,0.9119151466153901,1.0,cross_class near-pair set (not b5-387); heston_RF; measured moments have sampling error
tree_percell,heston_RF/37-46/call_1.1,0.4656861898995775,-3.218731507184742,10.776738783551185,0.5336980511364576,0.9174269476284417,1.0,cross_class near-pair set (not b5-387); heston_RF; measured moments have sampling error
tree_percell,heston_RF/37-46/digital_1.0,0.3275363805719398,-3.9374033309612257,16.248497351540546,0.46234404756155467,0.6495235694142744,1.0,cross_class near-pair set (not b5-387); heston_RF; measured moments have sampling error
tree_percell,heston_RF/38-39/call_0.9,0.033360429541332025,5.987336260460761,110.38911652811903,0.14673395621228494,-3.622571168171664,1.0,cross_class near-pair set (not b5-387); heston_RF; measured moments have sampling error
tree_percell,heston_RF/38-39/call_1.0,0.033407227563798096,6.004043072648209,110.48870232826805,0.1466906315880043,-3.6268220941301745,1.0,cross_class near-pair set (not b5-387); heston_RF; measured moments have sampling error
tree_percell,heston_RF/38-39/call_1.1,0.0334626539821138,6.0237812954776455,110.60652633155837,0.14663982919993915,-3.6318516180684584,1.0,cross_class near-pair set (not b5-387); heston_RF; measured moments have sampling error
tree_percell,heston_RF/38-39/digital_1.0,0.03315692630384939,5.914706694761199,109.9596282519925,0.14692023466201382,-3.604236107187105,1.0,cross_class near-pair set (not b5-387); heston_RF; measured moments have sampling error
tree_percell,heston_RF/38-40/call_0.9,0.023505243409611437,-9.466747416458222,90.58881782771641,0.24560654123635567,-2.7332992777847545,1.0,cross_class near-pair set (not b5-387); heston_RF; measured moments have sampling error
tree_percell,heston_RF/38-40/call_1.0,0.03807925594467695,-9.495806615828473,90.93532254659125,0.22794325954146247,-2.717818555409056,1.0,cross_class near-pair set (not b5-387); heston_RF; measured moments have sampling error
tree_percell,heston_RF/38-40/call_1.1,0.050898669756442534,-9.516718215460305,91.1805739624581,0.2123437144089868,-2.699025481318376,1.0,cross_class near-pair set (not b5-387); heston_RF; measured moments have sampling error
tree_percell,heston_RF/38-40/digital_1.0,0.6038832623185677,-3.8430961673392963,30.906873349412734,0.8063525025509958,0.6945893244786309,1.0,cross_class near-pair set (not b5-387); heston_RF; measured moments have sampling error
tree_percell,heston_RF/38-41/call_0.9,0.17735120678158298,-6.968573802907107,55.48701441739195,0.21978244172837397,-0.9706221868011587,1.0,cross_class near-pair set (not b5-387); heston_RF; measured moments have sampling error
tree_percell,heston_RF/38-41/call_1.0,0.17746085883538193,-6.9637329282730835,55.39742325689219,0.2197580596591051,-0.9669705773196668,1.0,cross_class near-pair set (not b5-387); heston_RF; measured moments have sampling error
tree_percell,heston_RF/38-41/call_1.1,0.1775673297808042,-6.958357482411928,55.29805885763222,0.21974854361045895,-0.9629610249360384,1.0,cross_class near-pair set (not b5-387); heston_RF; measured moments have sampling error
tree_percell,heston_RF/38-41/digital_1.0,0.1710472547150966,-7.267557851456677,61.083181388114255,0.22053112324166987,-1.1985327435630917,1.0,cross_class near-pair set (not b5-387); heston_RF; measured moments have sampling error
tree_percell,heston_RF/38-42/call_0.9,0.1518853232750503,-5.4999809225641,31.997030109593418,0.3246495657065732,-0.13679827626060004,1.0,cross_class near-pair set (not b5-387); heston_RF; measured moments have sampling error
tree_percell,heston_RF/38-42/call_1.0,0.16151167882267087,-5.509841894148784,32.07747077434396,0.3134811493835763,-0.12380652574168002,1.0,cross_class near-pair set (not b5-387); heston_RF; measured moments have sampling error
tree_percell,heston_RF/38-42/call_1.1,0.16997902572484996,-5.516765716157769,32.13145859744331,0.3036502816824866,-0.11141653683844296,1.0,cross_class near-pair set (not b5-387); heston_RF; measured moments have sampling error
tree_percell,heston_RF/38-42/digital_1.0,0.3257000202062642,-3.4370425622963494,17.891073455727344,0.7738766385522554,0.5677060948137341,1.0,cross_class near-pair set (not b5-387); heston_RF; measured moments have sampling error
tree_percell,heston_RF/38-43/call_0.9,2.182850149449667,-0.6509154861459535,1.0492494487068225,0.9953210467942418,1.0134830589823096,1.0,cross_class near-pair set (not b5-387); heston_RF; measured moments have sampling error
tree_percell,heston_RF/38-43/call_1.0,2.184822048198894,-0.651356902984454,1.054149007545889,0.9953511573744802,1.0134642548509165,1.0,cross_class near-pair set (not b5-387); heston_RF; measured moments have sampling error
tree_percell,heston_RF/38-43/call_1.1,2.1870601116007014,-0.6518763108764007,1.059783792374974,0.9953851121472047,1.01344343599273,1.0,cross_class near-pair set (not b5-387); heston_RF; measured moments have sampling error
tree_percell,heston_RF/38-43/digital_1.0,2.094298070638796,-0.642953984063961,0.8630101151788181,0.9937787041791464,1.0146239116227214,1.0,cross_class near-pair set (not b5-387); heston_RF; measured moments have sampling error
tree_percell,heston_RF/38-44/call_0.9,0.45935282872015526,-3.2569506795129297,11.044655833379775,0.5298446385042614,0.9072619091691728,1.0,cross_class near-pair set (not b5-387); heston_RF; measured moments have sampling error
tree_percell,heston_RF/38-44/call_1.0,0.46261692582367653,-3.2393530311786405,10.920702478913215,0.5314592881763116,0.9122869366050095,1.0,cross_class near-pair set (not b5-387); heston_RF; measured moments have sampling error
tree_percell,heston_RF/38-44/call_1.1,0.46603425640511775,-3.2188517283229414,10.776575700458531,0.5334625141026271,0.917733295900353,1.0,cross_class near-pair set (not b5-387); heston_RF; measured moments have sampling error
tree_percell,heston_RF/38-44/digital_1.0,0.3306358558116408,-3.94026509258225,16.25913955599141,0.46024051604550414,0.6530678250063692,1.0,cross_class near-pair set (not b5-387); heston_RF; measured moments have sampling error
tree_percell,heston_RF/38-46/call_0.9,0.4588564431678321,-3.256767867728281,11.04482518591432,0.5301777525852754,0.9068154445818036,1.0,cross_class near-pair set (not b5-387); heston_RF; measured moments have sampling error
tree_percell,heston_RF/38-46/call_1.0,0.4621991795111013,-3.239204995397275,10.920875542907057,0.5317405721524553,0.911914879817985,1.0,cross_class near-pair set (not b5-387); heston_RF; measured moments have sampling error
tree_percell,heston_RF/38-46/call_1.1,0.4656859425755444,-3.218731888631939,10.776740062679165,0.5336978401722957,0.9174267285285083,1.0,cross_class near-pair set (not b5-387); heston_RF; measured moments have sampling error
tree_percell,heston_RF/38-46/digital_1.0,0.32753416788970224,-3.9374052291524406,16.24850303674356,0.46234184918306526,0.6495207915735236,1.0,cross_class near-pair set (not b5-387); heston_RF; measured moments have sampling error
tree_percell,heston_RF/39-40/call_0.9,0.023846713644866364,-9.464727017466327,90.5585393745896,0.246381102847166,-2.7313873228528687,1.0,cross_class near-pair set (not b5-387); heston_RF; measured moments have sampling error
tree_percell,heston_RF/39-40/call_1.0,0.03836325794841767,-9.494365408279274,90.9132897208566,0.22859288146916962,-2.7163008007354352,1.0,cross_class near-pair set (not b5-387); heston_RF; measured moments have sampling error
tree_percell,heston_RF/39-40/call_1.1,0.0511326680824713,-9.515709690325169,91.16477861619367,0.21288206058736817,-2.697830460724709,1.0,cross_class near-pair set (not b5-387); heston_RF; measured moments have sampling error
tree_percell,heston_RF/39-40/digital_1.0,0.5985401766598927,-3.8090997096844945,30.399888266088993,0.8103065537387374,0.6917261083542662,1.0,cross_class near-pair set (not b5-387); heston_RF; measured moments have sampling error
tree_percell,heston_RF/39-41/call_0.9,0.17764761907985402,-6.968082819194838,55.48369954606186,0.2210297765325023,-0.9697320542237732,1.0,cross_class near-pair set (not b5-387); heston_RF; measured moments have sampling error
tree_percell,heston_RF/39-41/call_1.0,0.17770957852964855,-6.963439247178357,55.39590466477035,0.2208000323732149,-0.9662703285271477,1.0,cross_class near-pair set (not b5-387); heston_RF; measured moments have sampling error
tree_percell,heston_RF/39-41/call_1.1,0.1777737321095228,-6.958199473499117,55.297710401291624,0.22060940692431083,-0.9624137381443401,1.0,cross_class near-pair set (not b5-387); heston_RF; measured moments have sampling error
tree_percell,heston_RF/39-41/digital_1.0,0.17335765140152418,-7.19086863143617,60.20677354558248,0.23204784740600654,-1.1598939024545993,1.0,cross_class near-pair set (not b5-387); heston_RF; measured moments have sampling error
tree_percell,heston_RF/39-42/call_0.9,0.15211519707251261,-5.500683161318251,32.0025606099383,0.3238330462526893,-0.13662505973079922,1.0,cross_class near-pair set (not b5-387); heston_RF; measured moments have sampling error
tree_percell,heston_RF/39-42/call_1.0,0.16170339080019963,-5.51035947871218,32.0815458191449,0.31279896252010186,-0.12363278590084065,1.0,cross_class near-pair set (not b5-387); heston_RF; measured moments have sampling error
tree_percell,heston_RF/39-42/call_1.1,0.1701372076887178,-5.517142864700837,32.13442816833541,0.30308673986207046,-0.11125236334662003,1.0,cross_class near-pair set (not b5-387); heston_RF; measured moments have sampling error
tree_percell,heston_RF/39-42/digital_1.0,0.3244757126264963,-3.460346396261419,18.085499577020148,0.7690305670370637,0.5608067400979204,1.0,cross_class near-pair set (not b5-387); heston_RF; measured moments have sampling error
tree_percell,heston_RF/39-43/call_0.9,2.1828204008909426,-0.6507936588746331,1.0491040984029887,0.9953205911418896,1.0134815582250922,1.0,cross_class near-pair set (not b5-387); heston_RF; measured moments have sampling error
tree_percell,heston_RF/39-43/call_1.0,2.184796943043943,-0.6512542602203147,1.0540259153113345,0.9953507751669098,1.0134629950531187,1.0,cross_class near-pair set (not b5-387); heston_RF; measured moments have sampling error
tree_percell,heston_RF/39-43/call_1.1,2.1870391053624476,-0.6517906084891907,1.0596803877145797,0.9953847945347073,1.0134423884973969,1.0,cross_class near-pair set (not b5-387); heston_RF; measured moments have sampling error
tree_percell,heston_RF/39-43/digital_1.0,2.0941452814754102,-0.6422161390864787,0.8623182868179131,0.9937756600871882,1.0146129423539998,1.0,cross_class near-pair set (not b5-387); heston_RF; measured moments have sampling error
tree_percell,heston_RF/39-44/call_0.9,0.45939832841517436,-3.2568357737956535,11.044214193859593,0.5299685505903452,0.9073060284166256,1.0,cross_class near-pair set (not b5-387); heston_RF; measured moments have sampling error
tree_percell,heston_RF/39-44/call_1.0,0.4626552917218631,-3.2392560652237434,10.920331432696603,0.5315633952612541,0.912323626333301,1.0,cross_class near-pair set (not b5-387); heston_RF; measured moments have sampling error
tree_percell,heston_RF/39-44/call_1.1,0.4660663069995379,-3.2187704863956417,10.776266390025064,0.5335491436171179,0.9177634698733272,1.0,cross_class near-pair set (not b5-387); heston_RF; measured moments have sampling error
tree_percell,heston_RF/39-44/digital_1.0,0.3309207456313384,-3.939666773137142,16.25652017677787,0.461016150239038,0.6534712732495681,1.0,cross_class near-pair set (not b5-387); heston_RF; measured moments have sampling error
tree_percell,heston_RF/39-46/call_0.9,0.4589013197784582,-3.2566378035998618,11.044308951004522,0.5303057238880761,0.9068601070963666,1.0,cross_class near-pair set (not b5-387); heston_RF; measured moments have sampling error
tree_percell,heston_RF/39-46/call_1.0,0.46223710014816244,-3.239097319344344,10.920452046712395,0.5318481635201758,0.9119519345374959,1.0,cross_class near-pair set (not b5-387); heston_RF; measured moments have sampling error
tree_percell,heston_RF/39-46/call_1.1,0.4657176807773493,-3.2186432258142212,10.776394610489705,0.5337874232977844,0.9174571416233719,1.0,cross_class near-pair set (not b5-387); heston_RF; measured moments have sampling error
tree_percell,heston_RF/39-46/digital_1.0,0.32780147930464176,-3.936115172502252,16.24185070647638,0.4631264084401836,0.6500038548582873,1.0,cross_class near-pair set (not b5-387); heston_RF; measured moments have sampling error
tree_percell,heston_RF/40-41/call_0.9,0.11884980591466363,-0.499802695415319,34.35973037573283,0.3229286561627278,-0.38192048402544,1.0,cross_class near-pair set (not b5-387); heston_RF; measured moments have sampling error
tree_percell,heston_RF/40-41/call_1.0,0.10961798209012347,-0.4861432194112832,34.33883492660367,0.31219401702604244,-0.3879657593166141,1.0,cross_class near-pair set (not b5-387); heston_RF; measured moments have sampling error
tree_percell,heston_RF/40-41/call_1.1,0.10149564585203942,-0.4737659376311069,34.30411556772548,0.30269879412109946,-0.3922088158768233,1.0,cross_class near-pair set (not b5-387); heston_RF; measured moments have sampling error
tree_percell,heston_RF/40-41/digital_1.0,0.5502741880004318,-1.0316175964811,24.039526953305163,0.7219116532139288,0.5478654834769665,1.0,cross_class near-pair set (not b5-387); heston_RF; measured moments have sampling error
tree_percell,heston_RF/40-42/call_0.9,0.17714501747284114,-6.966282291944303,55.459523340464244,0.22176408677589074,-0.97015082036671,1.0,cross_class near-pair set (not b5-387); heston_RF; measured moments have sampling error
tree_percell,heston_RF/40-42/call_1.0,0.17728978908163226,-6.962029039207107,55.376652267008524,0.2214135296010452,-0.9666532719753019,1.0,cross_class near-pair set (not b5-387); heston_RF; measured moments have sampling error
tree_percell,heston_RF/40-42/call_1.1,0.1774266889969998,-6.957100679960616,55.28246440960343,0.22111629858106918,-0.9627536940337095,1.0,cross_class near-pair set (not b5-387); heston_RF; measured moments have sampling error
tree_percell,heston_RF/40-42/digital_1.0,0.16806796072738286,-7.102146832608751,59.319244763049134,0.23863233420545912,-1.141806623484157,1.0,cross_class near-pair set (not b5-387); heston_RF; measured moments have sampling error
tree_percell,heston_RF/40-45/call_0.9,0.4459329105771723,-3.3484812678781455,11.594666016899087,0.5194391876193168,0.8860483505100435,1.0,cross_class near-pair set (not b5-387); heston_RF; measured moments have sampling error
tree_percell,heston_RF/40-45/call_1.0,0.4494534944517846,-3.331452787486222,11.472565813334857,0.5209569657912684,0.891542683746091,1.0,cross_class near-pair set (not b5-387); heston_RF; measured moments have sampling error
tree_percell,heston_RF/40-45/call_1.1,0.4530841285017639,-3.311718928592848,11.331429816702347,0.52292100216871,0.897421919844981,1.0,cross_class near-pair set (not b5-387); heston_RF; measured moments have sampling error
tree_percell,heston_RF/40-45/digital_1.0,0.30987546408608896,-3.9940124740450926,16.617295097687695,0.4557133564515834,0.6182271899135292,1.0,cross_class near-pair set (not b5-387); heston_RF; measured moments have sampling error
tree_percell,heston_RF/41-42/call_0.9,0.023294784090563597,-9.46560545409298,90.58349681005227,0.2467007444690783,-2.7334880429152033,1.0,cross_class near-pair set (not b5-387); heston_RF; measured moments have sampling error
tree_percell,heston_RF/41-42/call_1.0,0.0379053081482146,-9.495082993009751,90.93381584948624,0.22885632870163863,-2.7181345467869185,1.0,cross_class near-pair set (not b5-387); heston_RF; measured moments have sampling error
tree_percell,heston_RF/41-42/call_1.1,0.05075623642299831,-9.516287789465354,91.18145608102321,0.21309704732747564,-2.6993993942590837,1.0,cross_class near-pair set (not b5-387); heston_RF; measured moments have sampling error
tree_percell,heston_RF/41-42/digital_1.0,0.6042410585236119,-3.798345845464514,30.405546631779934,0.8114398236752294,0.7014607769175784,1.0,cross_class near-pair set (not b5-387); heston_RF; measured moments have sampling error
tree_percell,heston_RF/41-43/call_0.9,2.1665762595457982,-0.6497150967113567,1.0154644487616498,0.9950654742839413,1.0137022682791603,1.0,cross_class near-pair set (not b5-387); heston_RF; measured moments have sampling error
tree_percell,heston_RF/41-43/call_1.0,2.1684231480011413,-0.6502154784076515,1.0201264934081289,0.9950951232648525,1.0136864960277396,1.0,cross_class near-pair set (not b5-387); heston_RF; measured moments have sampling error
tree_percell,heston_RF/41-43/call_1.1,2.1705140454392926,-0.6507997455573117,1.02547885633824,0.9951284879187192,1.013669170459502,1.0,cross_class near-pair set (not b5-387); heston_RF; measured moments have sampling error
tree_percell,heston_RF/41-43/digital_1.0,2.0835248438819947,-0.6404891216012807,0.8402772968549979,0.9935592495369926,1.0147357950763436,1.0,cross_class near-pair set (not b5-387); heston_RF; measured moments have sampling error
tree_percell,heston_RF/41-44/call_0.9,0.43531843577203655,-3.386621857155828,11.772668538359945,0.5072783709731934,0.8736524974985062,1.0,cross_class near-pair set (not b5-387); heston_RF; measured moments have sampling error
tree_percell,heston_RF/41-44/call_1.0,0.4384436748189167,-3.3708270181877316,11.658023827439017,0.5088583054686519,0.8787970865809731,1.0,cross_class near-pair set (not b5-387); heston_RF; measured moments have sampling error
tree_percell,heston_RF/41-44/call_1.1,0.4416966145968903,-3.352389463955839,11.524345739890332,0.5107994528404038,0.8843741353024638,1.0,cross_class near-pair set (not b5-387); heston_RF; measured moments have sampling error
tree_percell,heston_RF/41-44/digital_1.0,0.31420067575124216,-3.995081667295306,16.571886069045622,0.4431827747793651,0.6251314392568375,1.0,cross_class near-pair set (not b5-387); heston_RF; measured moments have sampling error
tree_percell,heston_RF/41-46/call_0.9,0.43482024196628954,-3.3864465441340603,11.772736897055779,0.5076087977858974,0.8731772820005288,1.0,cross_class near-pair set (not b5-387); heston_RF; measured moments have sampling error
tree_percell,heston_RF/41-46/call_1.0,0.4380242665866252,-3.370684722237509,11.658109242346333,0.5091373265532299,0.8784002394181742,1.0,cross_class near-pair set (not b5-387); heston_RF; measured moments have sampling error
tree_percell,heston_RF/41-46/call_1.1,0.44134679167053587,-3.352274033178292,11.524435012318904,0.5110328973615824,0.8840463735524544,1.0,cross_class near-pair set (not b5-387); heston_RF; measured moments have sampling error
tree_percell,heston_RF/41-46/digital_1.0,0.3111141278981823,-3.992535650921998,16.56233510468506,0.44528814526790583,0.6215563347937851,1.0,cross_class near-pair set (not b5-387); heston_RF; measured moments have sampling error
tree_percell,heston_RF/43-48/call_0.9,2.2288597932790375,-0.4932833239464205,0.32114207214687873,0.9959935651120281,1.0070289413169151,1.0,cross_class near-pair set (not b5-387); heston_RF; measured moments have sampling error
tree_percell,heston_RF/43-48/call_1.0,2.2301171082298956,-0.49376782417054144,0.3201470588982329,0.9960078195370368,1.0070111738076712,1.0,cross_class near-pair set (not b5-387); heston_RF; measured moments have sampling error
tree_percell,heston_RF/43-48/call_1.1,2.231433240019804,-0.49427045706895867,0.318922962114808,0.9960230674775151,1.0069916575549631,1.0,cross_class near-pair set (not b5-387); heston_RF; measured moments have sampling error
tree_percell,heston_RF/43-48/digital_1.0,2.1735627473466392,-0.47830484897563036,0.36440257585167934,0.995275223653714,1.0079098904896886,1.0,cross_class near-pair set (not b5-387); heston_RF; measured moments have sampling error
tree_percell,heston_RF/44-49/call_0.9,4.296917791902933,-5.020307206731054,43.66023652818284,1.0125064362512146,1.0006427640206084,1.0,cross_class near-pair set (not b5-387); heston_RF; measured moments have sampling error
tree_percell,heston_RF/44-49/call_1.0,3.8097941942245725,-6.013000653676666,55.69993259570777,1.0184689617687641,1.0051948976977811,1.0,cross_class near-pair set (not b5-387); heston_RF; measured moments have sampling error
tree_percell,heston_RF/44-49/call_1.1,3.3011109987760427,-6.976289680169622,68.12217961882324,1.0283834151767506,1.033199707414088,1.0,cross_class near-pair set (not b5-387); heston_RF; measured moments have sampling error
tree_percell,heston_RF/46-51/call_0.9,0.08657588489806423,-9.695994699211345,106.74288780314137,0.28359369619982877,-3.242498427720208,1.0,cross_class near-pair set (not b5-387); heston_RF; measured moments have sampling error
tree_percell,heston_RF/46-51/call_1.0,0.09248389481137592,-9.853351368551483,109.13650031738533,0.2640795358757044,-3.3195284294638356,1.0,cross_class near-pair set (not b5-387); heston_RF; measured moments have sampling error
tree_percell,heston_RF/46-51/call_1.1,0.09765043939051372,-9.972824561059987,110.96974474425252,0.24659063401184356,-3.3754849649175807,1.0,cross_class near-pair set (not b5-387); heston_RF; measured moments have sampling error
tree_percell,heston_RF/46-51/digital_1.0,0.10310397181005661,-1.4184022143689887,8.417337897144362,0.6853819512508226,0.6807851748494677,1.0,cross_class near-pair set (not b5-387); heston_RF; measured moments have sampling error
tree_percell,heston_GB/0-7/call_0.9,0.02080021883386665,0.30653240644760216,48.36820308548672,0.2307900567437065,-1.014660749380267,1.0,cross_class near-pair set (not b5-387); heston_GB; measured moments have sampling error
tree_percell,heston_GB/0-7/call_1.0,0.01751494823649621,0.40757513020279795,50.21404982735659,0.23030558021730838,-1.0921581209306581,1.0,cross_class near-pair set (not b5-387); heston_GB; measured moments have sampling error
tree_percell,heston_GB/0-7/call_1.1,0.014281514713437995,0.4223739508085838,50.903246437186716,0.22898114939443368,-1.1211087076269832,1.0,cross_class near-pair set (not b5-387); heston_GB; measured moments have sampling error
tree_percell,heston_GB/0-7/digital_1.0,0.04373003665063987,-1.0200512189883097,40.359590527646006,0.25037639581356996,-0.667807870501642,1.0,cross_class near-pair set (not b5-387); heston_GB; measured moments have sampling error
tree_percell,heston_GB/0-12/call_0.9,0.0032395042217932563,-5.356526113041023,99.30613536525462,0.17279863996188335,-3.1347767434129703,1.0,cross_class near-pair set (not b5-387); heston_GB; measured moments have sampling error
tree_percell,heston_GB/0-12/call_1.0,0.016514627682312853,-6.962991485637386,106.53549121125047,0.17844223346938856,-3.417398063356934,1.0,cross_class near-pair set (not b5-387); heston_GB; measured moments have sampling error
tree_percell,heston_GB/0-12/call_1.1,0.028618974276379213,-8.101570028084296,112.17276374275134,0.18299029570740277,-3.6276026898155087,1.0,cross_class near-pair set (not b5-387); heston_GB; measured moments have sampling error
tree_percell,heston_GB/0-12/digital_1.0,0.07263868114980766,6.2205696884098325,97.82707677145841,0.17840524858630244,-3.1082153402583708,1.0,cross_class near-pair set (not b5-387); heston_GB; measured moments have sampling error
tree_percell,heston_GB/0-13/call_0.9,0.0032395042217932563,-5.356526113041023,99.30613536525462,0.17279863996188335,-3.1347767434129703,1.0,cross_class near-pair set (not b5-387); heston_GB; measured moments have sampling error
tree_percell,heston_GB/0-13/call_1.0,0.016514627682312853,-6.962991485637386,106.53549121125047,0.17844223346938856,-3.417398063356934,1.0,cross_class near-pair set (not b5-387); heston_GB; measured moments have sampling error
tree_percell,heston_GB/0-13/call_1.1,0.028618974276379213,-8.101570028084296,112.17276374275134,0.18299029570740277,-3.6276026898155087,1.0,cross_class near-pair set (not b5-387); heston_GB; measured moments have sampling error
tree_percell,heston_GB/0-13/digital_1.0,0.07263868114980766,6.2205696884098325,97.82707677145841,0.17840524858630244,-3.1082153402583708,1.0,cross_class near-pair set (not b5-387); heston_GB; measured moments have sampling error
tree_percell,heston_GB/0-21/call_0.9,0.07100328832626786,-14.035793451914543,195.00401098026313,0.08876576417887345,-6.878321337561298,1.0,cross_class near-pair set (not b5-387); heston_GB; measured moments have sampling error
tree_percell,heston_GB/0-21/call_1.0,0.07100528817117673,-14.035791524039904,195.00397502514556,0.08876825175060583,-6.878310692878361,1.0,cross_class near-pair set (not b5-387); heston_GB; measured moments have sampling error
tree_percell,heston_GB/0-21/call_1.1,0.07100783157494168,-14.035789021877775,195.0039283579946,0.08877141544406374,-6.878297116635087,1.0,cross_class near-pair set (not b5-387); heston_GB; measured moments have sampling error
tree_percell,heston_GB/0-21/digital_1.0,0.07099764624705025,-14.03579871199362,195.004109076182,0.08875874609056635,-6.878351232539908,1.0,cross_class near-pair set (not b5-387); heston_GB; measured moments have sampling error
tree_percell,heston_GB/0-22/call_0.9,0.0028000115547459664,0.11927396293171098,43.08745861975491,0.24550535861748077,-0.7953382862777499,1.0,cross_class near-pair set (not b5-387); heston_GB; measured moments have sampling error
tree_percell,heston_GB/0-22/call_1.0,0.002980848315484051,0.31019923598520277,46.35146510108499,0.24341091144913038,-0.9314308330804222,1.0,cross_class near-pair set (not b5-387); heston_GB; measured moments have sampling error
tree_percell,heston_GB/0-22/call_1.1,0.0028323688786838865,0.3821426034023634,48.33800121851187,0.24018411161184247,-1.014231462459866,1.0,cross_class near-pair set (not b5-387); heston_GB; measured moments have sampling error
tree_percell,heston_GB/0-22/digital_1.0,0.001806835542756162,-2.410428282658448,33.96027517252107,0.2608404023546934,-0.4142763542865739,1.0,cross_class near-pair set (not b5-387); heston_GB; measured moments have sampling error
tree_percell,heston_GB/0-23/call_0.9,0.12490710987198043,6.081403933882626,48.29525410317601,0.2289261197721633,-1.0749664409484698,1.0,cross_class near-pair set (not b5-387); heston_GB; measured moments have sampling error
tree_percell,heston_GB/0-23/call_1.0,0.14368337383038968,5.8795197262445,40.981172101124244,0.23739691795224876,-0.7761725345678522,1.0,cross_class near-pair set (not b5-387); heston_GB; measured moments have sampling error
tree_percell,heston_GB/0-23/call_1.1,0.15835991454132564,5.714026152902312,35.98848464021052,0.24345292454312775,-0.5729499235569628,1.0,cross_class near-pair set (not b5-387); heston_GB; measured moments have sampling error
tree_percell,heston_GB/0-23/digital_1.0,0.03287477900027272,2.652221391475459,49.6990685274407,0.23975925127875847,-1.0808386948542514,1.0,cross_class near-pair set (not b5-387); heston_GB; measured moments have sampling error
tree_percell,heston_GB/0-32/call_0.9,0.11706668379956735,-10.646718607225527,127.93990212371455,0.17343812638353448,-3.981461287855609,1.0,cross_class near-pair set (not b5-387); heston_GB; measured moments have sampling error
tree_percell,heston_GB/0-32/call_1.0,0.11865784601507914,-10.613197488425376,127.31694856095098,0.1739501790745265,-3.9502658487167346,1.0,cross_class near-pair set (not b5-387); heston_GB; measured moments have sampling error
tree_percell,heston_GB/0-32/call_1.1,0.1200922739587461,-10.584745841435792,126.75737315896447,0.1743236513363465,-3.92219713968412,1.0,cross_class near-pair set (not b5-387); heston_GB; measured moments have sampling error
tree_percell,heston_GB/0-32/digital_1.0,0.085556828214036,-9.623346953401573,109.18579737383949,0.18080438687784978,-3.3469852885366604,1.0,cross_class near-pair set (not b5-387); heston_GB; measured moments have sampling error
tree_percell,heston_GB/0-33/call_0.9,0.2132965661629767,-5.472614268482233,33.37729526411827,0.3070587220381169,-0.08288081099885408,1.0,cross_class near-pair set (not b5-387); heston_GB; measured moments have sampling error
tree_percell,heston_GB/0-33/call_1.0,0.21542396217322424,-5.617510796386734,35.286309493075684,0.303041264154475,-0.14631253312822282,1.0,cross_class near-pair set (not b5-387); heston_GB; measured moments have sampling error
tree_percell,heston_GB/0-33/call_1.1,0.21722702734222166,-5.71434084340275,36.56665046893092,0.29952301590263924,-0.18788652027118474,1.0,cross_class near-pair set (not b5-387); heston_GB; measured moments have sampling error
tree_percell,heston_GB/0-33/digital_1.0,0.06353772116067312,-2.5638542660926436,28.652056136575307,0.32500223791513877,-0.15718795670773053,1.0,cross_class near-pair set (not b5-387); heston_GB; measured moments have sampling error
tree_percell,heston_GB/0-34/call_0.9,0.2401763574270691,-4.819606587590764,24.959078929887013,0.33883293900989575,0.2566671556067758,1.0,cross_class near-pair set (not b5-387); heston_GB; measured moments have sampling error
tree_percell,heston_GB/0-34/call_1.0,0.24438185941620236,-4.925435082174051,26.234459943406673,0.33590996049648203,0.2202986869553642,1.0,cross_class near-pair set (not b5-387); heston_GB; measured moments have sampling error
tree_percell,heston_GB/0-34/call_1.1,0.24775988420806716,-4.991977518205773,27.070896923480593,0.33449174820657757,0.19769061250150274,1.0,cross_class near-pair set (not b5-387); heston_GB; measured moments have sampling error
tree_percell,heston_GB/0-34/digital_1.0,0.037873526939460736,-1.2164506436788927,20.21723781191015,0.36027563553856706,0.16769638818173419,1.0,cross_class near-pair set (not b5-387); heston_GB; measured moments have sampling error
tree_percell,heston_GB/0-35/call_0.9,0.2401763574270691,-4.819606587590764,24.959078929887013,0.33883293900989575,0.2566671556067758,1.0,cross_class near-pair set (not b5-387); heston_GB; measured moments have sampling error
tree_percell,heston_GB/0-35/call_1.0,0.24438185941620236,-4.925435082174051,26.234459943406673,0.33590996049648203,0.2202986869553642,1.0,cross_class near-pair set (not b5-387); heston_GB; measured moments have sampling error
tree_percell,heston_GB/0-35/call_1.1,0.24775988420806716,-4.991977518205773,27.070896923480593,0.33449174820657757,0.19769061250150274,1.0,cross_class near-pair set (not b5-387); heston_GB; measured moments have sampling error
tree_percell,heston_GB/0-35/digital_1.0,0.037873526939460736,-1.2164506436788927,20.21723781191015,0.36027563553856706,0.16769638818173419,1.0,cross_class near-pair set (not b5-387); heston_GB; measured moments have sampling error
tree_percell,heston_GB/0-36/call_0.9,0.2401763574270691,-4.819606587590764,24.959078929887013,0.33883293900989575,0.2566671556067758,1.0,cross_class near-pair set (not b5-387); heston_GB; measured moments have sampling error
tree_percell,heston_GB/0-36/call_1.0,0.24438185941620236,-4.925435082174051,26.234459943406673,0.33590996049648203,0.2202986869553642,1.0,cross_class near-pair set (not b5-387); heston_GB; measured moments have sampling error
tree_percell,heston_GB/0-36/call_1.1,0.24775988420806716,-4.991977518205773,27.070896923480593,0.33449174820657757,0.19769061250150274,1.0,cross_class near-pair set (not b5-387); heston_GB; measured moments have sampling error
tree_percell,heston_GB/0-36/digital_1.0,0.037873526939460736,-1.2164506436788927,20.21723781191015,0.36027563553856706,0.16769638818173419,1.0,cross_class near-pair set (not b5-387); heston_GB; measured moments have sampling error
tree_percell,heston_GB/0-37/call_0.9,0.3625088162352949,-3.7083600805911794,15.780586321354566,0.4628530351584572,0.6948403144786569,1.0,cross_class near-pair set (not b5-387); heston_GB; measured moments have sampling error
tree_percell,heston_GB/0-37/call_1.0,0.3671990548207238,-3.6884596286937628,15.448862910978306,0.4624407363766647,0.7097653290886108,1.0,cross_class near-pair set (not b5-387); heston_GB; measured moments have sampling error
tree_percell,heston_GB/0-37/call_1.1,0.37054236761705467,-3.680086465479432,15.275821563654464,0.4619206006910694,0.7186216294033041,1.0,cross_class near-pair set (not b5-387); heston_GB; measured moments have sampling error
tree_percell,heston_GB/0-37/digital_1.0,0.1871284354070623,-2.6505473145157676,14.289299448571615,0.4712193675846176,0.5249568411474904,1.0,cross_class near-pair set (not b5-387); heston_GB; measured moments have sampling error
tree_percell,heston_GB/0-38/call_0.9,0.3625088162352949,-3.7083600805911794,15.780586321354566,0.4628530351584572,0.6948403144786569,1.0,cross_class near-pair set (not b5-387); heston_GB; measured moments have sampling error
tree_percell,heston_GB/0-38/call_1.0,0.3671990548207238,-3.6884596286937628,15.448862910978306,0.4624407363766647,0.7097653290886108,1.0,cross_class near-pair set (not b5-387); heston_GB; measured moments have sampling error
tree_percell,heston_GB/0-38/call_1.1,0.37054236761705467,-3.680086465479432,15.275821563654464,0.4619206006910694,0.7186216294033041,1.0,cross_class near-pair set (not b5-387); heston_GB; measured moments have sampling error
tree_percell,heston_GB/0-38/digital_1.0,0.1871284354070623,-2.6505473145157676,14.289299448571615,0.4712193675846176,0.5249568411474904,1.0,cross_class near-pair set (not b5-387); heston_GB; measured moments have sampling error
tree_percell,heston_GB/0-39/call_0.9,0.3590908880557595,-3.657127562622443,15.501828550414182,0.4793885891310549,0.6970403714287315,1.0,cross_class near-pair set (not b5-387); heston_GB; measured moments have sampling error
tree_percell,heston_GB/0-39/call_1.0,0.3642184966446371,-3.640172380801305,15.190936543373411,0.47860728439372446,0.7119284328247951,1.0,cross_class near-pair set (not b5-387); heston_GB; measured moments have sampling error
tree_percell,heston_GB/0-39/call_1.1,0.36794130170041095,-3.6337948266873163,15.030713915862979,0.47776772171035486,0.7208830726313467,1.0,cross_class near-pair set (not b5-387); heston_GB; measured moments have sampling error
tree_percell,heston_GB/0-39/digital_1.0,0.17768361280472048,-2.5715608092006272,13.623045973334204,0.4996617205039492,0.541089842046802,1.0,cross_class near-pair set (not b5-387); heston_GB; measured moments have sampling error
tree_percell,heston_GB/0-40/call_0.9,0.3544324723666312,-3.413495646718279,13.949435508888861,0.48760358682739385,0.7289438887634961,1.0,cross_class near-pair set (not b5-387); heston_GB; measured moments have sampling error
tree_percell,heston_GB/0-40/call_1.0,0.3628635848987937,-3.438555635603469,13.800292835160487,0.486614742743143,0.7438951501618047,1.0,cross_class near-pair set (not b5-387); heston_GB; measured moments have sampling error
tree_percell,heston_GB/0-40/call_1.1,0.36916098531107744,-3.46063112420976,13.769091339594869,0.4853892394859731,0.7526741342363579,1.0,cross_class near-pair set (not b5-387); heston_GB; measured moments have sampling error
tree_percell,heston_GB/0-40/digital_1.0,0.1287971309421409,-0.9201861059790291,14.489476551458857,0.4834740921986533,0.43545676092552277,1.0,cross_class near-pair set (not b5-387); heston_GB; measured moments have sampling error
tree_percell,heston_GB/0-41/call_0.9,0.3642394723698695,-3.7073642597425565,15.780875300705919,0.46463290981659217,0.6968116299077777,1.0,cross_class near-pair set (not b5-387); heston_GB; measured moments have sampling error
tree_percell,heston_GB/0-41/call_1.0,0.3685687810184688,-3.6882768240020565,15.452530807336668,0.46384516411073057,0.7112252287099484,1.0,cross_class near-pair set (not b5-387); heston_GB; measured moments have sampling error
tree_percell,heston_GB/0-41/call_1.1,0.37160669427423954,-3.6803265336105087,15.280768063549498,0.46300943168871556,0.7197017298857842,1.0,cross_class near-pair set (not b5-387); heston_GB; measured moments have sampling error
tree_percell,heston_GB/0-41/digital_1.0,0.19330948169991363,-2.6117546972551313,13.997336626606216,0.47747962576813824,0.540118743142358,1.0,cross_class near-pair set (not b5-387); heston_GB; measured moments have sampling error
tree_percell,heston_GB/0-43/call_0.9,0.46972881420239715,-3.087544835115585,10.589695924030606,0.5651666829441114,0.9174520954733482,1.0,cross_class near-pair set (not b5-387); heston_GB; measured moments have sampling error
tree_percell,heston_GB/0-43/call_1.0,0.4685169939114954,-3.10880490098906,10.702089138205372,0.5615729972221394,0.9148404159592146,1.0,cross_class near-pair set (not b5-387); heston_GB; measured moments have sampling error
tree_percell,heston_GB/0-43/call_1.1,0.46725142854478857,-3.1221614586693933,10.761742284230396,0.5586616831226779,0.9130563826730613,1.0,cross_class near-pair set (not b5-387); heston_GB; measured moments have sampling error
tree_percell,heston_GB/0-43/digital_1.0,0.3890385182306073,-2.223077791080199,7.577313049076212,0.6217214812987096,0.8932105060939479,1.0,cross_class near-pair set (not b5-387); heston_GB; measured moments have sampling error
tree_percell,heston_GB/0-44/call_0.9,0.3816884618681242,-3.2838837245685735,12.541074323811543,0.5359760209663461,0.7939984945553742,1.0,cross_class near-pair set (not b5-387); heston_GB; measured moments have sampling error
tree_percell,heston_GB/0-44/call_1.0,0.3894991628109724,-3.283347383411108,12.43741563670317,0.5353746000058301,0.8047097796157773,1.0,cross_class near-pair set (not b5-387); heston_GB; measured moments have sampling error
tree_percell,heston_GB/0-44/call_1.1,0.39553967578962734,-3.27902445538835,12.311882226042327,0.5346934298495251,0.814080716321477,1.0,cross_class near-pair set (not b5-387); heston_GB; measured moments have sampling error
tree_percell,heston_GB/0-44/digital_1.0,0.17926696424074462,-2.032277365734682,8.88362520556082,0.5750105530183446,0.7118252115699828,1.0,cross_class near-pair set (not b5-387); heston_GB; measured moments have sampling error
tree_percell,heston_GB/0-46/call_0.9,0.38754040058668604,-3.323600636904913,12.71190906330084,0.5208727552344201,0.796670722669239,1.0,cross_class near-pair set (not b5-387); heston_GB; measured moments have sampling error
tree_percell,heston_GB/0-46/call_1.0,0.3916962408821302,-3.3147019451783564,12.564714969886149,0.5213427254056504,0.804726309318112,1.0,cross_class near-pair set (not b5-387); heston_GB; measured moments have sampling error
tree_percell,heston_GB/0-46/call_1.1,0.39477051045148204,-3.3036032329287788,12.40357845609032,0.52197360358302,0.8119628411056448,1.0,cross_class near-pair set (not b5-387); heston_GB; measured moments have sampling error
tree_percell,heston_GB/0-46/digital_1.0,0.2361566132279846,-2.203668297939717,8.88188602409892,0.5658675490984462,0.7514197424427443,1.0,cross_class near-pair set (not b5-387); heston_GB; measured moments have sampling error
tree_percell,heston_GB/1-7/call_0.9,0.02080021883386665,0.30653240644760216,48.36820308548672,0.2307900567437065,-1.014660749380267,1.0,cross_class near-pair set (not b5-387); heston_GB; measured moments have sampling error
tree_percell,heston_GB/1-7/call_1.0,0.01751494823649621,0.40757513020279795,50.21404982735659,0.23030558021730838,-1.0921581209306581,1.0,cross_class near-pair set (not b5-387); heston_GB; measured moments have sampling error
tree_percell,heston_GB/1-7/call_1.1,0.014281514713437995,0.4223739508085838,50.903246437186716,0.22898114939443368,-1.1211087076269832,1.0,cross_class near-pair set (not b5-387); heston_GB; measured moments have sampling error
tree_percell,heston_GB/1-7/digital_1.0,0.04373003665063987,-1.0200512189883097,40.359590527646006,0.25037639581356996,-0.667807870501642,1.0,cross_class near-pair set (not b5-387); heston_GB; measured moments have sampling error
tree_percell,heston_GB/1-12/call_0.9,0.0032395042217932563,-5.356526113041023,99.30613536525462,0.17279863996188335,-3.1347767434129703,1.0,cross_class near-pair set (not b5-387); heston_GB; measured moments have sampling error
tree_percell,heston_GB/1-12/call_1.0,0.016514627682312853,-6.962991485637386,106.53549121125047,0.17844223346938856,-3.417398063356934,1.0,cross_class near-pair set (not b5-387); heston_GB; measured moments have sampling error
tree_percell,heston_GB/1-12/call_1.1,0.028618974276379213,-8.101570028084296,112.17276374275134,0.18299029570740277,-3.6276026898155087,1.0,cross_class near-pair set (not b5-387); heston_GB; measured moments have sampling error
tree_percell,heston_GB/1-12/digital_1.0,0.07263868114980766,6.2205696884098325,97.82707677145841,0.17840524858630244,-3.1082153402583708,1.0,cross_class near-pair set (not b5-387); heston_GB; measured moments have sampling error
tree_percell,heston_GB/1-13/call_0.9,0.0032395042217932563,-5.356526113041023,99.30613536525462,0.17279863996188335,-3.1347767434129703,1.0,cross_class near-pair set (not b5-387); heston_GB; measured moments have sampling error
tree_percell,heston_GB/1-13/call_1.0,0.016514627682312853,-6.962991485637386,106.53549121125047,0.17844223346938856,-3.417398063356934,1.0,cross_class near-pair set (not b5-387); heston_GB; measured moments have sampling error
tree_percell,heston_GB/1-13/call_1.1,0.028618974276379213,-8.101570028084296,112.17276374275134,0.18299029570740277,-3.6276026898155087,1.0,cross_class near-pair set (not b5-387); heston_GB; measured moments have sampling error
tree_percell,heston_GB/1-13/digital_1.0,0.07263868114980766,6.2205696884098325,97.82707677145841,0.17840524858630244,-3.1082153402583708,1.0,cross_class near-pair set (not b5-387); heston_GB; measured moments have sampling error
tree_percell,heston_GB/1-21/call_0.9,0.07100328832626786,-14.035793451914543,195.00401098026313,0.08876576417887345,-6.878321337561298,1.0,cross_class near-pair set (not b5-387); heston_GB; measured moments have sampling error
tree_percell,heston_GB/1-21/call_1.0,0.07100528817117673,-14.035791524039904,195.00397502514556,0.08876825175060583,-6.878310692878361,1.0,cross_class near-pair set (not b5-387); heston_GB; measured moments have sampling error
tree_percell,heston_GB/1-21/call_1.1,0.07100783157494168,-14.035789021877775,195.0039283579946,0.08877141544406374,-6.878297116635087,1.0,cross_class near-pair set (not b5-387); heston_GB; measured moments have sampling error
tree_percell,heston_GB/1-21/digital_1.0,0.07099764624705025,-14.03579871199362,195.004109076182,0.08875874609056635,-6.878351232539908,1.0,cross_class near-pair set (not b5-387); heston_GB; measured moments have sampling error
tree_percell,heston_GB/1-22/call_0.9,0.0028000115547459664,0.11927396293171098,43.08745861975491,0.24550535861748077,-0.7953382862777499,1.0,cross_class near-pair set (not b5-387); heston_GB; measured moments have sampling error
tree_percell,heston_GB/1-22/call_1.0,0.002980848315484051,0.31019923598520277,46.35146510108499,0.24341091144913038,-0.9314308330804222,1.0,cross_class near-pair set (not b5-387); heston_GB; measured moments have sampling error
tree_percell,heston_GB/1-22/call_1.1,0.0028323688786838865,0.3821426034023634,48.33800121851187,0.24018411161184247,-1.014231462459866,1.0,cross_class near-pair set (not b5-387); heston_GB; measured moments have sampling error
tree_percell,heston_GB/1-22/digital_1.0,0.001806835542756162,-2.410428282658448,33.96027517252107,0.2608404023546934,-0.4142763542865739,1.0,cross_class near-pair set (not b5-387); heston_GB; measured moments have sampling error
tree_percell,heston_GB/1-23/call_0.9,0.12490710987198043,6.081403933882626,48.29525410317601,0.2289261197721633,-1.0749664409484698,1.0,cross_class near-pair set (not b5-387); heston_GB; measured moments have sampling error
tree_percell,heston_GB/1-23/call_1.0,0.14368337383038968,5.8795197262445,40.981172101124244,0.23739691795224876,-0.7761725345678522,1.0,cross_class near-pair set (not b5-387); heston_GB; measured moments have sampling error
tree_percell,heston_GB/1-23/call_1.1,0.15835991454132564,5.714026152902312,35.98848464021052,0.24345292454312775,-0.5729499235569628,1.0,cross_class near-pair set (not b5-387); heston_GB; measured moments have sampling error
tree_percell,heston_GB/1-23/digital_1.0,0.03287477900027272,2.652221391475459,49.6990685274407,0.23975925127875847,-1.0808386948542514,1.0,cross_class near-pair set (not b5-387); heston_GB; measured moments have sampling error
tree_percell,heston_GB/1-32/call_0.9,0.11706668379956735,-10.646718607225527,127.93990212371455,0.17343812638353448,-3.981461287855609,1.0,cross_class near-pair set (not b5-387); heston_GB; measured moments have sampling error
tree_percell,heston_GB/1-32/call_1.0,0.11865784601507914,-10.613197488425376,127.31694856095098,0.1739501790745265,-3.9502658487167346,1.0,cross_class near-pair set (not b5-387); heston_GB; measured moments have sampling error
tree_percell,heston_GB/1-32/call_1.1,0.1200922739587461,-10.584745841435792,126.75737315896447,0.1743236513363465,-3.92219713968412,1.0,cross_class near-pair set (not b5-387); heston_GB; measured moments have sampling error
tree_percell,heston_GB/1-32/digital_1.0,0.085556828214036,-9.623346953401573,109.18579737383949,0.18080438687784978,-3.3469852885366604,1.0,cross_class near-pair set (not b5-387); heston_GB; measured moments have sampling error
tree_percell,heston_GB/1-33/call_0.9,0.2132965661629767,-5.472614268482233,33.37729526411827,0.3070587220381169,-0.08288081099885408,1.0,cross_class near-pair set (not b5-387); heston_GB; measured moments have sampling error
tree_percell,heston_GB/1-33/call_1.0,0.21542396217322424,-5.617510796386734,35.286309493075684,0.303041264154475,-0.14631253312822282,1.0,cross_class near-pair set (not b5-387); heston_GB; measured moments have sampling error
tree_percell,heston_GB/1-33/call_1.1,0.21722702734222166,-5.71434084340275,36.56665046893092,0.29952301590263924,-0.18788652027118474,1.0,cross_class near-pair set (not b5-387); heston_GB; measured moments have sampling error
tree_percell,heston_GB/1-33/digital_1.0,0.06353772116067312,-2.5638542660926436,28.652056136575307,0.32500223791513877,-0.15718795670773053,1.0,cross_class near-pair set (not b5-387); heston_GB; measured moments have sampling error
tree_percell,heston_GB/1-34/call_0.9,0.2401763574270691,-4.819606587590764,24.959078929887013,0.33883293900989575,0.2566671556067758,1.0,cross_class near-pair set (not b5-387); heston_GB; measured moments have sampling error
tree_percell,heston_GB/1-34/call_1.0,0.24438185941620236,-4.925435082174051,26.234459943406673,0.33590996049648203,0.2202986869553642,1.0,cross_class near-pair set (not b5-387); heston_GB; measured moments have sampling error
tree_percell,heston_GB/1-34/call_1.1,0.24775988420806716,-4.991977518205773,27.070896923480593,0.33449174820657757,0.19769061250150274,1.0,cross_class near-pair set (not b5-387); heston_GB; measured moments have sampling error
tree_percell,heston_GB/1-34/digital_1.0,0.037873526939460736,-1.2164506436788927,20.21723781191015,0.36027563553856706,0.16769638818173419,1.0,cross_class near-pair set (not b5-387); heston_GB; measured moments have sampling error
tree_percell,heston_GB/1-35/call_0.9,0.2401763574270691,-4.819606587590764,24.959078929887013,0.33883293900989575,0.2566671556067758,1.0,cross_class near-pair set (not b5-387); heston_GB; measured moments have sampling error
tree_percell,heston_GB/1-35/call_1.0,0.24438185941620236,-4.925435082174051,26.234459943406673,0.33590996049648203,0.2202986869553642,1.0,cross_class near-pair set (not b5-387); heston_GB; measured moments have sampling error
tree_percell,heston_GB/1-35/call_1.1,0.24775988420806716,-4.991977518205773,27.070896923480593,0.33449174820657757,0.19769061250150274,1.0,cross_class near-pair set (not b5-387); heston_GB; measured moments have sampling error
tree_percell,heston_GB/1-35/digital_1.0,0.037873526939460736,-1.2164506436788927,20.21723781191015,0.36027563553856706,0.16769638818173419,1.0,cross_class near-pair set (not b5-387); heston_GB; measured moments have sampling error
tree_percell,heston_GB/1-36/call_0.9,0.2401763574270691,-4.819606587590764,24.959078929887013,0.33883293900989575,0.2566671556067758,1.0,cross_class near-pair set (not b5-387); heston_GB; measured moments have sampling error
tree_percell,heston_GB/1-36/call_1.0,0.24438185941620236,-4.925435082174051,26.234459943406673,0.33590996049648203,0.2202986869553642,1.0,cross_class near-pair set (not b5-387); heston_GB; measured moments have sampling error
tree_percell,heston_GB/1-36/call_1.1,0.24775988420806716,-4.991977518205773,27.070896923480593,0.33449174820657757,0.19769061250150274,1.0,cross_class near-pair set (not b5-387); heston_GB; measured moments have sampling error
tree_percell,heston_GB/1-36/digital_1.0,0.037873526939460736,-1.2164506436788927,20.21723781191015,0.36027563553856706,0.16769638818173419,1.0,cross_class near-pair set (not b5-387); heston_GB; measured moments have sampling error
tree_percell,heston_GB/1-37/call_0.9,0.3625088162352949,-3.7083600805911794,15.780586321354566,0.4628530351584572,0.6948403144786569,1.0,cross_class near-pair set (not b5-387); heston_GB; measured moments have sampling error
tree_percell,heston_GB/1-37/call_1.0,0.3671990548207238,-3.6884596286937628,15.448862910978306,0.4624407363766647,0.7097653290886108,1.0,cross_class near-pair set (not b5-387); heston_GB; measured moments have sampling error
tree_percell,heston_GB/1-37/call_1.1,0.37054236761705467,-3.680086465479432,15.275821563654464,0.4619206006910694,0.7186216294033041,1.0,cross_class near-pair set (not b5-387); heston_GB; measured moments have sampling error
tree_percell,heston_GB/1-37/digital_1.0,0.1871284354070623,-2.6505473145157676,14.289299448571615,0.4712193675846176,0.5249568411474904,1.0,cross_class near-pair set (not b5-387); heston_GB; measured moments have sampling error
tree_percell,heston_GB/1-38/call_0.9,0.3625088162352949,-3.7083600805911794,15.780586321354566,0.4628530351584572,0.6948403144786569,1.0,cross_class near-pair set (not b5-387); heston_GB; measured moments have sampling error
tree_percell,heston_GB/1-38/call_1.0,0.3671990548207238,-3.6884596286937628,15.448862910978306,0.4624407363766647,0.7097653290886108,1.0,cross_class near-pair set (not b5-387); heston_GB; measured moments have sampling error
tree_percell,heston_GB/1-38/call_1.1,0.37054236761705467,-3.680086465479432,15.275821563654464,0.4619206006910694,0.7186216294033041,1.0,cross_class near-pair set (not b5-387); heston_GB; measured moments have sampling error
tree_percell,heston_GB/1-38/digital_1.0,0.1871284354070623,-2.6505473145157676,14.289299448571615,0.4712193675846176,0.5249568411474904,1.0,cross_class near-pair set (not b5-387); heston_GB; measured moments have sampling error
tree_percell,heston_GB/1-39/call_0.9,0.3590908880557595,-3.657127562622443,15.501828550414182,0.4793885891310549,0.6970403714287315,1.0,cross_class near-pair set (not b5-387); heston_GB; measured moments have sampling error
tree_percell,heston_GB/1-39/call_1.0,0.3642184966446371,-3.640172380801305,15.190936543373411,0.47860728439372446,0.7119284328247951,1.0,cross_class near-pair set (not b5-387); heston_GB; measured moments have sampling error
tree_percell,heston_GB/1-39/call_1.1,0.36794130170041095,-3.6337948266873163,15.030713915862979,0.47776772171035486,0.7208830726313467,1.0,cross_class near-pair set (not b5-387); heston_GB; measured moments have sampling error
tree_percell,heston_GB/1-39/digital_1.0,0.17768361280472048,-2.5715608092006272,13.623045973334204,0.4996617205039492,0.541089842046802,1.0,cross_class near-pair set (not b5-387); heston_GB; measured moments have sampling error
tree_percell,heston_GB/1-40/call_0.9,0.3544324723666312,-3.413495646718279,13.949435508888861,0.48760358682739385,0.7289438887634961,1.0,cross_class near-pair set (not b5-387); heston_GB; measured moments have sampling error
tree_percell,heston_GB/1-40/call_1.0,0.3628635848987937,-3.438555635603469,13.800292835160487,0.486614742743143,0.7438951501618047,1.0,cross_class near-pair set (not b5-387); heston_GB; measured moments have sampling error
tree_percell,heston_GB/1-40/call_1.1,0.36916098531107744,-3.46063112420976,13.769091339594869,0.4853892394859731,0.7526741342363579,1.0,cross_class near-pair set (not b5-387); heston_GB; measured moments have sampling error
tree_percell,heston_GB/1-40/digital_1.0,0.1287971309421409,-0.9201861059790291,14.489476551458857,0.4834740921986533,0.43545676092552277,1.0,cross_class near-pair set (not b5-387); heston_GB; measured moments have sampling error
tree_percell,heston_GB/1-41/call_0.9,0.3642394723698695,-3.7073642597425565,15.780875300705919,0.46463290981659217,0.6968116299077777,1.0,cross_class near-pair set (not b5-387); heston_GB; measured moments have sampling error
tree_percell,heston_GB/1-41/call_1.0,0.3685687810184688,-3.6882768240020565,15.452530807336668,0.46384516411073057,0.7112252287099484,1.0,cross_class near-pair set (not b5-387); heston_GB; measured moments have sampling error
tree_percell,heston_GB/1-41/call_1.1,0.37160669427423954,-3.6803265336105087,15.280768063549498,0.46300943168871556,0.7197017298857842,1.0,cross_class near-pair set (not b5-387); heston_GB; measured moments have sampling error
tree_percell,heston_GB/1-41/digital_1.0,0.19330948169991363,-2.6117546972551313,13.997336626606216,0.47747962576813824,0.540118743142358,1.0,cross_class near-pair set (not b5-387); heston_GB; measured moments have sampling error
tree_percell,heston_GB/1-42/call_0.9,0.3527481140303862,-3.359864305706475,13.681659714824953,0.5050747223486339,0.7330285624119647,1.0,cross_class near-pair set (not b5-387); heston_GB; measured moments have sampling error
tree_percell,heston_GB/1-42/call_1.0,0.36123294698761355,-3.3877246693478664,13.551432442805837,0.5034171566887345,0.7474262834737491,1.0,cross_class near-pair set (not b5-387); heston_GB; measured moments have sampling error
tree_percell,heston_GB/1-42/call_1.1,0.3675898146808884,-3.411690756236778,13.531058199218233,0.5016162876156398,0.7559123108458232,1.0,cross_class near-pair set (not b5-387); heston_GB; measured moments have sampling error
tree_percell,heston_GB/1-42/digital_1.0,0.1268854473269371,-0.8899716687048974,13.692150063129887,0.5143279756735999,0.46614095453204174,1.0,cross_class near-pair set (not b5-387); heston_GB; measured moments have sampling error
tree_percell,heston_GB/1-43/call_0.9,0.46972881420239715,-3.087544835115585,10.589695924030606,0.5651666829441114,0.9174520954733482,1.0,cross_class near-pair set (not b5-387); heston_GB; measured moments have sampling error
tree_percell,heston_GB/1-43/call_1.0,0.4685169939114954,-3.10880490098906,10.702089138205372,0.5615729972221394,0.9148404159592146,1.0,cross_class near-pair set (not b5-387); heston_GB; measured moments have sampling error
tree_percell,heston_GB/1-43/call_1.1,0.46725142854478857,-3.1221614586693933,10.761742284230396,0.5586616831226779,0.9130563826730613,1.0,cross_class near-pair set (not b5-387); heston_GB; measured moments have sampling error
tree_percell,heston_GB/1-43/digital_1.0,0.3890385182306073,-2.223077791080199,7.577313049076212,0.6217214812987096,0.8932105060939479,1.0,cross_class near-pair set (not b5-387); heston_GB; measured moments have sampling error
tree_percell,heston_GB/1-44/call_0.9,0.3816884618681242,-3.2838837245685735,12.541074323811543,0.5359760209663461,0.7939984945553742,1.0,cross_class near-pair set (not b5-387); heston_GB; measured moments have sampling error
tree_percell,heston_GB/1-44/call_1.0,0.3894991628109724,-3.283347383411108,12.43741563670317,0.5353746000058301,0.8047097796157773,1.0,cross_class near-pair set (not b5-387); heston_GB; measured moments have sampling error
tree_percell,heston_GB/1-44/call_1.1,0.39553967578962734,-3.27902445538835,12.311882226042327,0.5346934298495251,0.814080716321477,1.0,cross_class near-pair set (not b5-387); heston_GB; measured moments have sampling error
tree_percell,heston_GB/1-44/digital_1.0,0.17926696424074462,-2.032277365734682,8.88362520556082,0.5750105530183446,0.7118252115699828,1.0,cross_class near-pair set (not b5-387); heston_GB; measured moments have sampling error
tree_percell,heston_GB/1-46/call_0.9,0.38754040058668604,-3.323600636904913,12.71190906330084,0.5208727552344201,0.796670722669239,1.0,cross_class near-pair set (not b5-387); heston_GB; measured moments have sampling error
tree_percell,heston_GB/1-46/call_1.0,0.3916962408821302,-3.3147019451783564,12.564714969886149,0.5213427254056504,0.804726309318112,1.0,cross_class near-pair set (not b5-387); heston_GB; measured moments have sampling error
tree_percell,heston_GB/1-46/call_1.1,0.39477051045148204,-3.3036032329287788,12.40357845609032,0.52197360358302,0.8119628411056448,1.0,cross_class near-pair set (not b5-387); heston_GB; measured moments have sampling error
tree_percell,heston_GB/1-46/digital_1.0,0.2361566132279846,-2.203668297939717,8.88188602409892,0.5658675490984462,0.7514197424427443,1.0,cross_class near-pair set (not b5-387); heston_GB; measured moments have sampling error
tree_percell,heston_GB/2-7/call_0.9,0.02080021883386665,0.30653240644760216,48.36820308548672,0.2307900567437065,-1.014660749380267,1.0,cross_class near-pair set (not b5-387); heston_GB; measured moments have sampling error
tree_percell,heston_GB/2-7/call_1.0,0.01751494823649621,0.40757513020279795,50.21404982735659,0.23030558021730838,-1.0921581209306581,1.0,cross_class near-pair set (not b5-387); heston_GB; measured moments have sampling error
tree_percell,heston_GB/2-7/call_1.1,0.014281514713437995,0.4223739508085838,50.903246437186716,0.22898114939443368,-1.1211087076269832,1.0,cross_class near-pair set (not b5-387); heston_GB; measured moments have sampling error
tree_percell,heston_GB/2-7/digital_1.0,0.04373003665063987,-1.0200512189883097,40.359590527646006,0.25037639581356996,-0.667807870501642,1.0,cross_class near-pair set (not b5-387); heston_GB; measured moments have sampling error
tree_percell,heston_GB/2-12/call_0.9,0.0032395042217932563,-5.356526113041023,99.30613536525462,0.17279863996188335,-3.1347767434129703,1.0,cross_class near-pair set (not b5-387); heston_GB; measured moments have sampling error
tree_percell,heston_GB/2-12/call_1.0,0.016514627682312853,-6.962991485637386,106.53549121125047,0.17844223346938856,-3.417398063356934,1.0,cross_class near-pair set (not b5-387); heston_GB; measured moments have sampling error
tree_percell,heston_GB/2-12/call_1.1,0.028618974276379213,-8.101570028084296,112.17276374275134,0.18299029570740277,-3.6276026898155087,1.0,cross_class near-pair set (not b5-387); heston_GB; measured moments have sampling error
tree_percell,heston_GB/2-12/digital_1.0,0.07263868114980766,6.2205696884098325,97.82707677145841,0.17840524858630244,-3.1082153402583708,1.0,cross_class near-pair set (not b5-387); heston_GB; measured moments have sampling error
tree_percell,heston_GB/2-13/call_0.9,0.0032395042217932563,-5.356526113041023,99.30613536525462,0.17279863996188335,-3.1347767434129703,1.0,cross_class near-pair set (not b5-387); heston_GB; measured moments have sampling error
tree_percell,heston_GB/2-13/call_1.0,0.016514627682312853,-6.962991485637386,106.53549121125047,0.17844223346938856,-3.417398063356934,1.0,cross_class near-pair set (not b5-387); heston_GB; measured moments have sampling error
tree_percell,heston_GB/2-13/call_1.1,0.028618974276379213,-8.101570028084296,112.17276374275134,0.18299029570740277,-3.6276026898155087,1.0,cross_class near-pair set (not b5-387); heston_GB; measured moments have sampling error
tree_percell,heston_GB/2-13/digital_1.0,0.07263868114980766,6.2205696884098325,97.82707677145841,0.17840524858630244,-3.1082153402583708,1.0,cross_class near-pair set (not b5-387); heston_GB; measured moments have sampling error
tree_percell,heston_GB/2-21/call_0.9,0.07100328832626786,-14.035793451914543,195.00401098026313,0.08876576417887345,-6.878321337561298,1.0,cross_class near-pair set (not b5-387); heston_GB; measured moments have sampling error
tree_percell,heston_GB/2-21/call_1.0,0.07100528817117673,-14.035791524039904,195.00397502514556,0.08876825175060583,-6.878310692878361,1.0,cross_class near-pair set (not b5-387); heston_GB; measured moments have sampling error
tree_percell,heston_GB/2-21/call_1.1,0.07100783157494168,-14.035789021877775,195.0039283579946,0.08877141544406374,-6.878297116635087,1.0,cross_class near-pair set (not b5-387); heston_GB; measured moments have sampling error
tree_percell,heston_GB/2-21/digital_1.0,0.07099764624705025,-14.03579871199362,195.004109076182,0.08875874609056635,-6.878351232539908,1.0,cross_class near-pair set (not b5-387); heston_GB; measured moments have sampling error
tree_percell,heston_GB/2-22/call_0.9,0.0028000115547459664,0.11927396293171098,43.08745861975491,0.24550535861748077,-0.7953382862777499,1.0,cross_class near-pair set (not b5-387); heston_GB; measured moments have sampling error
tree_percell,heston_GB/2-22/call_1.0,0.002980848315484051,0.31019923598520277,46.35146510108499,0.24341091144913038,-0.9314308330804222,1.0,cross_class near-pair set (not b5-387); heston_GB; measured moments have sampling error
tree_percell,heston_GB/2-22/call_1.1,0.0028323688786838865,0.3821426034023634,48.33800121851187,0.24018411161184247,-1.014231462459866,1.0,cross_class near-pair set (not b5-387); heston_GB; measured moments have sampling error
tree_percell,heston_GB/2-22/digital_1.0,0.001806835542756162,-2.410428282658448,33.96027517252107,0.2608404023546934,-0.4142763542865739,1.0,cross_class near-pair set (not b5-387); heston_GB; measured moments have sampling error
tree_percell,heston_GB/2-23/call_0.9,0.12490710987198043,6.081403933882626,48.29525410317601,0.2289261197721633,-1.0749664409484698,1.0,cross_class near-pair set (not b5-387); heston_GB; measured moments have sampling error
tree_percell,heston_GB/2-23/call_1.0,0.14368337383038968,5.8795197262445,40.981172101124244,0.23739691795224876,-0.7761725345678522,1.0,cross_class near-pair set (not b5-387); heston_GB; measured moments have sampling error
tree_percell,heston_GB/2-23/call_1.1,0.15835991454132564,5.714026152902312,35.98848464021052,0.24345292454312775,-0.5729499235569628,1.0,cross_class near-pair set (not b5-387); heston_GB; measured moments have sampling error
tree_percell,heston_GB/2-23/digital_1.0,0.03287477900027272,2.652221391475459,49.6990685274407,0.23975925127875847,-1.0808386948542514,1.0,cross_class near-pair set (not b5-387); heston_GB; measured moments have sampling error
tree_percell,heston_GB/2-32/call_0.9,0.11706668379956735,-10.646718607225527,127.93990212371455,0.17343812638353448,-3.981461287855609,1.0,cross_class near-pair set (not b5-387); heston_GB; measured moments have sampling error
tree_percell,heston_GB/2-32/call_1.0,0.11865784601507914,-10.613197488425376,127.31694856095098,0.1739501790745265,-3.9502658487167346,1.0,cross_class near-pair set (not b5-387); heston_GB; measured moments have sampling error
tree_percell,heston_GB/2-32/call_1.1,0.1200922739587461,-10.584745841435792,126.75737315896447,0.1743236513363465,-3.92219713968412,1.0,cross_class near-pair set (not b5-387); heston_GB; measured moments have sampling error
tree_percell,heston_GB/2-32/digital_1.0,0.085556828214036,-9.623346953401573,109.18579737383949,0.18080438687784978,-3.3469852885366604,1.0,cross_class near-pair set (not b5-387); heston_GB; measured moments have sampling error
tree_percell,heston_GB/2-33/call_0.9,0.2132965661629767,-5.472614268482233,33.37729526411827,0.3070587220381169,-0.08288081099885408,1.0,cross_class near-pair set (not b5-387); heston_GB; measured moments have sampling error
tree_percell,heston_GB/2-33/call_1.0,0.21542396217322424,-5.617510796386734,35.286309493075684,0.303041264154475,-0.14631253312822282,1.0,cross_class near-pair set (not b5-387); heston_GB; measured moments have sampling error
tree_percell,heston_GB/2-33/call_1.1,0.21722702734222166,-5.71434084340275,36.56665046893092,0.29952301590263924,-0.18788652027118474,1.0,cross_class near-pair set (not b5-387); heston_GB; measured moments have sampling error
tree_percell,heston_GB/2-33/digital_1.0,0.06353772116067312,-2.5638542660926436,28.652056136575307,0.32500223791513877,-0.15718795670773053,1.0,cross_class near-pair set (not b5-387); heston_GB; measured moments have sampling error
tree_percell,heston_GB/2-34/call_0.9,0.2401763574270691,-4.819606587590764,24.959078929887013,0.33883293900989575,0.2566671556067758,1.0,cross_class near-pair set (not b5-387); heston_GB; measured moments have sampling error
tree_percell,heston_GB/2-34/call_1.0,0.24438185941620236,-4.925435082174051,26.234459943406673,0.33590996049648203,0.2202986869553642,1.0,cross_class near-pair set (not b5-387); heston_GB; measured moments have sampling error
tree_percell,heston_GB/2-34/call_1.1,0.24775988420806716,-4.991977518205773,27.070896923480593,0.33449174820657757,0.19769061250150274,1.0,cross_class near-pair set (not b5-387); heston_GB; measured moments have sampling error
tree_percell,heston_GB/2-34/digital_1.0,0.037873526939460736,-1.2164506436788927,20.21723781191015,0.36027563553856706,0.16769638818173419,1.0,cross_class near-pair set (not b5-387); heston_GB; measured moments have sampling error
tree_percell,heston_GB/2-35/call_0.9,0.2401763574270691,-4.819606587590764,24.959078929887013,0.33883293900989575,0.2566671556067758,1.0,cross_class near-pair set (not b5-387); heston_GB; measured moments have sampling error
tree_percell,heston_GB/2-35/call_1.0,0.24438185941620236,-4.925435082174051,26.234459943406673,0.33590996049648203,0.2202986869553642,1.0,cross_class near-pair set (not b5-387); heston_GB; measured moments have sampling error
tree_percell,heston_GB/2-35/call_1.1,0.24775988420806716,-4.991977518205773,27.070896923480593,0.33449174820657757,0.19769061250150274,1.0,cross_class near-pair set (not b5-387); heston_GB; measured moments have sampling error
tree_percell,heston_GB/2-35/digital_1.0,0.037873526939460736,-1.2164506436788927,20.21723781191015,0.36027563553856706,0.16769638818173419,1.0,cross_class near-pair set (not b5-387); heston_GB; measured moments have sampling error
tree_percell,heston_GB/2-36/call_0.9,0.2401763574270691,-4.819606587590764,24.959078929887013,0.33883293900989575,0.2566671556067758,1.0,cross_class near-pair set (not b5-387); heston_GB; measured moments have sampling error
tree_percell,heston_GB/2-36/call_1.0,0.24438185941620236,-4.925435082174051,26.234459943406673,0.33590996049648203,0.2202986869553642,1.0,cross_class near-pair set (not b5-387); heston_GB; measured moments have sampling error
tree_percell,heston_GB/2-36/call_1.1,0.24775988420806716,-4.991977518205773,27.070896923480593,0.33449174820657757,0.19769061250150274,1.0,cross_class near-pair set (not b5-387); heston_GB; measured moments have sampling error
tree_percell,heston_GB/2-36/digital_1.0,0.037873526939460736,-1.2164506436788927,20.21723781191015,0.36027563553856706,0.16769638818173419,1.0,cross_class near-pair set (not b5-387); heston_GB; measured moments have sampling error
tree_percell,heston_GB/2-37/call_0.9,0.3625088162352949,-3.7083600805911794,15.780586321354566,0.4628530351584572,0.6948403144786569,1.0,cross_class near-pair set (not b5-387); heston_GB; measured moments have sampling error
tree_percell,heston_GB/2-37/call_1.0,0.3671990548207238,-3.6884596286937628,15.448862910978306,0.4624407363766647,0.7097653290886108,1.0,cross_class near-pair set (not b5-387); heston_GB; measured moments have sampling error
tree_percell,heston_GB/2-37/call_1.1,0.37054236761705467,-3.680086465479432,15.275821563654464,0.4619206006910694,0.7186216294033041,1.0,cross_class near-pair set (not b5-387); heston_GB; measured moments have sampling error
tree_percell,heston_GB/2-37/digital_1.0,0.1871284354070623,-2.6505473145157676,14.289299448571615,0.4712193675846176,0.5249568411474904,1.0,cross_class near-pair set (not b5-387); heston_GB; measured moments have sampling error
tree_percell,heston_GB/2-38/call_0.9,0.3625088162352949,-3.7083600805911794,15.780586321354566,0.4628530351584572,0.6948403144786569,1.0,cross_class near-pair set (not b5-387); heston_GB; measured moments have sampling error
tree_percell,heston_GB/2-38/call_1.0,0.3671990548207238,-3.6884596286937628,15.448862910978306,0.4624407363766647,0.7097653290886108,1.0,cross_class near-pair set (not b5-387); heston_GB; measured moments have sampling error
tree_percell,heston_GB/2-38/call_1.1,0.37054236761705467,-3.680086465479432,15.275821563654464,0.4619206006910694,0.7186216294033041,1.0,cross_class near-pair set (not b5-387); heston_GB; measured moments have sampling error
tree_percell,heston_GB/2-38/digital_1.0,0.1871284354070623,-2.6505473145157676,14.289299448571615,0.4712193675846176,0.5249568411474904,1.0,cross_class near-pair set (not b5-387); heston_GB; measured moments have sampling error
tree_percell,heston_GB/2-39/call_0.9,0.3590908880557595,-3.657127562622443,15.501828550414182,0.4793885891310549,0.6970403714287315,1.0,cross_class near-pair set (not b5-387); heston_GB; measured moments have sampling error
tree_percell,heston_GB/2-39/call_1.0,0.3642184966446371,-3.640172380801305,15.190936543373411,0.47860728439372446,0.7119284328247951,1.0,cross_class near-pair set (not b5-387); heston_GB; measured moments have sampling error
tree_percell,heston_GB/2-39/call_1.1,0.36794130170041095,-3.6337948266873163,15.030713915862979,0.47776772171035486,0.7208830726313467,1.0,cross_class near-pair set (not b5-387); heston_GB; measured moments have sampling error
tree_percell,heston_GB/2-39/digital_1.0,0.17768361280472048,-2.5715608092006272,13.623045973334204,0.4996617205039492,0.541089842046802,1.0,cross_class near-pair set (not b5-387); heston_GB; measured moments have sampling error
tree_percell,heston_GB/2-40/call_0.9,0.3544324723666312,-3.413495646718279,13.949435508888861,0.48760358682739385,0.7289438887634961,1.0,cross_class near-pair set (not b5-387); heston_GB; measured moments have sampling error
tree_percell,heston_GB/2-40/call_1.0,0.3628635848987937,-3.438555635603469,13.800292835160487,0.486614742743143,0.7438951501618047,1.0,cross_class near-pair set (not b5-387); heston_GB; measured moments have sampling error
tree_percell,heston_GB/2-40/call_1.1,0.36916098531107744,-3.46063112420976,13.769091339594869,0.4853892394859731,0.7526741342363579,1.0,cross_class near-pair set (not b5-387); heston_GB; measured moments have sampling error
tree_percell,heston_GB/2-40/digital_1.0,0.1287971309421409,-0.9201861059790291,14.489476551458857,0.4834740921986533,0.43545676092552277,1.0,cross_class near-pair set (not b5-387); heston_GB; measured moments have sampling error
tree_percell,heston_GB/2-41/call_0.9,0.3642394723698695,-3.7073642597425565,15.780875300705919,0.46463290981659217,0.6968116299077777,1.0,cross_class near-pair set (not b5-387); heston_GB; measured moments have sampling error
tree_percell,heston_GB/2-41/call_1.0,0.3685687810184688,-3.6882768240020565,15.452530807336668,0.46384516411073057,0.7112252287099484,1.0,cross_class near-pair set (not b5-387); heston_GB; measured moments have sampling error
tree_percell,heston_GB/2-41/call_1.1,0.37160669427423954,-3.6803265336105087,15.280768063549498,0.46300943168871556,0.7197017298857842,1.0,cross_class near-pair set (not b5-387); heston_GB; measured moments have sampling error
tree_percell,heston_GB/2-41/digital_1.0,0.19330948169991363,-2.6117546972551313,13.997336626606216,0.47747962576813824,0.540118743142358,1.0,cross_class near-pair set (not b5-387); heston_GB; measured moments have sampling error
tree_percell,heston_GB/2-42/call_0.9,0.3527481140303862,-3.359864305706475,13.681659714824953,0.5050747223486339,0.7330285624119647,1.0,cross_class near-pair set (not b5-387); heston_GB; measured moments have sampling error
tree_percell,heston_GB/2-42/call_1.0,0.36123294698761355,-3.3877246693478664,13.551432442805837,0.5034171566887345,0.7474262834737491,1.0,cross_class near-pair set (not b5-387); heston_GB; measured moments have sampling error
tree_percell,heston_GB/2-42/call_1.1,0.3675898146808884,-3.411690756236778,13.531058199218233,0.5016162876156398,0.7559123108458232,1.0,cross_class near-pair set (not b5-387); heston_GB; measured moments have sampling error
tree_percell,heston_GB/2-42/digital_1.0,0.1268854473269371,-0.8899716687048974,13.692150063129887,0.5143279756735999,0.46614095453204174,1.0,cross_class near-pair set (not b5-387); heston_GB; measured moments have sampling error
tree_percell,heston_GB/2-43/call_0.9,0.46972881420239715,-3.087544835115585,10.589695924030606,0.5651666829441114,0.9174520954733482,1.0,cross_class near-pair set (not b5-387); heston_GB; measured moments have sampling error
tree_percell,heston_GB/2-43/call_1.0,0.4685169939114954,-3.10880490098906,10.702089138205372,0.5615729972221394,0.9148404159592146,1.0,cross_class near-pair set (not b5-387); heston_GB; measured moments have sampling error
tree_percell,heston_GB/2-43/call_1.1,0.46725142854478857,-3.1221614586693933,10.761742284230396,0.5586616831226779,0.9130563826730613,1.0,cross_class near-pair set (not b5-387); heston_GB; measured moments have sampling error
tree_percell,heston_GB/2-43/digital_1.0,0.3890385182306073,-2.223077791080199,7.577313049076212,0.6217214812987096,0.8932105060939479,1.0,cross_class near-pair set (not b5-387); heston_GB; measured moments have sampling error
tree_percell,heston_GB/7-12/call_0.9,0.010771467769028617,-4.381174464182597,77.50185998377185,0.23819574812296263,-2.2206305280146617,1.0,cross_class near-pair set (not b5-387); heston_GB; measured moments have sampling error
tree_percell,heston_GB/7-12/call_1.0,0.022225145895119838,-5.615744183411348,81.43300682453469,0.24554976525659253,-2.3688997788389132,1.0,cross_class near-pair set (not b5-387); heston_GB; measured moments have sampling error
tree_percell,heston_GB/7-12/call_1.1,0.03235780913108772,-6.413252470267135,83.73933320403576,0.25153309575786975,-2.44728852455359,1.0,cross_class near-pair set (not b5-387); heston_GB; measured moments have sampling error
tree_percell,heston_GB/7-12/digital_1.0,0.05798815745614761,5.605891010036084,84.30875045830543,0.23599225268303506,-2.543303197363487,1.0,cross_class near-pair set (not b5-387); heston_GB; measured moments have sampling error
tree_percell,heston_GB/7-13/call_0.9,0.010771467769028617,-4.381174464182597,77.50185998377185,0.23819574812296263,-2.2206305280146617,1.0,cross_class near-pair set (not b5-387); heston_GB; measured moments have sampling error
tree_percell,heston_GB/7-13/call_1.0,0.022225145895119838,-5.615744183411348,81.43300682453469,0.24554976525659253,-2.3688997788389132,1.0,cross_class near-pair set (not b5-387); heston_GB; measured moments have sampling error
tree_percell,heston_GB/7-13/call_1.1,0.03235780913108772,-6.413252470267135,83.73933320403576,0.25153309575786975,-2.44728852455359,1.0,cross_class near-pair set (not b5-387); heston_GB; measured moments have sampling error
tree_percell,heston_GB/7-13/digital_1.0,0.05798815745614761,5.605891010036084,84.30875045830543,0.23599225268303506,-2.543303197363487,1.0,cross_class near-pair set (not b5-387); heston_GB; measured moments have sampling error
tree_percell,heston_GB/7-19/call_0.9,0.02080021883386665,-0.30653240644760216,48.36820308548672,0.2307900567437065,-1.012536354918929,1.0,cross_class near-pair set (not b5-387); heston_GB; measured moments have sampling error
tree_percell,heston_GB/7-19/call_1.0,0.01751494823649621,-0.40757513020279795,50.21404982735659,0.23030558021730838,-1.089779298328817,1.0,cross_class near-pair set (not b5-387); heston_GB; measured moments have sampling error
tree_percell,heston_GB/7-19/call_1.1,0.014281514713437995,-0.4223739508085838,50.903246437186716,0.22898114939443368,-1.1190984044152974,1.0,cross_class near-pair set (not b5-387); heston_GB; measured moments have sampling error
tree_percell,heston_GB/7-19/digital_1.0,0.04373003665063987,1.0200512189883097,40.359590527646006,0.25037639581356996,-0.6826484316242235,1.0,cross_class near-pair set (not b5-387); heston_GB; measured moments have sampling error
tree_percell,heston_GB/7-20/call_0.9,0.02080021883386665,-0.30653240644760216,48.36820308548672,0.2307900567437065,-1.012536354918929,1.0,cross_class near-pair set (not b5-387); heston_GB; measured moments have sampling error
tree_percell,heston_GB/7-20/call_1.0,0.01751494823649621,-0.40757513020279795,50.21404982735659,0.23030558021730838,-1.089779298328817,1.0,cross_class near-pair set (not b5-387); heston_GB; measured moments have sampling error
tree_percell,heston_GB/7-20/call_1.1,0.014281514713437995,-0.4223739508085838,50.903246437186716,0.22898114939443368,-1.1190984044152974,1.0,cross_class near-pair set (not b5-387); heston_GB; measured moments have sampling error
tree_percell,heston_GB/7-20/digital_1.0,0.04373003665063987,1.0200512189883097,40.359590527646006,0.25037639581356996,-0.6826484316242235,1.0,cross_class near-pair set (not b5-387); heston_GB; measured moments have sampling error
tree_percell,heston_GB/7-21/call_0.9,0.03754892029305935,-0.4327296090743787,43.144714050118594,0.24550781625490484,-0.7899288743697833,1.0,cross_class near-pair set (not b5-387); heston_GB; measured moments have sampling error
tree_percell,heston_GB/7-21/call_1.0,0.03135024631003913,-0.45269076180969353,46.38873490267958,0.24341296810459845,-0.9267046754666449,1.0,cross_class near-pair set (not b5-387); heston_GB; measured moments have sampling error
tree_percell,heston_GB/7-21/call_1.1,0.025372315354245657,-0.42880326543247155,48.360296143251425,0.24018578972175325,-1.0106072626318419,1.0,cross_class near-pair set (not b5-387); heston_GB; measured moments have sampling error
tree_percell,heston_GB/7-21/digital_1.0,0.07373610065049484,-1.0573538680544772,34.00092111750763,0.2608446634358983,-0.388445519670258,1.0,cross_class near-pair set (not b5-387); heston_GB; measured moments have sampling error
tree_percell,heston_GB/7-22/call_0.9,0.07100342267233468,-14.035793323493062,195.00400858521678,0.08876593128960439,-6.878320623300746,1.0,cross_class near-pair set (not b5-387); heston_GB; measured moments have sampling error
tree_percell,heston_GB/7-22/call_1.0,0.07100542487434856,-14.035791391068699,195.0039725451778,0.08876842179322628,-6.8783099643353784,1.0,cross_class near-pair set (not b5-387); heston_GB; measured moments have sampling error
tree_percell,heston_GB/7-22/call_1.1,0.07100797127787624,-14.03578888300165,195.00392576780462,0.08877158921794114,-6.878296369827984,1.0,cross_class near-pair set (not b5-387); heston_GB; measured moments have sampling error
tree_percell,heston_GB/7-22/digital_1.0,0.07099777394006401,-14.035798595986039,195.00410691282613,0.0887589049258711,-6.878350558265642,1.0,cross_class near-pair set (not b5-387); heston_GB; measured moments have sampling error
tree_percell,heston_GB/7-23/call_0.9,0.08281569336046536,2.5847235177014456,23.559442377467064,0.32341075768750244,-0.0036873484321142,1.0,cross_class near-pair set (not b5-387); heston_GB; measured moments have sampling error
tree_percell,heston_GB/7-23/call_1.0,0.09835892313166364,2.379775736946089,21.254063182099788,0.3298475736491958,0.09277487422646126,1.0,cross_class near-pair set (not b5-387); heston_GB; measured moments have sampling error
tree_percell,heston_GB/7-23/call_1.1,0.11116308795158518,2.256757860415286,19.69425264689167,0.33370031987324483,0.15818055969370784,1.0,cross_class near-pair set (not b5-387); heston_GB; measured moments have sampling error
tree_percell,heston_GB/7-23/digital_1.0,0.05036145672063789,1.9125245673955604,29.584020878842004,0.33265216053250785,-0.24244023448701,1.0,cross_class near-pair set (not b5-387); heston_GB; measured moments have sampling error
tree_percell,heston_GB/7-24/call_0.9,0.16643050443844906,2.3320689818923195,15.559665579988849,0.3549803377669844,0.32385312304954295,1.0,cross_class near-pair set (not b5-387); heston_GB; measured moments have sampling error
tree_percell,heston_GB/7-24/call_1.0,0.1724312395383126,2.101232756295434,14.657034459702928,0.35777852781840697,0.366097261540098,1.0,cross_class near-pair set (not b5-387); heston_GB; measured moments have sampling error
tree_percell,heston_GB/7-24/call_1.1,0.17695421598932382,2.0197210281321083,14.503896482708154,0.3579187282850496,0.374809916943864,1.0,cross_class near-pair set (not b5-387); heston_GB; measured moments have sampling error
tree_percell,heston_GB/7-24/digital_1.0,0.08491822421878699,4.104119951597662,33.79978593854363,0.3382716833950272,-0.4458036636641844,1.0,cross_class near-pair set (not b5-387); heston_GB; measured moments have sampling error
tree_percell,heston_GB/7-32/call_0.9,0.1139576070319156,-7.505946771746804,81.96737835537348,0.2552098419574915,-2.1868302822986863,1.0,cross_class near-pair set (not b5-387); heston_GB; measured moments have sampling error
tree_percell,heston_GB/7-32/call_1.0,0.11410380996119934,-7.567587980330288,82.63575791435535,0.2553347999408291,-2.2124061950438354,1.0,cross_class near-pair set (not b5-387); heston_GB; measured moments have sampling error
tree_percell,heston_GB/7-32/call_1.1,0.11406919171536266,-7.5924829199633415,82.87399567043286,0.2552118098239578,-2.2217052472543393,1.0,cross_class near-pair set (not b5-387); heston_GB; measured moments have sampling error
tree_percell,heston_GB/7-32/digital_1.0,0.09360221936714118,-3.7131063898542624,41.4243446264266,0.29506624695441397,-0.6385681555950231,1.0,cross_class near-pair set (not b5-387); heston_GB; measured moments have sampling error
tree_percell,heston_GB/7-33/call_0.9,0.21416967657389155,-5.2706186136624344,31.770749532830187,0.33682318081493734,-0.027088597058620142,1.0,cross_class near-pair set (not b5-387); heston_GB; measured moments have sampling error
tree_percell,heston_GB/7-33/call_1.0,0.21583275586263398,-5.430067173466794,33.745175590502626,0.3317121449582497,-0.09348193950497283,1.0,cross_class near-pair set (not b5-387); heston_GB; measured moments have sampling error
tree_percell,heston_GB/7-33/call_1.1,0.2171968759529322,-5.536784535858537,35.076576619158836,0.327318610860217,-0.1376296556445101,1.0,cross_class near-pair set (not b5-387); heston_GB; measured moments have sampling error
tree_percell,heston_GB/7-33/digital_1.0,0.07386355068613444,-2.127894726497285,23.483221656714598,0.3812208878069289,0.058213994678778455,1.0,cross_class near-pair set (not b5-387); heston_GB; measured moments have sampling error
tree_percell,heston_GB/7-34/call_0.9,0.2410067742660578,-4.680265373981449,24.0132839959037,0.364891850217571,0.28774032416428263,1.0,cross_class near-pair set (not b5-387); heston_GB; measured moments have sampling error
tree_percell,heston_GB/7-34/call_1.0,0.24478282936021864,-4.79659813947494,25.33326639490658,0.36098862596450493,0.2492737692700379,1.0,cross_class near-pair set (not b5-387); heston_GB; measured moments have sampling error
tree_percell,heston_GB/7-34/call_1.1,0.2477619174355593,-4.870560478524469,26.205495946598745,0.35874957165557547,0.2248252349233943,1.0,cross_class near-pair set (not b5-387); heston_GB; measured moments have sampling error
tree_percell,heston_GB/7-34/digital_1.0,0.047664675063608976,-1.022744125172946,17.471234215892085,0.40865364430123136,0.28343979004806535,1.0,cross_class near-pair set (not b5-387); heston_GB; measured moments have sampling error
tree_percell,heston_GB/7-35/call_0.9,0.2410067742660578,-4.680265373981449,24.0132839959037,0.364891850217571,0.28774032416428263,1.0,cross_class near-pair set (not b5-387); heston_GB; measured moments have sampling error
tree_percell,heston_GB/7-35/call_1.0,0.24478282936021864,-4.79659813947494,25.33326639490658,0.36098862596450493,0.2492737692700379,1.0,cross_class near-pair set (not b5-387); heston_GB; measured moments have sampling error
tree_percell,heston_GB/7-35/call_1.1,0.2477619174355593,-4.870560478524469,26.205495946598745,0.35874957165557547,0.2248252349233943,1.0,cross_class near-pair set (not b5-387); heston_GB; measured moments have sampling error
tree_percell,heston_GB/7-35/digital_1.0,0.047664675063608976,-1.022744125172946,17.471234215892085,0.40865364430123136,0.28343979004806535,1.0,cross_class near-pair set (not b5-387); heston_GB; measured moments have sampling error
tree_percell,heston_GB/7-36/call_0.9,0.2410067742660578,-4.680265373981449,24.0132839959037,0.364891850217571,0.28774032416428263,1.0,cross_class near-pair set (not b5-387); heston_GB; measured moments have sampling error
tree_percell,heston_GB/7-36/call_1.0,0.24478282936021864,-4.79659813947494,25.33326639490658,0.36098862596450493,0.2492737692700379,1.0,cross_class near-pair set (not b5-387); heston_GB; measured moments have sampling error
tree_percell,heston_GB/7-36/call_1.1,0.2477619174355593,-4.870560478524469,26.205495946598745,0.35874957165557547,0.2248252349233943,1.0,cross_class near-pair set (not b5-387); heston_GB; measured moments have sampling error
tree_percell,heston_GB/7-36/digital_1.0,0.047664675063608976,-1.022744125172946,17.471234215892085,0.40865364430123136,0.28343979004806535,1.0,cross_class near-pair set (not b5-387); heston_GB; measured moments have sampling error
tree_percell,heston_GB/7-37/call_0.9,0.3629950891620132,-3.6534719794657144,15.47857852045557,0.4793147330583333,0.7020960259407112,1.0,cross_class near-pair set (not b5-387); heston_GB; measured moments have sampling error
tree_percell,heston_GB/7-37/call_1.0,0.36741213888928714,-3.6378530060288092,15.174797681060038,0.47855163204387735,0.7159519606268401,1.0,cross_class near-pair set (not b5-387); heston_GB; measured moments have sampling error
tree_percell,heston_GB/7-37/call_1.1,0.37049523133971185,-3.6324549591535598,15.02065978348649,0.47772504718174025,0.724015625975861,1.0,cross_class near-pair set (not b5-387); heston_GB; measured moments have sampling error
tree_percell,heston_GB/7-37/digital_1.0,0.1915489301727703,-2.5052275284819308,13.267333287982982,0.5017352626168956,0.5636632489768524,1.0,cross_class near-pair set (not b5-387); heston_GB; measured moments have sampling error
tree_percell,heston_GB/7-38/call_0.9,0.3629950891620132,-3.6534719794657144,15.47857852045557,0.4793147330583333,0.7020960259407112,1.0,cross_class near-pair set (not b5-387); heston_GB; measured moments have sampling error
tree_percell,heston_GB/7-38/call_1.0,0.36741213888928714,-3.6378530060288092,15.174797681060038,0.47855163204387735,0.7159519606268401,1.0,cross_class near-pair set (not b5-387); heston_GB; measured moments have sampling error
tree_percell,heston_GB/7-38/call_1.1,0.37049523133971185,-3.6324549591535598,15.02065978348649,0.47772504718174025,0.724015625975861,1.0,cross_class near-pair set (not b5-387); heston_GB; measured moments have sampling error
tree_percell,heston_GB/7-38/digital_1.0,0.1915489301727703,-2.5052275284819308,13.267333287982982,0.5017352626168956,0.5636632489768524,1.0,cross_class near-pair set (not b5-387); heston_GB; measured moments have sampling error
tree_percell,heston_GB/7-39/call_0.9,0.3624997854178563,-3.7086464605568583,15.7825423884798,0.46284163808032347,0.6947826721758059,1.0,cross_class near-pair set (not b5-387); heston_GB; measured moments have sampling error
tree_percell,heston_GB/7-39/call_1.0,0.36719264642008015,-3.6887168665015824,15.450613257692233,0.46242807773286904,0.7097164113604584,1.0,cross_class near-pair set (not b5-387); heston_GB; measured moments have sampling error
tree_percell,heston_GB/7-39/call_1.1,0.3705380777741273,-3.680308881558325,15.277317701042474,0.4619112791212953,0.7185816918273842,1.0,cross_class near-pair set (not b5-387); heston_GB; measured moments have sampling error
tree_percell,heston_GB/7-39/digital_1.0,0.18705940659417425,-2.6515892138086,14.29987852947177,0.4711261543987242,0.5245209520171737,1.0,cross_class near-pair set (not b5-387); heston_GB; measured moments have sampling error
tree_percell,heston_GB/7-40/call_0.9,0.3551834910678454,-3.3712848721238298,13.730670468763705,0.5016579997964956,0.7345647840097759,1.0,cross_class near-pair set (not b5-387); heston_GB; measured moments have sampling error
tree_percell,heston_GB/7-40/call_1.0,0.36332563123916384,-3.399220792707028,13.600004624548511,0.5004068089476701,0.7486521634858868,1.0,cross_class near-pair set (not b5-387); heston_GB; measured moments have sampling error
tree_percell,heston_GB/7-40/call_1.1,0.3693494842719527,-3.423277817461231,13.580963069663945,0.4989462641520771,0.7567835380850853,1.0,cross_class near-pair set (not b5-387); heston_GB; measured moments have sampling error
tree_percell,heston_GB/7-40/digital_1.0,0.1336637371293236,-0.8657156274989085,13.745400035931361,0.5090873912218363,0.4663836636324274,1.0,cross_class near-pair set (not b5-387); heston_GB; measured moments have sampling error
tree_percell,heston_GB/7-41/call_0.9,0.36471996057520195,-3.6524480632342633,15.478960320196549,0.481083778177212,0.7040204615235701,1.0,cross_class near-pair set (not b5-387); heston_GB; measured moments have sampling error
tree_percell,heston_GB/7-41/call_1.0,0.3687773697809754,-3.6376351744928703,15.178436058626815,0.47994864149800776,0.7173799337687469,1.0,cross_class near-pair set (not b5-387); heston_GB; measured moments have sampling error
tree_percell,heston_GB/7-41/call_1.1,0.3715560491349677,-3.632660010259548,15.025524644284168,0.47880880798594555,0.725073569325862,1.0,cross_class near-pair set (not b5-387); heston_GB; measured moments have sampling error
tree_percell,heston_GB/7-41/digital_1.0,0.19764666551104365,-2.468750812162855,13.00214476024951,0.5078001751180716,0.5774536919485789,1.0,cross_class near-pair set (not b5-387); heston_GB; measured moments have sampling error
tree_percell,heston_GB/7-42/call_0.9,0.35618876247037273,-3.4126902767336196,13.952231083416628,0.489242053118944,0.730659700148501,1.0,cross_class near-pair set (not b5-387); heston_GB; measured moments have sampling error
tree_percell,heston_GB/7-42/call_1.0,0.36427876339193827,-3.438625124870931,13.806202328136628,0.4878907052354836,0.7451958220937283,1.0,cross_class near-pair set (not b5-387); heston_GB; measured moments have sampling error
tree_percell,heston_GB/7-42/call_1.1,0.37028473296409764,-3.4611652316898134,13.776178671045049,0.4863633129755353,0.7536605786959127,1.0,cross_class near-pair set (not b5-387); heston_GB; measured moments have sampling error
tree_percell,heston_GB/7-42/digital_1.0,0.1344148086420274,-0.9013270373392943,14.287491483466464,0.4890423620683371,0.44571057883577875,1.0,cross_class near-pair set (not b5-387); heston_GB; measured moments have sampling error
tree_percell,heston_GB/7-44/call_0.9,0.3839302241622062,-3.307252527192296,12.641142130371735,0.5243376264372139,0.7943915405283211,1.0,cross_class near-pair set (not b5-387); heston_GB; measured moments have sampling error
tree_percell,heston_GB/7-44/call_1.0,0.3914695014459218,-3.3064044453903585,12.537366241367765,0.5238910413123721,0.8048700363620054,1.0,cross_class near-pair set (not b5-387); heston_GB; measured moments have sampling error
tree_percell,heston_GB/7-44/call_1.1,0.3972716370784068,-3.3020612228467687,12.413048218131408,0.5233467038723957,0.8140032035235925,1.0,cross_class near-pair set (not b5-387); heston_GB; measured moments have sampling error
tree_percell,heston_GB/7-44/digital_1.0,0.18587125102483204,-2.060707946424445,9.068362164651273,0.5549873127197714,0.7092061369758986,1.0,cross_class near-pair set (not b5-387); heston_GB; measured moments have sampling error
tree_percell,heston_GB/12-19/call_0.9,0.0032395042217932563,5.356526113041023,99.30613536525462,0.17279863996188335,-3.140560845697927,1.0,cross_class near-pair set (not b5-387); heston_GB; measured moments have sampling error
tree_percell,heston_GB/12-19/call_1.0,0.016514627682312853,6.962991485637386,106.53549121125047,0.17844223346938856,-3.455718015274231,1.0,cross_class near-pair set (not b5-387); heston_GB; measured moments have sampling error
tree_percell,heston_GB/12-19/call_1.1,0.028618974276379213,8.101570028084296,112.17276374275134,0.18299029570740277,-3.7048256315045918,1.0,cross_class near-pair set (not b5-387); heston_GB; measured moments have sampling error
tree_percell,heston_GB/12-19/digital_1.0,0.07263868114980766,-6.2205696884098325,97.82707677145841,0.17840524858630244,-2.958389278335466,1.0,cross_class near-pair set (not b5-387); heston_GB; measured moments have sampling error
tree_percell,heston_GB/12-20/call_0.9,0.0032395042217932563,5.356526113041023,99.30613536525462,0.17279863996188335,-3.140560845697927,1.0,cross_class near-pair set (not b5-387); heston_GB; measured moments have sampling error
tree_percell,heston_GB/12-20/call_1.0,0.016514627682312853,6.962991485637386,106.53549121125047,0.17844223346938856,-3.455718015274231,1.0,cross_class near-pair set (not b5-387); heston_GB; measured moments have sampling error
tree_percell,heston_GB/12-20/call_1.1,0.028618974276379213,8.101570028084296,112.17276374275134,0.18299029570740277,-3.7048256315045918,1.0,cross_class near-pair set (not b5-387); heston_GB; measured moments have sampling error
tree_percell,heston_GB/12-20/digital_1.0,0.07263868114980766,-6.2205696884098325,97.82707677145841,0.17840524858630244,-2.958389278335466,1.0,cross_class near-pair set (not b5-387); heston_GB; measured moments have sampling error
tree_percell,heston_GB/12-21/call_0.9,0.0038197797173881894,5.2844230345473955,97.46181386798666,0.18076940830003513,-3.064154582362515,1.0,cross_class near-pair set (not b5-387); heston_GB; measured moments have sampling error
tree_percell,heston_GB/12-21/call_1.0,0.010476449577453733,6.896120476835354,105.12085493820156,0.18529738492648695,-3.3911140616008386,1.0,cross_class near-pair set (not b5-387); heston_GB; measured moments have sampling error
tree_percell,heston_GB/12-21/call_1.1,0.023590360652750445,8.048635612705343,111.15384783422238,0.18875045689679373,-3.657885341110468,1.0,cross_class near-pair set (not b5-387); heston_GB; measured moments have sampling error
tree_percell,heston_GB/12-21/digital_1.0,0.08340028621786623,-6.007570549674874,92.61137388590237,0.1905764430647382,-2.722508950555639,1.0,cross_class near-pair set (not b5-387); heston_GB; measured moments have sampling error
tree_percell,heston_GB/12-22/call_0.9,0.004099825877846771,4.331194949230279,76.21436846153019,0.24545253077246326,-2.1784514072769627,1.0,cross_class near-pair set (not b5-387); heston_GB; measured moments have sampling error
tree_percell,heston_GB/12-22/call_1.0,0.01656302487383553,5.5709251728661355,80.4807293590023,0.2517886028467796,-2.366898605804193,1.0,cross_class near-pair set (not b5-387); heston_GB; measured moments have sampling error
tree_percell,heston_GB/12-22/call_1.1,0.027681005736371934,6.37950638091204,83.08171203430571,0.2567688162401448,-2.4858456747414444,1.0,cross_class near-pair set (not b5-387); heston_GB; measured moments have sampling error
tree_percell,heston_GB/12-22/digital_1.0,0.06856176682235302,-5.424987665852087,80.05379990080938,0.24708979341825008,-2.242637657659324,1.0,cross_class near-pair set (not b5-387); heston_GB; measured moments have sampling error
tree_percell,heston_GB/12-23/call_0.9,0.056680289824770975,4.293548345808347,65.89161932985039,0.2548883795489823,-1.7683205822602461,1.0,cross_class near-pair set (not b5-387); heston_GB; measured moments have sampling error
tree_percell,heston_GB/12-23/call_1.0,0.07819091386247533,5.394413172011751,68.79167306238234,0.2653077838503775,-1.901320226667138,1.0,cross_class near-pair set (not b5-387); heston_GB; measured moments have sampling error
tree_percell,heston_GB/12-23/call_1.1,0.09769319971422792,6.107101215152655,69.97590603250357,0.2743468866655642,-1.9589427745288919,1.0,cross_class near-pair set (not b5-387); heston_GB; measured moments have sampling error
tree_percell,heston_GB/12-23/digital_1.0,0.07975891490883819,-4.182937335692728,64.1217826590777,0.2661692959981089,-1.5826757465595263,1.0,cross_class near-pair set (not b5-387); heston_GB; measured moments have sampling error
tree_percell,heston_GB/12-32/call_0.9,0.06962661842005495,0.3746299847756296,58.308774853174576,0.2309932363616046,-1.4103974235210441,1.0,cross_class near-pair set (not b5-387); heston_GB; measured moments have sampling error
tree_percell,heston_GB/12-32/call_1.0,0.06332353224471737,0.609209560868894,60.38541652408577,0.23640333901057245,-1.502351975089009,1.0,cross_class near-pair set (not b5-387); heston_GB; measured moments have sampling error
tree_percell,heston_GB/12-32/call_1.1,0.05807303417903316,0.5586285153199946,61.77646138376552,0.24050952501545234,-1.5620949513676035,1.0,cross_class near-pair set (not b5-387); heston_GB; measured moments have sampling error
tree_percell,heston_GB/12-32/digital_1.0,0.09592506771945353,-5.631555381101014,81.6764711211875,0.21723440810803923,-2.2518229384536954,1.0,cross_class near-pair set (not b5-387); heston_GB; measured moments have sampling error
tree_percell,heston_GB/12-33/call_0.9,0.19750160079080187,-4.079078354915352,26.539398415883173,0.34297903961485493,0.10689055143608238,1.0,cross_class near-pair set (not b5-387); heston_GB; measured moments have sampling error
tree_percell,heston_GB/12-33/call_1.0,0.19742270756281965,-4.379037013382305,28.940418564981115,0.33943209125101453,0.023782030800545518,1.0,cross_class near-pair set (not b5-387); heston_GB; measured moments have sampling error
tree_percell,heston_GB/12-33/call_1.1,0.19749432067165243,-4.62129807082638,30.73277616668223,0.3357565391369277,-0.03747709488141388,1.0,cross_class near-pair set (not b5-387); heston_GB; measured moments have sampling error
tree_percell,heston_GB/12-33/digital_1.0,0.09686360050089779,-3.145781519056783,32.754220577546015,0.34582992604067614,-0.2890366159223283,1.0,cross_class near-pair set (not b5-387); heston_GB; measured moments have sampling error
tree_percell,heston_GB/12-34/call_0.9,0.2263657066952539,-3.83519484157017,20.873945626090517,0.36775038204754174,0.35322571163950994,1.0,cross_class near-pair set (not b5-387); heston_GB; measured moments have sampling error
tree_percell,heston_GB/12-34/call_1.0,0.228528275555956,-4.0603391665455675,22.5101730028075,0.36456754892922116,0.3027636046641489,1.0,cross_class near-pair set (not b5-387); heston_GB; measured moments have sampling error
tree_percell,heston_GB/12-34/call_1.1,0.2303571081637365,-4.237263358457011,23.696157371570553,0.36245468529022234,0.2673082407477184,1.0,cross_class near-pair set (not b5-387); heston_GB; measured moments have sampling error
tree_percell,heston_GB/12-34/digital_1.0,0.0769139824934071,-2.256908506695473,24.19907884951217,0.3813545905174536,0.03233694776326708,1.0,cross_class near-pair set (not b5-387); heston_GB; measured moments have sampling error
tree_percell,heston_GB/12-35/call_0.9,0.2263657066952539,-3.83519484157017,20.873945626090517,0.36775038204754174,0.35322571163950994,1.0,cross_class near-pair set (not b5-387); heston_GB; measured moments have sampling error
tree_percell,heston_GB/12-35/call_1.0,0.228528275555956,-4.0603391665455675,22.5101730028075,0.36456754892922116,0.3027636046641489,1.0,cross_class near-pair set (not b5-387); heston_GB; measured moments have sampling error
tree_percell,heston_GB/12-35/call_1.1,0.2303571081637365,-4.237263358457011,23.696157371570553,0.36245468529022234,0.2673082407477184,1.0,cross_class near-pair set (not b5-387); heston_GB; measured moments have sampling error
tree_percell,heston_GB/12-35/digital_1.0,0.0769139824934071,-2.256908506695473,24.19907884951217,0.3813545905174536,0.03233694776326708,1.0,cross_class near-pair set (not b5-387); heston_GB; measured moments have sampling error
tree_percell,heston_GB/12-36/call_0.9,0.2263657066952539,-3.83519484157017,20.873945626090517,0.36775038204754174,0.35322571163950994,1.0,cross_class near-pair set (not b5-387); heston_GB; measured moments have sampling error
tree_percell,heston_GB/12-36/call_1.0,0.228528275555956,-4.0603391665455675,22.5101730028075,0.36456754892922116,0.3027636046641489,1.0,cross_class near-pair set (not b5-387); heston_GB; measured moments have sampling error
tree_percell,heston_GB/12-36/call_1.1,0.2303571081637365,-4.237263358457011,23.696157371570553,0.36245468529022234,0.2673082407477184,1.0,cross_class near-pair set (not b5-387); heston_GB; measured moments have sampling error
tree_percell,heston_GB/12-36/digital_1.0,0.0769139824934071,-2.256908506695473,24.19907884951217,0.3813545905174536,0.03233694776326708,1.0,cross_class near-pair set (not b5-387); heston_GB; measured moments have sampling error
tree_percell,heston_GB/12-37/call_0.9,0.3531204839192239,-3.3394257659880973,14.424663436926657,0.4828514097690123,0.7083681770724948,1.0,cross_class near-pair set (not b5-387); heston_GB; measured moments have sampling error
tree_percell,heston_GB/12-37/call_1.0,0.3564859445405563,-3.370916683965725,14.370445654077209,0.4811650958076681,0.7153508722054818,1.0,cross_class near-pair set (not b5-387); heston_GB; measured moments have sampling error
tree_percell,heston_GB/12-37/call_1.1,0.35882268457060734,-3.40821884177277,14.398791599346481,0.4793384308424486,0.7189063472173555,1.0,cross_class near-pair set (not b5-387); heston_GB; measured moments have sampling error
tree_percell,heston_GB/12-37/digital_1.0,0.19594329025457674,-2.4156438127554347,12.419331063530313,0.48398236959334495,0.5969576633873858,1.0,cross_class near-pair set (not b5-387); heston_GB; measured moments have sampling error
tree_percell,heston_GB/12-38/call_0.9,0.3531204839192239,-3.3394257659880973,14.424663436926657,0.4828514097690123,0.7083681770724948,1.0,cross_class near-pair set (not b5-387); heston_GB; measured moments have sampling error
tree_percell,heston_GB/12-38/call_1.0,0.3564859445405563,-3.370916683965725,14.370445654077209,0.4811650958076681,0.7153508722054818,1.0,cross_class near-pair set (not b5-387); heston_GB; measured moments have sampling error
tree_percell,heston_GB/12-38/call_1.1,0.35882268457060734,-3.40821884177277,14.398791599346481,0.4793384308424486,0.7189063472173555,1.0,cross_class near-pair set (not b5-387); heston_GB; measured moments have sampling error
tree_percell,heston_GB/12-38/digital_1.0,0.19594329025457674,-2.4156438127554347,12.419331063530313,0.48398236959334495,0.5969576633873858,1.0,cross_class near-pair set (not b5-387); heston_GB; measured moments have sampling error
tree_percell,heston_GB/12-39/call_0.9,0.3500664684464699,-3.303397584379605,14.216663896589946,0.49706131280219906,0.7099928973508939,1.0,cross_class near-pair set (not b5-387); heston_GB; measured moments have sampling error
tree_percell,heston_GB/12-39/call_1.0,0.3538368646169434,-3.3361881232716804,14.173934828784247,0.4951227751363588,0.717046805096198,1.0,cross_class near-pair set (not b5-387); heston_GB; measured moments have sampling error
tree_percell,heston_GB/12-39/call_1.1,0.3565276719092457,-3.374195378048386,14.208627559908237,0.4930681428121279,0.720763615662757,1.0,cross_class near-pair set (not b5-387); heston_GB; measured moments have sampling error
tree_percell,heston_GB/12-39/digital_1.0,0.18811005359346286,-2.368994221847749,12.000808482347312,0.5068717922336811,0.6060382309710572,1.0,cross_class near-pair set (not b5-387); heston_GB; measured moments have sampling error
tree_percell,heston_GB/12-40/call_0.9,0.36313103162116317,-3.690555262796825,15.60645726976616,0.46317940445959277,0.700160046760047,1.0,cross_class near-pair set (not b5-387); heston_GB; measured moments have sampling error
tree_percell,heston_GB/12-40/call_1.0,0.3678290142805069,-3.6711753885512213,15.284730081695354,0.46279677274187514,0.7147464496929418,1.0,cross_class near-pair set (not b5-387); heston_GB; measured moments have sampling error
tree_percell,heston_GB/12-40/call_1.1,0.37118420268417623,-3.6631919207644414,15.119238486780997,0.46230612510509794,0.7233614233165173,1.0,cross_class near-pair set (not b5-387); heston_GB; measured moments have sampling error
tree_percell,heston_GB/12-40/digital_1.0,0.18807935840347226,-2.6448647055342676,14.11649067810102,0.4711671151163182,0.5322686725104474,1.0,cross_class near-pair set (not b5-387); heston_GB; measured moments have sampling error
tree_percell,heston_GB/12-41/call_0.9,0.3548037002094185,-3.3380045247761228,14.424959297876452,0.4845922148752426,0.7100793334060241,1.0,cross_class near-pair set (not b5-387); heston_GB; measured moments have sampling error
tree_percell,heston_GB/12-41/call_1.0,0.3578215726747836,-3.3703375017028945,14.373635560780574,0.482545326128085,0.7166447270495385,1.0,cross_class near-pair set (not b5-387); heston_GB; measured moments have sampling error
tree_percell,heston_GB/12-41/call_1.1,0.3598625856479209,-3.4081297758551408,14.40312263200039,0.48041255859114124,0.7198801780352534,1.0,cross_class near-pair set (not b5-387); heston_GB; measured moments have sampling error
tree_percell,heston_GB/12-41/digital_1.0,0.20133397546100287,-2.3865347914080797,12.230019133463289,0.4895553778834187,0.6072893228628781,1.0,cross_class near-pair set (not b5-387); heston_GB; measured moments have sampling error
tree_percell,heston_GB/12-42/call_0.9,0.36154289896246955,-3.63954201624536,15.335981498058107,0.4813708792027045,0.7042258792521985,1.0,cross_class near-pair set (not b5-387); heston_GB; measured moments have sampling error
tree_percell,heston_GB/12-42/call_1.0,0.3663179048068599,-3.623852079031159,15.03777815849751,0.4802506295090217,0.718291401364743,1.0,cross_class near-pair set (not b5-387); heston_GB; measured moments have sampling error
tree_percell,heston_GB/12-42/call_1.1,0.3697473569957019,-3.6182384248196104,14.885942402433368,0.4791302473557489,0.7266427882856621,1.0,cross_class near-pair set (not b5-387); heston_GB; measured moments have sampling error
tree_percell,heston_GB/12-42/digital_1.0,0.184857960606833,-2.529651053175425,13.191768071436694,0.5055454031160423,0.5621962416531084,1.0,cross_class near-pair set (not b5-387); heston_GB; measured moments have sampling error
tree_percell,heston_GB/13-19/call_0.9,0.0032395042217932563,5.356526113041023,99.30613536525462,0.17279863996188335,-3.140560845697927,1.0,cross_class near-pair set (not b5-387); heston_GB; measured moments have sampling error
tree_percell,heston_GB/13-19/call_1.0,0.016514627682312853,6.962991485637386,106.53549121125047,0.17844223346938856,-3.455718015274231,1.0,cross_class near-pair set (not b5-387); heston_GB; measured moments have sampling error
tree_percell,heston_GB/13-19/call_1.1,0.028618974276379213,8.101570028084296,112.17276374275134,0.18299029570740277,-3.7048256315045918,1.0,cross_class near-pair set (not b5-387); heston_GB; measured moments have sampling error
tree_percell,heston_GB/13-19/digital_1.0,0.07263868114980766,-6.2205696884098325,97.82707677145841,0.17840524858630244,-2.958389278335466,1.0,cross_class near-pair set (not b5-387); heston_GB; measured moments have sampling error
tree_percell,heston_GB/13-20/call_0.9,0.0032395042217932563,5.356526113041023,99.30613536525462,0.17279863996188335,-3.140560845697927,1.0,cross_class near-pair set (not b5-387); heston_GB; measured moments have sampling error
tree_percell,heston_GB/13-20/call_1.0,0.016514627682312853,6.962991485637386,106.53549121125047,0.17844223346938856,-3.455718015274231,1.0,cross_class near-pair set (not b5-387); heston_GB; measured moments have sampling error
tree_percell,heston_GB/13-20/call_1.1,0.028618974276379213,8.101570028084296,112.17276374275134,0.18299029570740277,-3.7048256315045918,1.0,cross_class near-pair set (not b5-387); heston_GB; measured moments have sampling error
tree_percell,heston_GB/13-20/digital_1.0,0.07263868114980766,-6.2205696884098325,97.82707677145841,0.17840524858630244,-2.958389278335466,1.0,cross_class near-pair set (not b5-387); heston_GB; measured moments have sampling error
tree_percell,heston_GB/13-21/call_0.9,0.0038197797173881894,5.2844230345473955,97.46181386798666,0.18076940830003513,-3.064154582362515,1.0,cross_class near-pair set (not b5-387); heston_GB; measured moments have sampling error
tree_percell,heston_GB/13-21/call_1.0,0.010476449577453733,6.896120476835354,105.12085493820156,0.18529738492648695,-3.3911140616008386,1.0,cross_class near-pair set (not b5-387); heston_GB; measured moments have sampling error
tree_percell,heston_GB/13-21/call_1.1,0.023590360652750445,8.048635612705343,111.15384783422238,0.18875045689679373,-3.657885341110468,1.0,cross_class near-pair set (not b5-387); heston_GB; measured moments have sampling error
tree_percell,heston_GB/13-21/digital_1.0,0.08340028621786623,-6.007570549674874,92.61137388590237,0.1905764430647382,-2.722508950555639,1.0,cross_class near-pair set (not b5-387); heston_GB; measured moments have sampling error
tree_percell,heston_GB/13-22/call_0.9,0.004099825877846771,4.331194949230279,76.21436846153019,0.24545253077246326,-2.1784514072769627,1.0,cross_class near-pair set (not b5-387); heston_GB; measured moments have sampling error
tree_percell,heston_GB/13-22/call_1.0,0.01656302487383553,5.5709251728661355,80.4807293590023,0.2517886028467796,-2.366898605804193,1.0,cross_class near-pair set (not b5-387); heston_GB; measured moments have sampling error
tree_percell,heston_GB/13-22/call_1.1,0.027681005736371934,6.37950638091204,83.08171203430571,0.2567688162401448,-2.4858456747414444,1.0,cross_class near-pair set (not b5-387); heston_GB; measured moments have sampling error
tree_percell,heston_GB/13-22/digital_1.0,0.06856176682235302,-5.424987665852087,80.05379990080938,0.24708979341825008,-2.242637657659324,1.0,cross_class near-pair set (not b5-387); heston_GB; measured moments have sampling error
tree_percell,heston_GB/13-32/call_0.9,0.06962661842005495,0.3746299847756296,58.308774853174576,0.2309932363616046,-1.4103974235210441,1.0,cross_class near-pair set (not b5-387); heston_GB; measured moments have sampling error
tree_percell,heston_GB/13-32/call_1.0,0.06332353224471737,0.609209560868894,60.38541652408577,0.23640333901057245,-1.502351975089009,1.0,cross_class near-pair set (not b5-387); heston_GB; measured moments have sampling error
tree_percell,heston_GB/13-32/call_1.1,0.05807303417903316,0.5586285153199946,61.77646138376552,0.24050952501545234,-1.5620949513676035,1.0,cross_class near-pair set (not b5-387); heston_GB; measured moments have sampling error
tree_percell,heston_GB/13-32/digital_1.0,0.09592506771945353,-5.631555381101014,81.6764711211875,0.21723440810803923,-2.2518229384536954,1.0,cross_class near-pair set (not b5-387); heston_GB; measured moments have sampling error
tree_percell,heston_GB/13-33/call_0.9,0.19750160079080187,-4.079078354915352,26.539398415883173,0.34297903961485493,0.10689055143608238,1.0,cross_class near-pair set (not b5-387); heston_GB; measured moments have sampling error
tree_percell,heston_GB/13-33/call_1.0,0.19742270756281965,-4.379037013382305,28.940418564981115,0.33943209125101453,0.023782030800545518,1.0,cross_class near-pair set (not b5-387); heston_GB; measured moments have sampling error
tree_percell,heston_GB/13-33/call_1.1,0.19749432067165243,-4.62129807082638,30.73277616668223,0.3357565391369277,-0.03747709488141388,1.0,cross_class near-pair set (not b5-387); heston_GB; measured moments have sampling error
tree_percell,heston_GB/13-33/digital_1.0,0.09686360050089779,-3.145781519056783,32.754220577546015,0.34582992604067614,-0.2890366159223283,1.0,cross_class near-pair set (not b5-387); heston_GB; measured moments have sampling error
tree_percell,heston_GB/13-34/call_0.9,0.2263657066952539,-3.83519484157017,20.873945626090517,0.36775038204754174,0.35322571163950994,1.0,cross_class near-pair set (not b5-387); heston_GB; measured moments have sampling error
tree_percell,heston_GB/13-34/call_1.0,0.228528275555956,-4.0603391665455675,22.5101730028075,0.36456754892922116,0.3027636046641489,1.0,cross_class near-pair set (not b5-387); heston_GB; measured moments have sampling error
tree_percell,heston_GB/13-34/call_1.1,0.2303571081637365,-4.237263358457011,23.696157371570553,0.36245468529022234,0.2673082407477184,1.0,cross_class near-pair set (not b5-387); heston_GB; measured moments have sampling error
tree_percell,heston_GB/13-34/digital_1.0,0.0769139824934071,-2.256908506695473,24.19907884951217,0.3813545905174536,0.03233694776326708,1.0,cross_class near-pair set (not b5-387); heston_GB; measured moments have sampling error
tree_percell,heston_GB/13-35/call_0.9,0.2263657066952539,-3.83519484157017,20.873945626090517,0.36775038204754174,0.35322571163950994,1.0,cross_class near-pair set (not b5-387); heston_GB; measured moments have sampling error
tree_percell,heston_GB/13-35/call_1.0,0.228528275555956,-4.0603391665455675,22.5101730028075,0.36456754892922116,0.3027636046641489,1.0,cross_class near-pair set (not b5-387); heston_GB; measured moments have sampling error
tree_percell,heston_GB/13-35/call_1.1,0.2303571081637365,-4.237263358457011,23.696157371570553,0.36245468529022234,0.2673082407477184,1.0,cross_class near-pair set (not b5-387); heston_GB; measured moments have sampling error
tree_percell,heston_GB/13-35/digital_1.0,0.0769139824934071,-2.256908506695473,24.19907884951217,0.3813545905174536,0.03233694776326708,1.0,cross_class near-pair set (not b5-387); heston_GB; measured moments have sampling error
tree_percell,heston_GB/13-36/call_0.9,0.2263657066952539,-3.83519484157017,20.873945626090517,0.36775038204754174,0.35322571163950994,1.0,cross_class near-pair set (not b5-387); heston_GB; measured moments have sampling error
tree_percell,heston_GB/13-36/call_1.0,0.228528275555956,-4.0603391665455675,22.5101730028075,0.36456754892922116,0.3027636046641489,1.0,cross_class near-pair set (not b5-387); heston_GB; measured moments have sampling error
tree_percell,heston_GB/13-36/call_1.1,0.2303571081637365,-4.237263358457011,23.696157371570553,0.36245468529022234,0.2673082407477184,1.0,cross_class near-pair set (not b5-387); heston_GB; measured moments have sampling error
tree_percell,heston_GB/13-36/digital_1.0,0.0769139824934071,-2.256908506695473,24.19907884951217,0.3813545905174536,0.03233694776326708,1.0,cross_class near-pair set (not b5-387); heston_GB; measured moments have sampling error
tree_percell,heston_GB/13-37/call_0.9,0.3531204839192239,-3.3394257659880973,14.424663436926657,0.4828514097690123,0.7083681770724948,1.0,cross_class near-pair set (not b5-387); heston_GB; measured moments have sampling error
tree_percell,heston_GB/13-37/call_1.0,0.3564859445405563,-3.370916683965725,14.370445654077209,0.4811650958076681,0.7153508722054818,1.0,cross_class near-pair set (not b5-387); heston_GB; measured moments have sampling error
tree_percell,heston_GB/13-37/call_1.1,0.35882268457060734,-3.40821884177277,14.398791599346481,0.4793384308424486,0.7189063472173555,1.0,cross_class near-pair set (not b5-387); heston_GB; measured moments have sampling error
tree_percell,heston_GB/13-37/digital_1.0,0.19594329025457674,-2.4156438127554347,12.419331063530313,0.48398236959334495,0.5969576633873858,1.0,cross_class near-pair set (not b5-387); heston_GB; measured moments have sampling error
tree_percell,heston_GB/13-38/call_0.9,0.3531204839192239,-3.3394257659880973,14.424663436926657,0.4828514097690123,0.7083681770724948,1.0,cross_class near-pair set (not b5-387); heston_GB; measured moments have sampling error
tree_percell,heston_GB/13-38/call_1.0,0.3564859445405563,-3.370916683965725,14.370445654077209,0.4811650958076681,0.7153508722054818,1.0,cross_class near-pair set (not b5-387); heston_GB; measured moments have sampling error
tree_percell,heston_GB/13-38/call_1.1,0.35882268457060734,-3.40821884177277,14.398791599346481,0.4793384308424486,0.7189063472173555,1.0,cross_class near-pair set (not b5-387); heston_GB; measured moments have sampling error
tree_percell,heston_GB/13-38/digital_1.0,0.19594329025457674,-2.4156438127554347,12.419331063530313,0.48398236959334495,0.5969576633873858,1.0,cross_class near-pair set (not b5-387); heston_GB; measured moments have sampling error
tree_percell,heston_GB/13-39/call_0.9,0.3500664684464699,-3.303397584379605,14.216663896589946,0.49706131280219906,0.7099928973508939,1.0,cross_class near-pair set (not b5-387); heston_GB; measured moments have sampling error
tree_percell,heston_GB/13-39/call_1.0,0.3538368646169434,-3.3361881232716804,14.173934828784247,0.4951227751363588,0.717046805096198,1.0,cross_class near-pair set (not b5-387); heston_GB; measured moments have sampling error
tree_percell,heston_GB/13-39/call_1.1,0.3565276719092457,-3.374195378048386,14.208627559908237,0.4930681428121279,0.720763615662757,1.0,cross_class near-pair set (not b5-387); heston_GB; measured moments have sampling error
tree_percell,heston_GB/13-39/digital_1.0,0.18811005359346286,-2.368994221847749,12.000808482347312,0.5068717922336811,0.6060382309710572,1.0,cross_class near-pair set (not b5-387); heston_GB; measured moments have sampling error
tree_percell,heston_GB/13-40/call_0.9,0.36313103162116317,-3.690555262796825,15.60645726976616,0.46317940445959277,0.700160046760047,1.0,cross_class near-pair set (not b5-387); heston_GB; measured moments have sampling error
tree_percell,heston_GB/13-40/call_1.0,0.3678290142805069,-3.6711753885512213,15.284730081695354,0.46279677274187514,0.7147464496929418,1.0,cross_class near-pair set (not b5-387); heston_GB; measured moments have sampling error
tree_percell,heston_GB/13-40/call_1.1,0.37118420268417623,-3.6631919207644414,15.119238486780997,0.46230612510509794,0.7233614233165173,1.0,cross_class near-pair set (not b5-387); heston_GB; measured moments have sampling error
tree_percell,heston_GB/13-40/digital_1.0,0.18807935840347226,-2.6448647055342676,14.11649067810102,0.4711671151163182,0.5322686725104474,1.0,cross_class near-pair set (not b5-387); heston_GB; measured moments have sampling error
tree_percell,heston_GB/13-41/call_0.9,0.3548037002094185,-3.3380045247761228,14.424959297876452,0.4845922148752426,0.7100793334060241,1.0,cross_class near-pair set (not b5-387); heston_GB; measured moments have sampling error
tree_percell,heston_GB/13-41/call_1.0,0.3578215726747836,-3.3703375017028945,14.373635560780574,0.482545326128085,0.7166447270495385,1.0,cross_class near-pair set (not b5-387); heston_GB; measured moments have sampling error
tree_percell,heston_GB/13-41/call_1.1,0.3598625856479209,-3.4081297758551408,14.40312263200039,0.48041255859114124,0.7198801780352534,1.0,cross_class near-pair set (not b5-387); heston_GB; measured moments have sampling error
tree_percell,heston_GB/13-41/digital_1.0,0.20133397546100287,-2.3865347914080797,12.230019133463289,0.4895553778834187,0.6072893228628781,1.0,cross_class near-pair set (not b5-387); heston_GB; measured moments have sampling error
tree_percell,heston_GB/13-42/call_0.9,0.36154289896246955,-3.63954201624536,15.335981498058107,0.4813708792027045,0.7042258792521985,1.0,cross_class near-pair set (not b5-387); heston_GB; measured moments have sampling error
tree_percell,heston_GB/13-42/call_1.0,0.3663179048068599,-3.623852079031159,15.03777815849751,0.4802506295090217,0.718291401364743,1.0,cross_class near-pair set (not b5-387); heston_GB; measured moments have sampling error
tree_percell,heston_GB/13-42/call_1.1,0.3697473569957019,-3.6182384248196104,14.885942402433368,0.4791302473557489,0.7266427882856621,1.0,cross_class near-pair set (not b5-387); heston_GB; measured moments have sampling error
tree_percell,heston_GB/13-42/digital_1.0,0.184857960606833,-2.529651053175425,13.191768071436694,0.5055454031160423,0.5621962416531084,1.0,cross_class near-pair set (not b5-387); heston_GB; measured moments have sampling error
tree_percell,heston_GB/13-45/call_0.9,0.3918519891188101,-3.240882479253897,12.213215010057224,0.5134189453289515,0.8113997786050756,1.0,cross_class near-pair set (not b5-387); heston_GB; measured moments have sampling error
tree_percell,heston_GB/13-45/call_1.0,0.3978328478444442,-3.2425084454937023,12.105872956480153,0.5140851579978745,0.820393178188675,1.0,cross_class near-pair set (not b5-387); heston_GB; measured moments have sampling error
tree_percell,heston_GB/13-45/call_1.1,0.40273599135254523,-3.2465502924211345,11.999285008479461,0.5144123685045544,0.8284237790133374,1.0,cross_class near-pair set (not b5-387); heston_GB; measured moments have sampling error
tree_percell,heston_GB/13-45/digital_1.0,0.2160304456061715,-2.0399287702670814,9.207082965362229,0.5339873214411569,0.7209504462534306,1.0,cross_class near-pair set (not b5-387); heston_GB; measured moments have sampling error
tree_percell,heston_GB/14-45/call_0.9,0.39523275392034724,-3.3372405136948617,12.633507073381411,0.5096901987140174,0.8073701413309852,1.0,cross_class near-pair set (not b5-387); heston_GB; measured moments have sampling error
tree_percell,heston_GB/14-45/call_1.0,0.40073060717395326,-3.327144328216017,12.492219270928079,0.5103633301709704,0.8164043379319454,1.0,cross_class near-pair set (not b5-387); heston_GB; measured moments have sampling error
tree_percell,heston_GB/14-45/call_1.1,0.40498725557057924,-3.316801425236312,12.34229167781631,0.5108406969080288,0.824391386950706,1.0,cross_class near-pair set (not b5-387); heston_GB; measured moments have sampling error
tree_percell,heston_GB/14-45/digital_1.0,0.22690812963741566,-2.4414133906404083,9.720391585391162,0.5343923101753875,0.7226917425186362,1.0,cross_class near-pair set (not b5-387); heston_GB; measured moments have sampling error
tree_percell,heston_GB/19-21/call_0.9,0.07100328832626786,-14.035793451914543,195.00401098026313,0.08876576417887345,-6.878321337561298,1.0,cross_class near-pair set (not b5-387); heston_GB; measured moments have sampling error
tree_percell,heston_GB/19-21/call_1.0,0.07100528817117673,-14.035791524039904,195.00397502514556,0.08876825175060583,-6.878310692878361,1.0,cross_class near-pair set (not b5-387); heston_GB; measured moments have sampling error
tree_percell,heston_GB/19-21/call_1.1,0.07100783157494168,-14.035789021877775,195.0039283579946,0.08877141544406374,-6.878297116635087,1.0,cross_class near-pair set (not b5-387); heston_GB; measured moments have sampling error
tree_percell,heston_GB/19-21/digital_1.0,0.07099764624705025,-14.03579871199362,195.004109076182,0.08875874609056635,-6.878351232539908,1.0,cross_class near-pair set (not b5-387); heston_GB; measured moments have sampling error
tree_percell,heston_GB/19-22/call_0.9,0.0028000115547459664,0.11927396293171098,43.08745861975491,0.24550535861748077,-0.7953382862777499,1.0,cross_class near-pair set (not b5-387); heston_GB; measured moments have sampling error
tree_percell,heston_GB/19-22/call_1.0,0.002980848315484051,0.31019923598520277,46.35146510108499,0.24341091144913038,-0.9314308330804222,1.0,cross_class near-pair set (not b5-387); heston_GB; measured moments have sampling error
tree_percell,heston_GB/19-22/call_1.1,0.0028323688786838865,0.3821426034023634,48.33800121851187,0.24018411161184247,-1.014231462459866,1.0,cross_class near-pair set (not b5-387); heston_GB; measured moments have sampling error
tree_percell,heston_GB/19-22/digital_1.0,0.001806835542756162,-2.410428282658448,33.96027517252107,0.2608404023546934,-0.4142763542865739,1.0,cross_class near-pair set (not b5-387); heston_GB; measured moments have sampling error
tree_percell,heston_GB/19-23/call_0.9,0.12490710987198043,6.081403933882626,48.29525410317601,0.2289261197721633,-1.0749664409484698,1.0,cross_class near-pair set (not b5-387); heston_GB; measured moments have sampling error
tree_percell,heston_GB/19-23/call_1.0,0.14368337383038968,5.8795197262445,40.981172101124244,0.23739691795224876,-0.7761725345678522,1.0,cross_class near-pair set (not b5-387); heston_GB; measured moments have sampling error
tree_percell,heston_GB/19-23/call_1.1,0.15835991454132564,5.714026152902312,35.98848464021052,0.24345292454312775,-0.5729499235569628,1.0,cross_class near-pair set (not b5-387); heston_GB; measured moments have sampling error
tree_percell,heston_GB/19-23/digital_1.0,0.03287477900027272,2.652221391475459,49.6990685274407,0.23975925127875847,-1.0808386948542514,1.0,cross_class near-pair set (not b5-387); heston_GB; measured moments have sampling error
tree_percell,heston_GB/19-32/call_0.9,0.11706668379956735,-10.646718607225527,127.93990212371455,0.17343812638353448,-3.981461287855609,1.0,cross_class near-pair set (not b5-387); heston_GB; measured moments have sampling error
tree_percell,heston_GB/19-32/call_1.0,0.11865784601507914,-10.613197488425376,127.31694856095098,0.1739501790745265,-3.9502658487167346,1.0,cross_class near-pair set (not b5-387); heston_GB; measured moments have sampling error
tree_percell,heston_GB/19-32/call_1.1,0.1200922739587461,-10.584745841435792,126.75737315896447,0.1743236513363465,-3.92219713968412,1.0,cross_class near-pair set (not b5-387); heston_GB; measured moments have sampling error
tree_percell,heston_GB/19-32/digital_1.0,0.085556828214036,-9.623346953401573,109.18579737383949,0.18080438687784978,-3.3469852885366604,1.0,cross_class near-pair set (not b5-387); heston_GB; measured moments have sampling error
tree_percell,heston_GB/19-33/call_0.9,0.2132965661629767,-5.472614268482233,33.37729526411827,0.3070587220381169,-0.08288081099885408,1.0,cross_class near-pair set (not b5-387); heston_GB; measured moments have sampling error
tree_percell,heston_GB/19-33/call_1.0,0.21542396217322424,-5.617510796386734,35.286309493075684,0.303041264154475,-0.14631253312822282,1.0,cross_class near-pair set (not b5-387); heston_GB; measured moments have sampling error
tree_percell,heston_GB/19-33/call_1.1,0.21722702734222166,-5.71434084340275,36.56665046893092,0.29952301590263924,-0.18788652027118474,1.0,cross_class near-pair set (not b5-387); heston_GB; measured moments have sampling error
tree_percell,heston_GB/19-33/digital_1.0,0.06353772116067312,-2.5638542660926436,28.652056136575307,0.32500223791513877,-0.15718795670773053,1.0,cross_class near-pair set (not b5-387); heston_GB; measured moments have sampling error
tree_percell,heston_GB/19-34/call_0.9,0.2401763574270691,-4.819606587590764,24.959078929887013,0.33883293900989575,0.2566671556067758,1.0,cross_class near-pair set (not b5-387); heston_GB; measured moments have sampling error
tree_percell,heston_GB/19-34/call_1.0,0.24438185941620236,-4.925435082174051,26.234459943406673,0.33590996049648203,0.2202986869553642,1.0,cross_class near-pair set (not b5-387); heston_GB; measured moments have sampling error
tree_percell,heston_GB/19-34/call_1.1,0.24775988420806716,-4.991977518205773,27.070896923480593,0.33449174820657757,0.19769061250150274,1.0,cross_class near-pair set (not b5-387); heston_GB; measured moments have sampling error
tree_percell,heston_GB/19-34/digital_1.0,0.037873526939460736,-1.2164506436788927,20.21723781191015,0.36027563553856706,0.16769638818173419,1.0,cross_class near-pair set (not b5-387); heston_GB; measured moments have sampling error
tree_percell,heston_GB/19-35/call_0.9,0.2401763574270691,-4.819606587590764,24.959078929887013,0.33883293900989575,0.2566671556067758,1.0,cross_class near-pair set (not b5-387); heston_GB; measured moments have sampling error
tree_percell,heston_GB/19-35/call_1.0,0.24438185941620236,-4.925435082174051,26.234459943406673,0.33590996049648203,0.2202986869553642,1.0,cross_class near-pair set (not b5-387); heston_GB; measured moments have sampling error
tree_percell,heston_GB/19-35/call_1.1,0.24775988420806716,-4.991977518205773,27.070896923480593,0.33449174820657757,0.19769061250150274,1.0,cross_class near-pair set (not b5-387); heston_GB; measured moments have sampling error
tree_percell,heston_GB/19-35/digital_1.0,0.037873526939460736,-1.2164506436788927,20.21723781191015,0.36027563553856706,0.16769638818173419,1.0,cross_class near-pair set (not b5-387); heston_GB; measured moments have sampling error
tree_percell,heston_GB/19-36/call_0.9,0.2401763574270691,-4.819606587590764,24.959078929887013,0.33883293900989575,0.2566671556067758,1.0,cross_class near-pair set (not b5-387); heston_GB; measured moments have sampling error
tree_percell,heston_GB/19-36/call_1.0,0.24438185941620236,-4.925435082174051,26.234459943406673,0.33590996049648203,0.2202986869553642,1.0,cross_class near-pair set (not b5-387); heston_GB; measured moments have sampling error
tree_percell,heston_GB/19-36/call_1.1,0.24775988420806716,-4.991977518205773,27.070896923480593,0.33449174820657757,0.19769061250150274,1.0,cross_class near-pair set (not b5-387); heston_GB; measured moments have sampling error
tree_percell,heston_GB/19-36/digital_1.0,0.037873526939460736,-1.2164506436788927,20.21723781191015,0.36027563553856706,0.16769638818173419,1.0,cross_class near-pair set (not b5-387); heston_GB; measured moments have sampling error
tree_percell,heston_GB/19-37/call_0.9,0.3625088162352949,-3.7083600805911794,15.780586321354566,0.4628530351584572,0.6948403144786569,1.0,cross_class near-pair set (not b5-387); heston_GB; measured moments have sampling error
tree_percell,heston_GB/19-37/call_1.0,0.3671990548207238,-3.6884596286937628,15.448862910978306,0.4624407363766647,0.7097653290886108,1.0,cross_class near-pair set (not b5-387); heston_GB; measured moments have sampling error
tree_percell,heston_GB/19-37/call_1.1,0.37054236761705467,-3.680086465479432,15.275821563654464,0.4619206006910694,0.7186216294033041,1.0,cross_class near-pair set (not b5-387); heston_GB; measured moments have sampling error
tree_percell,heston_GB/19-37/digital_1.0,0.1871284354070623,-2.6505473145157676,14.289299448571615,0.4712193675846176,0.5249568411474904,1.0,cross_class near-pair set (not b5-387); heston_GB; measured moments have sampling error
tree_percell,heston_GB/19-38/call_0.9,0.3625088162352949,-3.7083600805911794,15.780586321354566,0.4628530351584572,0.6948403144786569,1.0,cross_class near-pair set (not b5-387); heston_GB; measured moments have sampling error
tree_percell,heston_GB/19-38/call_1.0,0.3671990548207238,-3.6884596286937628,15.448862910978306,0.4624407363766647,0.7097653290886108,1.0,cross_class near-pair set (not b5-387); heston_GB; measured moments have sampling error
tree_percell,heston_GB/19-38/call_1.1,0.37054236761705467,-3.680086465479432,15.275821563654464,0.4619206006910694,0.7186216294033041,1.0,cross_class near-pair set (not b5-387); heston_GB; measured moments have sampling error
tree_percell,heston_GB/19-38/digital_1.0,0.1871284354070623,-2.6505473145157676,14.289299448571615,0.4712193675846176,0.5249568411474904,1.0,cross_class near-pair set (not b5-387); heston_GB; measured moments have sampling error
tree_percell,heston_GB/19-39/call_0.9,0.3590908880557595,-3.657127562622443,15.501828550414182,0.4793885891310549,0.6970403714287315,1.0,cross_class near-pair set (not b5-387); heston_GB; measured moments have sampling error
tree_percell,heston_GB/19-39/call_1.0,0.3642184966446371,-3.640172380801305,15.190936543373411,0.47860728439372446,0.7119284328247951,1.0,cross_class near-pair set (not b5-387); heston_GB; measured moments have sampling error
tree_percell,heston_GB/19-39/call_1.1,0.36794130170041095,-3.6337948266873163,15.030713915862979,0.47776772171035486,0.7208830726313467,1.0,cross_class near-pair set (not b5-387); heston_GB; measured moments have sampling error
tree_percell,heston_GB/19-39/digital_1.0,0.17768361280472048,-2.5715608092006272,13.623045973334204,0.4996617205039492,0.541089842046802,1.0,cross_class near-pair set (not b5-387); heston_GB; measured moments have sampling error
tree_percell,heston_GB/19-40/call_0.9,0.3544324723666312,-3.413495646718279,13.949435508888861,0.48760358682739385,0.7289438887634961,1.0,cross_class near-pair set (not b5-387); heston_GB; measured moments have sampling error
tree_percell,heston_GB/19-40/call_1.0,0.3628635848987937,-3.438555635603469,13.800292835160487,0.486614742743143,0.7438951501618047,1.0,cross_class near-pair set (not b5-387); heston_GB; measured moments have sampling error
tree_percell,heston_GB/19-40/call_1.1,0.36916098531107744,-3.46063112420976,13.769091339594869,0.4853892394859731,0.7526741342363579,1.0,cross_class near-pair set (not b5-387); heston_GB; measured moments have sampling error
tree_percell,heston_GB/19-40/digital_1.0,0.1287971309421409,-0.9201861059790291,14.489476551458857,0.4834740921986533,0.43545676092552277,1.0,cross_class near-pair set (not b5-387); heston_GB; measured moments have sampling error
tree_percell,heston_GB/19-41/call_0.9,0.3642394723698695,-3.7073642597425565,15.780875300705919,0.46463290981659217,0.6968116299077777,1.0,cross_class near-pair set (not b5-387); heston_GB; measured moments have sampling error
tree_percell,heston_GB/19-41/call_1.0,0.3685687810184688,-3.6882768240020565,15.452530807336668,0.46384516411073057,0.7112252287099484,1.0,cross_class near-pair set (not b5-387); heston_GB; measured moments have sampling error
tree_percell,heston_GB/19-41/call_1.1,0.37160669427423954,-3.6803265336105087,15.280768063549498,0.46300943168871556,0.7197017298857842,1.0,cross_class near-pair set (not b5-387); heston_GB; measured moments have sampling error
tree_percell,heston_GB/19-41/digital_1.0,0.19330948169991363,-2.6117546972551313,13.997336626606216,0.47747962576813824,0.540118743142358,1.0,cross_class near-pair set (not b5-387); heston_GB; measured moments have sampling error
tree_percell,heston_GB/19-43/call_0.9,0.46972881420239715,-3.087544835115585,10.589695924030606,0.5651666829441114,0.9174520954733482,1.0,cross_class near-pair set (not b5-387); heston_GB; measured moments have sampling error
tree_percell,heston_GB/19-43/call_1.0,0.4685169939114954,-3.10880490098906,10.702089138205372,0.5615729972221394,0.9148404159592146,1.0,cross_class near-pair set (not b5-387); heston_GB; measured moments have sampling error
tree_percell,heston_GB/19-43/call_1.1,0.46725142854478857,-3.1221614586693933,10.761742284230396,0.5586616831226779,0.9130563826730613,1.0,cross_class near-pair set (not b5-387); heston_GB; measured moments have sampling error
tree_percell,heston_GB/19-43/digital_1.0,0.3890385182306073,-2.223077791080199,7.577313049076212,0.6217214812987096,0.8932105060939479,1.0,cross_class near-pair set (not b5-387); heston_GB; measured moments have sampling error
tree_percell,heston_GB/19-44/call_0.9,0.3816884618681242,-3.2838837245685735,12.541074323811543,0.5359760209663461,0.7939984945553742,1.0,cross_class near-pair set (not b5-387); heston_GB; measured moments have sampling error
tree_percell,heston_GB/19-44/call_1.0,0.3894991628109724,-3.283347383411108,12.43741563670317,0.5353746000058301,0.8047097796157773,1.0,cross_class near-pair set (not b5-387); heston_GB; measured moments have sampling error
tree_percell,heston_GB/19-44/call_1.1,0.39553967578962734,-3.27902445538835,12.311882226042327,0.5346934298495251,0.814080716321477,1.0,cross_class near-pair set (not b5-387); heston_GB; measured moments have sampling error
tree_percell,heston_GB/19-44/digital_1.0,0.17926696424074462,-2.032277365734682,8.88362520556082,0.5750105530183446,0.7118252115699828,1.0,cross_class near-pair set (not b5-387); heston_GB; measured moments have sampling error
tree_percell,heston_GB/19-46/call_0.9,0.38754040058668604,-3.323600636904913,12.71190906330084,0.5208727552344201,0.796670722669239,1.0,cross_class near-pair set (not b5-387); heston_GB; measured moments have sampling error
tree_percell,heston_GB/19-46/call_1.0,0.3916962408821302,-3.3147019451783564,12.564714969886149,0.5213427254056504,0.804726309318112,1.0,cross_class near-pair set (not b5-387); heston_GB; measured moments have sampling error
tree_percell,heston_GB/19-46/call_1.1,0.39477051045148204,-3.3036032329287788,12.40357845609032,0.52197360358302,0.8119628411056448,1.0,cross_class near-pair set (not b5-387); heston_GB; measured moments have sampling error
tree_percell,heston_GB/19-46/digital_1.0,0.2361566132279846,-2.203668297939717,8.88188602409892,0.5658675490984462,0.7514197424427443,1.0,cross_class near-pair set (not b5-387); heston_GB; measured moments have sampling error
tree_percell,heston_GB/20-21/call_0.9,0.07100328832626786,-14.035793451914543,195.00401098026313,0.08876576417887345,-6.878321337561298,1.0,cross_class near-pair set (not b5-387); heston_GB; measured moments have sampling error
tree_percell,heston_GB/20-21/call_1.0,0.07100528817117673,-14.035791524039904,195.00397502514556,0.08876825175060583,-6.878310692878361,1.0,cross_class near-pair set (not b5-387); heston_GB; measured moments have sampling error
tree_percell,heston_GB/20-21/call_1.1,0.07100783157494168,-14.035789021877775,195.0039283579946,0.08877141544406374,-6.878297116635087,1.0,cross_class near-pair set (not b5-387); heston_GB; measured moments have sampling error
tree_percell,heston_GB/20-21/digital_1.0,0.07099764624705025,-14.03579871199362,195.004109076182,0.08875874609056635,-6.878351232539908,1.0,cross_class near-pair set (not b5-387); heston_GB; measured moments have sampling error
tree_percell,heston_GB/20-22/call_0.9,0.0028000115547459664,0.11927396293171098,43.08745861975491,0.24550535861748077,-0.7953382862777499,1.0,cross_class near-pair set (not b5-387); heston_GB; measured moments have sampling error
tree_percell,heston_GB/20-22/call_1.0,0.002980848315484051,0.31019923598520277,46.35146510108499,0.24341091144913038,-0.9314308330804222,1.0,cross_class near-pair set (not b5-387); heston_GB; measured moments have sampling error
tree_percell,heston_GB/20-22/call_1.1,0.0028323688786838865,0.3821426034023634,48.33800121851187,0.24018411161184247,-1.014231462459866,1.0,cross_class near-pair set (not b5-387); heston_GB; measured moments have sampling error
tree_percell,heston_GB/20-22/digital_1.0,0.001806835542756162,-2.410428282658448,33.96027517252107,0.2608404023546934,-0.4142763542865739,1.0,cross_class near-pair set (not b5-387); heston_GB; measured moments have sampling error
tree_percell,heston_GB/20-23/call_0.9,0.12490710987198043,6.081403933882626,48.29525410317601,0.2289261197721633,-1.0749664409484698,1.0,cross_class near-pair set (not b5-387); heston_GB; measured moments have sampling error
tree_percell,heston_GB/20-23/call_1.0,0.14368337383038968,5.8795197262445,40.981172101124244,0.23739691795224876,-0.7761725345678522,1.0,cross_class near-pair set (not b5-387); heston_GB; measured moments have sampling error
tree_percell,heston_GB/20-23/call_1.1,0.15835991454132564,5.714026152902312,35.98848464021052,0.24345292454312775,-0.5729499235569628,1.0,cross_class near-pair set (not b5-387); heston_GB; measured moments have sampling error
tree_percell,heston_GB/20-23/digital_1.0,0.03287477900027272,2.652221391475459,49.6990685274407,0.23975925127875847,-1.0808386948542514,1.0,cross_class near-pair set (not b5-387); heston_GB; measured moments have sampling error
tree_percell,heston_GB/20-32/call_0.9,0.11706668379956735,-10.646718607225527,127.93990212371455,0.17343812638353448,-3.981461287855609,1.0,cross_class near-pair set (not b5-387); heston_GB; measured moments have sampling error
tree_percell,heston_GB/20-32/call_1.0,0.11865784601507914,-10.613197488425376,127.31694856095098,0.1739501790745265,-3.9502658487167346,1.0,cross_class near-pair set (not b5-387); heston_GB; measured moments have sampling error
tree_percell,heston_GB/20-32/call_1.1,0.1200922739587461,-10.584745841435792,126.75737315896447,0.1743236513363465,-3.92219713968412,1.0,cross_class near-pair set (not b5-387); heston_GB; measured moments have sampling error
tree_percell,heston_GB/20-32/digital_1.0,0.085556828214036,-9.623346953401573,109.18579737383949,0.18080438687784978,-3.3469852885366604,1.0,cross_class near-pair set (not b5-387); heston_GB; measured moments have sampling error
tree_percell,heston_GB/20-33/call_0.9,0.2132965661629767,-5.472614268482233,33.37729526411827,0.3070587220381169,-0.08288081099885408,1.0,cross_class near-pair set (not b5-387); heston_GB; measured moments have sampling error
tree_percell,heston_GB/20-33/call_1.0,0.21542396217322424,-5.617510796386734,35.286309493075684,0.303041264154475,-0.14631253312822282,1.0,cross_class near-pair set (not b5-387); heston_GB; measured moments have sampling error
tree_percell,heston_GB/20-33/call_1.1,0.21722702734222166,-5.71434084340275,36.56665046893092,0.29952301590263924,-0.18788652027118474,1.0,cross_class near-pair set (not b5-387); heston_GB; measured moments have sampling error
tree_percell,heston_GB/20-33/digital_1.0,0.06353772116067312,-2.5638542660926436,28.652056136575307,0.32500223791513877,-0.15718795670773053,1.0,cross_class near-pair set (not b5-387); heston_GB; measured moments have sampling error
tree_percell,heston_GB/20-34/call_0.9,0.2401763574270691,-4.819606587590764,24.959078929887013,0.33883293900989575,0.2566671556067758,1.0,cross_class near-pair set (not b5-387); heston_GB; measured moments have sampling error
tree_percell,heston_GB/20-34/call_1.0,0.24438185941620236,-4.925435082174051,26.234459943406673,0.33590996049648203,0.2202986869553642,1.0,cross_class near-pair set (not b5-387); heston_GB; measured moments have sampling error
tree_percell,heston_GB/20-34/call_1.1,0.24775988420806716,-4.991977518205773,27.070896923480593,0.33449174820657757,0.19769061250150274,1.0,cross_class near-pair set (not b5-387); heston_GB; measured moments have sampling error
tree_percell,heston_GB/20-34/digital_1.0,0.037873526939460736,-1.2164506436788927,20.21723781191015,0.36027563553856706,0.16769638818173419,1.0,cross_class near-pair set (not b5-387); heston_GB; measured moments have sampling error
tree_percell,heston_GB/20-35/call_0.9,0.2401763574270691,-4.819606587590764,24.959078929887013,0.33883293900989575,0.2566671556067758,1.0,cross_class near-pair set (not b5-387); heston_GB; measured moments have sampling error
tree_percell,heston_GB/20-35/call_1.0,0.24438185941620236,-4.925435082174051,26.234459943406673,0.33590996049648203,0.2202986869553642,1.0,cross_class near-pair set (not b5-387); heston_GB; measured moments have sampling error
tree_percell,heston_GB/20-35/call_1.1,0.24775988420806716,-4.991977518205773,27.070896923480593,0.33449174820657757,0.19769061250150274,1.0,cross_class near-pair set (not b5-387); heston_GB; measured moments have sampling error
tree_percell,heston_GB/20-35/digital_1.0,0.037873526939460736,-1.2164506436788927,20.21723781191015,0.36027563553856706,0.16769638818173419,1.0,cross_class near-pair set (not b5-387); heston_GB; measured moments have sampling error
tree_percell,heston_GB/20-36/call_0.9,0.2401763574270691,-4.819606587590764,24.959078929887013,0.33883293900989575,0.2566671556067758,1.0,cross_class near-pair set (not b5-387); heston_GB; measured moments have sampling error
tree_percell,heston_GB/20-36/call_1.0,0.24438185941620236,-4.925435082174051,26.234459943406673,0.33590996049648203,0.2202986869553642,1.0,cross_class near-pair set (not b5-387); heston_GB; measured moments have sampling error
tree_percell,heston_GB/20-36/call_1.1,0.24775988420806716,-4.991977518205773,27.070896923480593,0.33449174820657757,0.19769061250150274,1.0,cross_class near-pair set (not b5-387); heston_GB; measured moments have sampling error
tree_percell,heston_GB/20-36/digital_1.0,0.037873526939460736,-1.2164506436788927,20.21723781191015,0.36027563553856706,0.16769638818173419,1.0,cross_class near-pair set (not b5-387); heston_GB; measured moments have sampling error
tree_percell,heston_GB/20-37/call_0.9,0.3625088162352949,-3.7083600805911794,15.780586321354566,0.4628530351584572,0.6948403144786569,1.0,cross_class near-pair set (not b5-387); heston_GB; measured moments have sampling error
tree_percell,heston_GB/20-37/call_1.0,0.3671990548207238,-3.6884596286937628,15.448862910978306,0.4624407363766647,0.7097653290886108,1.0,cross_class near-pair set (not b5-387); heston_GB; measured moments have sampling error
tree_percell,heston_GB/20-37/call_1.1,0.37054236761705467,-3.680086465479432,15.275821563654464,0.4619206006910694,0.7186216294033041,1.0,cross_class near-pair set (not b5-387); heston_GB; measured moments have sampling error
tree_percell,heston_GB/20-37/digital_1.0,0.1871284354070623,-2.6505473145157676,14.289299448571615,0.4712193675846176,0.5249568411474904,1.0,cross_class near-pair set (not b5-387); heston_GB; measured moments have sampling error
tree_percell,heston_GB/20-38/call_0.9,0.3625088162352949,-3.7083600805911794,15.780586321354566,0.4628530351584572,0.6948403144786569,1.0,cross_class near-pair set (not b5-387); heston_GB; measured moments have sampling error
tree_percell,heston_GB/20-38/call_1.0,0.3671990548207238,-3.6884596286937628,15.448862910978306,0.4624407363766647,0.7097653290886108,1.0,cross_class near-pair set (not b5-387); heston_GB; measured moments have sampling error
tree_percell,heston_GB/20-38/call_1.1,0.37054236761705467,-3.680086465479432,15.275821563654464,0.4619206006910694,0.7186216294033041,1.0,cross_class near-pair set (not b5-387); heston_GB; measured moments have sampling error
tree_percell,heston_GB/20-38/digital_1.0,0.1871284354070623,-2.6505473145157676,14.289299448571615,0.4712193675846176,0.5249568411474904,1.0,cross_class near-pair set (not b5-387); heston_GB; measured moments have sampling error
tree_percell,heston_GB/20-39/call_0.9,0.3590908880557595,-3.657127562622443,15.501828550414182,0.4793885891310549,0.6970403714287315,1.0,cross_class near-pair set (not b5-387); heston_GB; measured moments have sampling error
tree_percell,heston_GB/20-39/call_1.0,0.3642184966446371,-3.640172380801305,15.190936543373411,0.47860728439372446,0.7119284328247951,1.0,cross_class near-pair set (not b5-387); heston_GB; measured moments have sampling error
tree_percell,heston_GB/20-39/call_1.1,0.36794130170041095,-3.6337948266873163,15.030713915862979,0.47776772171035486,0.7208830726313467,1.0,cross_class near-pair set (not b5-387); heston_GB; measured moments have sampling error
tree_percell,heston_GB/20-39/digital_1.0,0.17768361280472048,-2.5715608092006272,13.623045973334204,0.4996617205039492,0.541089842046802,1.0,cross_class near-pair set (not b5-387); heston_GB; measured moments have sampling error
tree_percell,heston_GB/20-40/call_0.9,0.3544324723666312,-3.413495646718279,13.949435508888861,0.48760358682739385,0.7289438887634961,1.0,cross_class near-pair set (not b5-387); heston_GB; measured moments have sampling error
tree_percell,heston_GB/20-40/call_1.0,0.3628635848987937,-3.438555635603469,13.800292835160487,0.486614742743143,0.7438951501618047,1.0,cross_class near-pair set (not b5-387); heston_GB; measured moments have sampling error
tree_percell,heston_GB/20-40/call_1.1,0.36916098531107744,-3.46063112420976,13.769091339594869,0.4853892394859731,0.7526741342363579,1.0,cross_class near-pair set (not b5-387); heston_GB; measured moments have sampling error
tree_percell,heston_GB/20-40/digital_1.0,0.1287971309421409,-0.9201861059790291,14.489476551458857,0.4834740921986533,0.43545676092552277,1.0,cross_class near-pair set (not b5-387); heston_GB; measured moments have sampling error
tree_percell,heston_GB/20-41/call_0.9,0.3642394723698695,-3.7073642597425565,15.780875300705919,0.46463290981659217,0.6968116299077777,1.0,cross_class near-pair set (not b5-387); heston_GB; measured moments have sampling error
tree_percell,heston_GB/20-41/call_1.0,0.3685687810184688,-3.6882768240020565,15.452530807336668,0.46384516411073057,0.7112252287099484,1.0,cross_class near-pair set (not b5-387); heston_GB; measured moments have sampling error
tree_percell,heston_GB/20-41/call_1.1,0.37160669427423954,-3.6803265336105087,15.280768063549498,0.46300943168871556,0.7197017298857842,1.0,cross_class near-pair set (not b5-387); heston_GB; measured moments have sampling error
tree_percell,heston_GB/20-41/digital_1.0,0.19330948169991363,-2.6117546972551313,13.997336626606216,0.47747962576813824,0.540118743142358,1.0,cross_class near-pair set (not b5-387); heston_GB; measured moments have sampling error
tree_percell,heston_GB/20-42/call_0.9,0.3527481140303862,-3.359864305706475,13.681659714824953,0.5050747223486339,0.7330285624119647,1.0,cross_class near-pair set (not b5-387); heston_GB; measured moments have sampling error
tree_percell,heston_GB/20-42/call_1.0,0.36123294698761355,-3.3877246693478664,13.551432442805837,0.5034171566887345,0.7474262834737491,1.0,cross_class near-pair set (not b5-387); heston_GB; measured moments have sampling error
tree_percell,heston_GB/20-42/call_1.1,0.3675898146808884,-3.411690756236778,13.531058199218233,0.5016162876156398,0.7559123108458232,1.0,cross_class near-pair set (not b5-387); heston_GB; measured moments have sampling error
tree_percell,heston_GB/20-42/digital_1.0,0.1268854473269371,-0.8899716687048974,13.692150063129887,0.5143279756735999,0.46614095453204174,1.0,cross_class near-pair set (not b5-387); heston_GB; measured moments have sampling error
tree_percell,heston_GB/20-43/call_0.9,0.46972881420239715,-3.087544835115585,10.589695924030606,0.5651666829441114,0.9174520954733482,1.0,cross_class near-pair set (not b5-387); heston_GB; measured moments have sampling error
tree_percell,heston_GB/20-43/call_1.0,0.4685169939114954,-3.10880490098906,10.702089138205372,0.5615729972221394,0.9148404159592146,1.0,cross_class near-pair set (not b5-387); heston_GB; measured moments have sampling error
tree_percell,heston_GB/20-43/call_1.1,0.46725142854478857,-3.1221614586693933,10.761742284230396,0.5586616831226779,0.9130563826730613,1.0,cross_class near-pair set (not b5-387); heston_GB; measured moments have sampling error
tree_percell,heston_GB/20-43/digital_1.0,0.3890385182306073,-2.223077791080199,7.577313049076212,0.6217214812987096,0.8932105060939479,1.0,cross_class near-pair set (not b5-387); heston_GB; measured moments have sampling error
tree_percell,heston_GB/20-46/call_0.9,0.38754040058668604,-3.323600636904913,12.71190906330084,0.5208727552344201,0.796670722669239,1.0,cross_class near-pair set (not b5-387); heston_GB; measured moments have sampling error
tree_percell,heston_GB/20-46/call_1.0,0.3916962408821302,-3.3147019451783564,12.564714969886149,0.5213427254056504,0.804726309318112,1.0,cross_class near-pair set (not b5-387); heston_GB; measured moments have sampling error
tree_percell,heston_GB/20-46/call_1.1,0.39477051045148204,-3.3036032329287788,12.40357845609032,0.52197360358302,0.8119628411056448,1.0,cross_class near-pair set (not b5-387); heston_GB; measured moments have sampling error
tree_percell,heston_GB/20-46/digital_1.0,0.2361566132279846,-2.203668297939717,8.88188602409892,0.5658675490984462,0.7514197424427443,1.0,cross_class near-pair set (not b5-387); heston_GB; measured moments have sampling error
tree_percell,heston_GB/21-22/call_0.9,0.02080018504479639,0.3065325070887946,48.368202983980176,0.23079001442430205,-1.0146607494408288,1.0,cross_class near-pair set (not b5-387); heston_GB; measured moments have sampling error
tree_percell,heston_GB/21-22/call_1.0,0.017514920460151497,0.4075752128925273,50.21404977010433,0.23030554542182666,-1.0921581209722813,1.0,cross_class near-pair set (not b5-387); heston_GB; measured moments have sampling error
tree_percell,heston_GB/21-22/call_1.1,0.01428149233129328,0.4223740175269381,50.903246406745104,0.2289811213518046,-1.1211087076541864,1.0,cross_class near-pair set (not b5-387); heston_GB; measured moments have sampling error
tree_percell,heston_GB/21-22/digital_1.0,0.04372996189290083,-1.020050985676555,40.35958966317943,0.25037630239393327,-0.6678078708739826,1.0,cross_class near-pair set (not b5-387); heston_GB; measured moments have sampling error
tree_percell,heston_GB/21-23/call_0.9,0.14322756747720564,6.659029599537384,52.67528970452188,0.21516425902688083,-1.2620167374837497,1.0,cross_class near-pair set (not b5-387); heston_GB; measured moments have sampling error
tree_percell,heston_GB/21-23/call_1.0,0.15858803783985087,6.241148209986376,43.52948051359429,0.22554172910150352,-0.8852605763382907,1.0,cross_class near-pair set (not b5-387); heston_GB; measured moments have sampling error
tree_percell,heston_GB/21-23/call_1.1,0.16996986639254802,5.926607100867983,37.42965643938126,0.23356744970010615,-0.6347201278919308,1.0,cross_class near-pair set (not b5-387); heston_GB; measured moments have sampling error
tree_percell,heston_GB/21-23/digital_1.0,0.00951648597557819,3.7370165904097288,60.38521325019993,0.2228808415812556,-1.5215215360068146,1.0,cross_class near-pair set (not b5-387); heston_GB; measured moments have sampling error
tree_percell,heston_GB/21-24/call_0.9,0.16775114493741275,1.641265873376133,11.321667583938323,0.41287406696598217,0.5095821065735718,1.0,cross_class near-pair set (not b5-387); heston_GB; measured moments have sampling error
tree_percell,heston_GB/21-24/call_1.0,0.16899917109444276,1.4253108278550544,10.629598456154147,0.41676988900787315,0.5427869136024113,1.0,cross_class near-pair set (not b5-387); heston_GB; measured moments have sampling error
tree_percell,heston_GB/21-24/call_1.1,0.16903778003794176,1.3269704342866673,10.441953195841819,0.41777061376301416,0.5528645762533517,1.0,cross_class near-pair set (not b5-387); heston_GB; measured moments have sampling error
tree_percell,heston_GB/21-24/digital_1.0,0.11091865283947888,3.652154858570335,28.588486223741928,0.39227043588458005,-0.2288663328985368,1.0,cross_class near-pair set (not b5-387); heston_GB; measured moments have sampling error
tree_percell,heston_GB/21-32/call_0.9,0.10690563215005972,-10.344885732997927,123.59807848665048,0.18333600653719173,-3.851087493532952,1.0,cross_class near-pair set (not b5-387); heston_GB; measured moments have sampling error
tree_percell,heston_GB/21-32/call_1.0,0.11071191898790354,-10.424346314868549,124.52168959202392,0.1820573850949527,-3.8724915352620197,1.0,cross_class near-pair set (not b5-387); heston_GB; measured moments have sampling error
tree_percell,heston_GB/21-32/call_1.1,0.11397958869311826,-10.47022593887309,125.01949877413247,0.18081183204384108,-3.878914426597097,1.0,cross_class near-pair set (not b5-387); heston_GB; measured moments have sampling error
tree_percell,heston_GB/21-32/digital_1.0,0.0433949977309194,-5.39398435720277,76.25816529978563,0.20137909617719793,-2.126536716800383,1.0,cross_class near-pair set (not b5-387); heston_GB; measured moments have sampling error
tree_percell,heston_GB/21-33/call_0.9,0.21020950456897844,-5.456279231495847,33.24094391021733,0.3102519805679901,-0.08406243129915378,1.0,cross_class near-pair set (not b5-387); heston_GB; measured moments have sampling error
tree_percell,heston_GB/21-33/call_1.0,0.2130829837948329,-5.607214756515606,35.19490967342016,0.30552991419967823,-0.14782522110035592,1.0,cross_class near-pair set (not b5-387); heston_GB; measured moments have sampling error
tree_percell,heston_GB/21-33/call_1.1,0.21546681296799058,-5.707928527701989,36.506847494347106,0.30143498002869556,-0.18943775514498354,1.0,cross_class near-pair set (not b5-387); heston_GB; measured moments have sampling error
tree_percell,heston_GB/21-33/digital_1.0,0.04998638416218211,-2.3931508700424438,26.955742318394933,0.3355595675296781,-0.09766711715714055,1.0,cross_class near-pair set (not b5-387); heston_GB; measured moments have sampling error
tree_percell,heston_GB/21-34/call_0.9,0.23744847137271277,-4.808041179794058,24.87573569542522,0.3416191103145781,0.25502830713918895,1.0,cross_class near-pair set (not b5-387); heston_GB; measured moments have sampling error
tree_percell,heston_GB/21-34/call_1.0,0.24230911681882764,-4.918033084536858,26.17777899630862,0.33807894805050076,0.2186963491092531,1.0,cross_class near-pair set (not b5-387); heston_GB; measured moments have sampling error
tree_percell,heston_GB/21-34/call_1.1,0.24620112299854252,-4.987295089448442,27.033203845224982,0.33615463246728494,0.1962539749522276,1.0,cross_class near-pair set (not b5-387); heston_GB; measured moments have sampling error
tree_percell,heston_GB/21-34/digital_1.0,0.026924244242455708,-1.1579364371075833,19.326278833841826,0.3694571584329095,0.2010974983108215,1.0,cross_class near-pair set (not b5-387); heston_GB; measured moments have sampling error
tree_percell,heston_GB/21-35/call_0.9,0.23744847137271277,-4.808041179794058,24.87573569542522,0.3416191103145781,0.25502830713918895,1.0,cross_class near-pair set (not b5-387); heston_GB; measured moments have sampling error
tree_percell,heston_GB/21-35/call_1.0,0.24230911681882764,-4.918033084536858,26.17777899630862,0.33807894805050076,0.2186963491092531,1.0,cross_class near-pair set (not b5-387); heston_GB; measured moments have sampling error
tree_percell,heston_GB/21-35/call_1.1,0.24620112299854252,-4.987295089448442,27.033203845224982,0.33615463246728494,0.1962539749522276,1.0,cross_class near-pair set (not b5-387); heston_GB; measured moments have sampling error
tree_percell,heston_GB/21-35/digital_1.0,0.026924244242455708,-1.1579364371075833,19.326278833841826,0.3694571584329095,0.2010974983108215,1.0,cross_class near-pair set (not b5-387); heston_GB; measured moments have sampling error
tree_percell,heston_GB/21-36/call_0.9,0.23744847137271277,-4.808041179794058,24.87573569542522,0.3416191103145781,0.25502830713918895,1.0,cross_class near-pair set (not b5-387); heston_GB; measured moments have sampling error
tree_percell,heston_GB/21-36/call_1.0,0.24230911681882764,-4.918033084536858,26.17777899630862,0.33807894805050076,0.2186963491092531,1.0,cross_class near-pair set (not b5-387); heston_GB; measured moments have sampling error
tree_percell,heston_GB/21-36/call_1.1,0.24620112299854252,-4.987295089448442,27.033203845224982,0.33615463246728494,0.1962539749522276,1.0,cross_class near-pair set (not b5-387); heston_GB; measured moments have sampling error
tree_percell,heston_GB/21-36/digital_1.0,0.026924244242455708,-1.1579364371075833,19.326278833841826,0.3694571584329095,0.2010974983108215,1.0,cross_class near-pair set (not b5-387); heston_GB; measured moments have sampling error
tree_percell,heston_GB/21-37/call_0.9,0.3605934897355377,-3.7025077907332,15.742545609829438,0.46465107831497965,0.6934948645998528,1.0,cross_class near-pair set (not b5-387); heston_GB; measured moments have sampling error
tree_percell,heston_GB/21-37/call_1.0,0.3657154988897535,-3.6844834606276833,15.422615944263924,0.4638598447895436,0.708667032223085,1.0,cross_class near-pair set (not b5-387); heston_GB; measured moments have sampling error
tree_percell,heston_GB/21-37/call_1.1,0.3694103030313397,-3.677393419117403,15.257676039344272,0.46302095605428184,0.717747879158959,1.0,cross_class near-pair set (not b5-387); heston_GB; measured moments have sampling error
tree_percell,heston_GB/21-37/digital_1.0,0.17924579133109836,-2.6064167730434993,13.987587069510209,0.47747877892459994,0.5290677725341646,1.0,cross_class near-pair set (not b5-387); heston_GB; measured moments have sampling error
tree_percell,heston_GB/21-38/call_0.9,0.3605934897355377,-3.7025077907332,15.742545609829438,0.46465107831497965,0.6934948645998528,1.0,cross_class near-pair set (not b5-387); heston_GB; measured moments have sampling error
tree_percell,heston_GB/21-38/call_1.0,0.3657154988897535,-3.6844834606276833,15.422615944263924,0.4638598447895436,0.708667032223085,1.0,cross_class near-pair set (not b5-387); heston_GB; measured moments have sampling error
tree_percell,heston_GB/21-38/call_1.1,0.3694103030313397,-3.677393419117403,15.257676039344272,0.46302095605428184,0.717747879158959,1.0,cross_class near-pair set (not b5-387); heston_GB; measured moments have sampling error
tree_percell,heston_GB/21-38/digital_1.0,0.17924579133109836,-2.6064167730434993,13.987587069510209,0.47747877892459994,0.5290677725341646,1.0,cross_class near-pair set (not b5-387); heston_GB; measured moments have sampling error
tree_percell,heston_GB/21-39/call_0.9,0.3571888607898096,-3.6515207762916777,15.465011493260562,0.4811777419412962,0.695730579902181,1.0,cross_class near-pair set (not b5-387); heston_GB; measured moments have sampling error
tree_percell,heston_GB/21-39/call_1.0,0.3627441948683901,-3.6363609226220306,15.165485911333704,0.4800202904217321,0.7108564432376254,1.0,cross_class near-pair set (not b5-387); heston_GB; measured moments have sampling error
tree_percell,heston_GB/21-39/call_1.1,0.3668156698377756,-3.631212765585305,15.013092807758099,0.47886386640380346,0.7200287157321233,1.0,cross_class near-pair set (not b5-387); heston_GB; measured moments have sampling error
tree_percell,heston_GB/21-39/digital_1.0,0.16997155380055826,-2.530895792796854,13.344372534894166,0.5057527211984549,0.5450166028575465,1.0,cross_class near-pair set (not b5-387); heston_GB; measured moments have sampling error
tree_percell,heston_GB/21-40/call_0.9,0.3525849514000948,-3.4087934012033014,13.917848634260409,0.48935245337178246,0.7277763849349201,1.0,cross_class near-pair set (not b5-387); heston_GB; measured moments have sampling error
tree_percell,heston_GB/21-40/call_1.0,0.3614229653073001,-3.4352499550450974,13.77801407010104,0.4879988451127126,0.7429191227754179,1.0,cross_class near-pair set (not b5-387); heston_GB; measured moments have sampling error
tree_percell,heston_GB/21-40/call_1.1,0.36805597646474797,-3.458330400660583,13.753372953630048,0.4864648120680053,0.7518857702510164,1.0,cross_class near-pair set (not b5-387); heston_GB; measured moments have sampling error
tree_percell,heston_GB/21-40/digital_1.0,0.12228108869375712,-0.9147929473479471,14.22783929261978,0.4891845343770316,0.4430508531513092,1.0,cross_class near-pair set (not b5-387); heston_GB; measured moments have sampling error
tree_percell,heston_GB/21-41/call_0.9,0.3625088707718854,-3.708359344299641,15.780580722959208,0.4628530714172077,0.6948405175855163,1.0,cross_class near-pair set (not b5-387); heston_GB; measured moments have sampling error
tree_percell,heston_GB/21-41/call_1.0,0.36719910880112927,-3.6884588802952947,15.44885731575227,0.4624407760016577,0.7097655281867177,1.0,cross_class near-pair set (not b5-387); heston_GB; measured moments have sampling error
tree_percell,heston_GB/21-41/call_1.1,0.370542421221792,-3.6800857030745853,15.27581592053776,0.4619206431758098,0.7186218271456049,1.0,cross_class near-pair set (not b5-387); heston_GB; measured moments have sampling error
tree_percell,heston_GB/21-41/digital_1.0,0.18712848600600288,-2.650547206462342,14.289298697602622,0.4712193479218269,0.5249569084241245,1.0,cross_class near-pair set (not b5-387); heston_GB; measured moments have sampling error
tree_percell,heston_GB/21-42/call_0.9,0.3510811588624856,-3.3612636052284492,13.682464215909679,0.5033523998480969,0.7313538104929012,1.0,cross_class near-pair set (not b5-387); heston_GB; measured moments have sampling error
tree_percell,heston_GB/21-42/call_1.0,0.3599069086059969,-3.388218622821197,13.548917661289458,0.5020541328608321,0.7461656959885793,1.0,cross_class near-pair set (not b5-387); heston_GB; measured moments have sampling error
tree_percell,heston_GB/21-42/call_1.1,0.36655500574416855,-3.4116795515059515,13.527107276448113,0.500557110149203,0.75496742471676,1.0,cross_class near-pair set (not b5-387); heston_GB; measured moments have sampling error
tree_percell,heston_GB/21-42/digital_1.0,0.12130723337808492,-0.9092548085430658,13.893227102201802,0.5087302792016205,0.4560609603952428,1.0,cross_class near-pair set (not b5-387); heston_GB; measured moments have sampling error
tree_percell,heston_GB/21-46/call_0.9,0.3861092490822472,-3.3239102139192984,12.708436429205515,0.5194413120279985,0.795387095258922,1.0,cross_class near-pair set (not b5-387); heston_GB; measured moments have sampling error
tree_percell,heston_GB/21-46/call_1.0,0.3905619153150771,-3.3145743343785354,12.560075165782468,0.5202113388446382,0.8037548134725861,1.0,cross_class near-pair set (not b5-387); heston_GB; measured moments have sampling error
tree_percell,heston_GB/21-46/call_1.1,0.3938872052469508,-3.3032718827915017,12.398850978551792,0.5210944795153644,0.8112348757350061,1.0,cross_class near-pair set (not b5-387); heston_GB; measured moments have sampling error
tree_percell,heston_GB/21-46/digital_1.0,0.2310433534177959,-2.2285764462586246,9.012086504904444,0.5607675606325746,0.7442549282654098,1.0,cross_class near-pair set (not b5-387); heston_GB; measured moments have sampling error
tree_percell,heston_GB/22-23/call_0.9,0.0955869748740694,2.731470332189294,24.820886075397958,0.3132151345570119,-0.05856818980770201,1.0,cross_class near-pair set (not b5-387); heston_GB; measured moments have sampling error
tree_percell,heston_GB/22-23/call_1.0,0.10874442673551832,2.4608939970764947,22.046925313624268,0.3209780943641295,0.05881355465373277,1.0,cross_class near-pair set (not b5-387); heston_GB; measured moments have sampling error
tree_percell,heston_GB/22-23/call_1.1,0.11931389816706138,2.2981754169772564,20.17596440248861,0.3262476229882455,0.1379322822072591,1.0,cross_class near-pair set (not b5-387); heston_GB; measured moments have sampling error
tree_percell,heston_GB/22-23/digital_1.0,0.03092813496799247,2.5098346548579387,33.961352064805126,0.32072012648558584,-0.42527639978849957,1.0,cross_class near-pair set (not b5-387); heston_GB; measured moments have sampling error
tree_percell,heston_GB/22-24/call_0.9,0.17700531167810618,2.410324469319392,16.117757533128984,0.3466456410901763,0.3005070932454229,1.0,cross_class near-pair set (not b5-387); heston_GB; measured moments have sampling error
tree_percell,heston_GB/22-24/call_1.0,0.18115384486366062,2.1463021795213226,15.048848872321216,0.35044460805773336,0.3502959764556788,1.0,cross_class near-pair set (not b5-387); heston_GB; measured moments have sampling error
tree_percell,heston_GB/22-24/call_1.1,0.18391773710338177,2.044342082213268,14.774235947595617,0.35166828359587365,0.36431132941382893,1.0,cross_class near-pair set (not b5-387); heston_GB; measured moments have sampling error
tree_percell,heston_GB/22-24/digital_1.0,0.10201144593245617,4.507334332818222,36.6956247186051,0.32697663205727356,-0.5732775588423413,1.0,cross_class near-pair set (not b5-387); heston_GB; measured moments have sampling error
tree_percell,heston_GB/22-32/call_0.9,0.10499187644984867,-7.337194244422855,79.73805427136568,0.2636612963142821,-2.122853065437042,1.0,cross_class near-pair set (not b5-387); heston_GB; measured moments have sampling error
tree_percell,heston_GB/22-32/call_1.0,0.10706566995522655,-7.46219506881242,81.17917899847475,0.26234928560863346,-2.174011683626905,1.0,cross_class near-pair set (not b5-387); heston_GB; measured moments have sampling error
tree_percell,heston_GB/22-32/call_1.1,0.10864081006260132,-7.529451432071685,81.96392634985212,0.2608828512539722,-2.2005956880661963,1.0,cross_class near-pair set (not b5-387); heston_GB; measured moments have sampling error
tree_percell,heston_GB/22-32/digital_1.0,0.06133874966937051,-2.3516459218056123,34.14957764078963,0.30717955094956134,-0.3882744645953524,1.0,cross_class near-pair set (not b5-387); heston_GB; measured moments have sampling error
tree_percell,heston_GB/22-33/call_0.9,0.21111652673339334,-5.255399499781134,31.643162904189808,0.3399615997623991,-0.028266893218155682,1.0,cross_class near-pair set (not b5-387); heston_GB; measured moments have sampling error
tree_percell,heston_GB/22-33/call_1.0,0.21351565043931353,-5.420455177516951,33.659219175448705,0.3341645652112842,-0.0949551046387711,1.0,cross_class near-pair set (not b5-387); heston_GB; measured moments have sampling error
tree_percell,heston_GB/22-33/call_1.1,0.21545379639569343,-5.530805086783764,35.02019978822845,0.3292065502449143,-0.1391294631161603,1.0,cross_class near-pair set (not b5-387); heston_GB; measured moments have sampling error
tree_percell,heston_GB/22-33/digital_1.0,0.060702797656087985,-1.99177549394754,22.17746540883853,0.39074570265896297,0.10280508046847665,1.0,cross_class near-pair set (not b5-387); heston_GB; measured moments have sampling error
tree_percell,heston_GB/22-34/call_0.9,0.23830114591333168,-4.6693345178835655,23.933995057693135,0.36764159585959494,0.2861467870299447,1.0,cross_class near-pair set (not b5-387); heston_GB; measured moments have sampling error
tree_percell,heston_GB/22-34/call_1.0,0.24272592529507284,-4.789594337604437,25.279148032457627,0.3631336121760687,0.2477199060183458,1.0,cross_class near-pair set (not b5-387); heston_GB; measured moments have sampling error
tree_percell,heston_GB/22-34/call_1.1,0.24621460217758506,-4.8661354984254475,26.169446470135085,0.3603966816907288,0.2234331125107768,1.0,cross_class near-pair set (not b5-387); heston_GB; measured moments have sampling error
tree_percell,heston_GB/22-34/digital_1.0,0.03691923533010221,-0.9747172136864898,16.726620032508144,0.4171803405444405,0.3109447176534658,1.0,cross_class near-pair set (not b5-387); heston_GB; measured moments have sampling error
tree_percell,heston_GB/22-35/call_0.9,0.23830114591333168,-4.6693345178835655,23.933995057693135,0.36764159585959494,0.2861467870299447,1.0,cross_class near-pair set (not b5-387); heston_GB; measured moments have sampling error
tree_percell,heston_GB/22-35/call_1.0,0.24272592529507284,-4.789594337604437,25.279148032457627,0.3631336121760687,0.2477199060183458,1.0,cross_class near-pair set (not b5-387); heston_GB; measured moments have sampling error
tree_percell,heston_GB/22-35/call_1.1,0.24621460217758506,-4.8661354984254475,26.169446470135085,0.3603966816907288,0.2234331125107768,1.0,cross_class near-pair set (not b5-387); heston_GB; measured moments have sampling error
tree_percell,heston_GB/22-35/digital_1.0,0.03691923533010221,-0.9747172136864898,16.726620032508144,0.4171803405444405,0.3109447176534658,1.0,cross_class near-pair set (not b5-387); heston_GB; measured moments have sampling error
tree_percell,heston_GB/22-36/call_0.9,0.23830114591333168,-4.6693345178835655,23.933995057693135,0.36764159585959494,0.2861467870299447,1.0,cross_class near-pair set (not b5-387); heston_GB; measured moments have sampling error
tree_percell,heston_GB/22-36/call_1.0,0.24272592529507284,-4.789594337604437,25.279148032457627,0.3631336121760687,0.2477199060183458,1.0,cross_class near-pair set (not b5-387); heston_GB; measured moments have sampling error
tree_percell,heston_GB/22-36/call_1.1,0.24621460217758506,-4.8661354984254475,26.169446470135085,0.3603966816907288,0.2234331125107768,1.0,cross_class near-pair set (not b5-387); heston_GB; measured moments have sampling error
tree_percell,heston_GB/22-36/digital_1.0,0.03691923533010221,-0.9747172136864898,16.726620032508144,0.4171803405444405,0.3109447176534658,1.0,cross_class near-pair set (not b5-387); heston_GB; measured moments have sampling error
tree_percell,heston_GB/22-37/call_0.9,0.36108670315907637,-3.6477823458517866,15.44135079210027,0.48110280324068605,0.7007795260539683,1.0,cross_class near-pair set (not b5-387); heston_GB; measured moments have sampling error
tree_percell,heston_GB/22-37/call_1.0,0.36593381866454106,-3.633988146658834,15.149082095757148,0.47996396471133257,0.7148764033662024,1.0,cross_class near-pair set (not b5-387); heston_GB; measured moments have sampling error
tree_percell,heston_GB/22-37/call_1.1,0.3693671402564508,-3.6298397488705967,15.002872457268456,0.4788208028272571,0.7231593690350406,1.0,cross_class near-pair set (not b5-387); heston_GB; measured moments have sampling error
tree_percell,heston_GB/22-37/digital_1.0,0.18375812325536228,-2.464726345825412,12.990882520614726,0.5078017189921441,0.5672545910402557,1.0,cross_class near-pair set (not b5-387); heston_GB; measured moments have sampling error
tree_percell,heston_GB/22-38/call_0.9,0.36108670315907637,-3.6477823458517866,15.44135079210027,0.48110280324068605,0.7007795260539683,1.0,cross_class near-pair set (not b5-387); heston_GB; measured moments have sampling error
tree_percell,heston_GB/22-38/call_1.0,0.36593381866454106,-3.633988146658834,15.149082095757148,0.47996396471133257,0.7148764033662024,1.0,cross_class near-pair set (not b5-387); heston_GB; measured moments have sampling error
tree_percell,heston_GB/22-38/call_1.1,0.3693671402564508,-3.6298397488705967,15.002872457268456,0.4788208028272571,0.7231593690350406,1.0,cross_class near-pair set (not b5-387); heston_GB; measured moments have sampling error
tree_percell,heston_GB/22-38/digital_1.0,0.18375812325536228,-2.464726345825412,12.990882520614726,0.5078017189921441,0.5672545910402557,1.0,cross_class near-pair set (not b5-387); heston_GB; measured moments have sampling error
tree_percell,heston_GB/22-39/call_0.9,0.36058442327752527,-3.7027934690809667,15.744496960549949,0.4646397250971945,0.6934370777470619,1.0,cross_class near-pair set (not b5-387); heston_GB; measured moments have sampling error
tree_percell,heston_GB/22-39/call_1.0,0.36570906275237935,-3.684740228957144,15.424363240831607,0.4638472176435275,0.7086179978025156,1.0,cross_class near-pair set (not b5-387); heston_GB; measured moments have sampling error
tree_percell,heston_GB/22-39/call_1.1,0.36940599356951215,-3.6776155389208434,15.259170334577536,0.4630116550832552,0.7177078562755882,1.0,cross_class near-pair set (not b5-387); heston_GB; measured moments have sampling error
tree_percell,heston_GB/22-39/digital_1.0,0.17917733112319997,-2.6074478059395108,13.997982225482897,0.47738597090177515,0.5286374543784833,1.0,cross_class near-pair set (not b5-387); heston_GB; measured moments have sampling error
tree_percell,heston_GB/22-40/call_0.9,0.3533407505429261,-3.3666913561231557,13.699578798417871,0.5033989074998194,0.7334182339909137,1.0,cross_class near-pair set (not b5-387); heston_GB; measured moments have sampling error
tree_percell,heston_GB/22-40/call_1.0,0.3618887227148361,-3.3959920908603083,13.578058527053432,0.5017854968816424,0.7476929650302827,1.0,cross_class near-pair set (not b5-387); heston_GB; measured moments have sampling error
tree_percell,heston_GB/22-40/call_1.1,0.3682473762891109,-3.421032672246125,13.565476092457033,0.5000181585918172,0.7560083336875609,1.0,cross_class near-pair set (not b5-387); heston_GB; measured moments have sampling error
tree_percell,heston_GB/22-40/digital_1.0,0.12719643159333632,-0.8611701421620128,13.498127356285003,0.5146660033718955,0.4734980358964879,1.0,cross_class near-pair set (not b5-387); heston_GB; measured moments have sampling error
tree_percell,heston_GB/22-41/call_0.9,0.36299514159476787,-3.6534712903967246,15.478573302634732,0.4793147661120907,0.7020962157323597,1.0,cross_class near-pair set (not b5-387); heston_GB; measured moments have sampling error
tree_percell,heston_GB/22-41/call_1.0,0.3674121911924373,-3.6378522969100757,15.174792399428533,0.47855166883840905,0.7159521489236589,1.0,cross_class near-pair set (not b5-387); heston_GB; measured moments have sampling error
tree_percell,heston_GB/22-41/call_1.1,0.37049528362441697,-3.632454229835068,15.020654403909035,0.4777250871526192,0.7240158147970379,1.0,cross_class near-pair set (not b5-387); heston_GB; measured moments have sampling error
tree_percell,heston_GB/22-41/digital_1.0,0.19154897017602973,-2.5052275133965254,13.26733342015999,0.5017352345983118,0.5636632742772419,1.0,cross_class near-pair set (not b5-387); heston_GB; measured moments have sampling error
tree_percell,heston_GB/22-42/call_0.9,0.3545115961398857,-3.413998823957331,13.952755162297588,0.48751062478923135,0.7289464889414137,1.0,cross_class near-pair set (not b5-387); heston_GB; measured moments have sampling error
tree_percell,heston_GB/22-42/call_1.0,0.36294499516758844,-3.4390405499551213,13.80342619242155,0.48652125425547393,0.7439066840987296,1.0,cross_class near-pair set (not b5-387); heston_GB; measured moments have sampling error
tree_percell,heston_GB/22-42/call_1.1,0.3692441745862511,-3.461089769422684,13.772003735811264,0.48529958788756716,0.7526945020531107,1.0,cross_class near-pair set (not b5-387); heston_GB; measured moments have sampling error
tree_percell,heston_GB/22-42/digital_1.0,0.12880102950966907,-0.9208566237927509,14.496820871997034,0.4833216816939974,0.43517666803359206,1.0,cross_class near-pair set (not b5-387); heston_GB; measured moments have sampling error
tree_percell,heston_GB/22-44/call_0.9,0.38237576938788004,-3.3035157101707417,12.617540176576831,0.5257875989558812,0.793392246408991,1.0,cross_class near-pair set (not b5-387); heston_GB; measured moments have sampling error
tree_percell,heston_GB/22-44/call_1.0,0.39025510036972344,-3.3037501994878826,12.520282732033781,0.5250381490258523,0.8040604242059707,1.0,cross_class near-pair set (not b5-387); heston_GB; measured moments have sampling error
tree_percell,heston_GB/22-44/call_1.1,0.3963375434361163,-3.300194710561054,12.400832544978893,0.5242386732712708,0.8133642016767149,1.0,cross_class near-pair set (not b5-387); heston_GB; measured moments have sampling error
tree_percell,heston_GB/22-44/digital_1.0,0.17973607159892394,-2.042781043952549,8.937806386850081,0.5600791104531773,0.7102766249274897,1.0,cross_class near-pair set (not b5-387); heston_GB; measured moments have sampling error
tree_percell,heston_GB/22-46/call_0.9,0.3863252036148883,-3.2837203541127256,12.492656336636118,0.5329503503933659,0.7999742748742853,1.0,cross_class near-pair set (not b5-387); heston_GB; measured moments have sampling error
tree_percell,heston_GB/22-46/call_1.0,0.39059773557149857,-3.277606545723016,12.365462929087753,0.5334021828186702,0.8076370724142335,1.0,cross_class near-pair set (not b5-387); heston_GB; measured moments have sampling error
tree_percell,heston_GB/22-46/call_1.1,0.3937464554106809,-3.2687402912024437,12.220786681821727,0.5340176551723563,0.8145401279586092,1.0,cross_class near-pair set (not b5-387); heston_GB; measured moments have sampling error
tree_percell,heston_GB/22-46/digital_1.0,0.23402574102605822,-2.1360300856398315,8.44209521005837,0.5851953559252892,0.7639896532235984,1.0,cross_class near-pair set (not b5-387); heston_GB; measured moments have sampling error
tree_percell,heston_GB/23-24/call_0.9,0.10736322935897105,1.431082901601903,16.579427142491735,0.3529099203427542,0.2996497197156501,1.0,cross_class near-pair set (not b5-387); heston_GB; measured moments have sampling error
tree_percell,heston_GB/23-24/call_1.0,0.09832809678512922,1.1552504769510212,16.51671308080015,0.3509269293228472,0.30625420664519815,1.0,cross_class near-pair set (not b5-387); heston_GB; measured moments have sampling error
tree_percell,heston_GB/23-24/call_1.1,0.0897645366786023,1.0235109344362257,17.171465933471247,0.346799162280225,0.2807856242844951,1.0,cross_class near-pair set (not b5-387); heston_GB; measured moments have sampling error
tree_percell,heston_GB/23-24/digital_1.0,0.14020736961678007,5.427889771371333,51.191815493076206,0.32427122692688537,-1.1748650934585037,1.0,cross_class near-pair set (not b5-387); heston_GB; measured moments have sampling error
tree_percell,heston_GB/23-32/call_0.9,0.16630578256670975,-7.3654999845885,69.43494673455618,0.2678373677289954,-1.5381030672318654,1.0,cross_class near-pair set (not b5-387); heston_GB; measured moments have sampling error
tree_percell,heston_GB/23-32/call_1.0,0.17675691761264356,-7.452065119155794,71.06317154885261,0.27099871417730603,-1.567853767479583,1.0,cross_class near-pair set (not b5-387); heston_GB; measured moments have sampling error
tree_percell,heston_GB/23-32/call_1.1,0.18505357100726258,-7.485814447392529,71.78703868121423,0.2734891444434912,-1.5688361396808113,1.0,cross_class near-pair set (not b5-387); heston_GB; measured moments have sampling error
tree_percell,heston_GB/23-32/digital_1.0,0.019236237001896927,-3.0444149283746715,32.63374104320159,0.29963265868778055,-0.348976320413841,1.0,cross_class near-pair set (not b5-387); heston_GB; measured moments have sampling error
tree_percell,heston_GB/23-33/call_0.9,0.2338809483715154,-5.222967524897431,31.144403032752187,0.3435109088759557,0.03088066075636928,1.0,cross_class near-pair set (not b5-387); heston_GB; measured moments have sampling error
tree_percell,heston_GB/23-33/call_1.0,0.2382742548400474,-5.395867875980731,33.28730487680632,0.33896027942471735,-0.03410860567697503,1.0,cross_class near-pair set (not b5-387); heston_GB; measured moments have sampling error
tree_percell,heston_GB/23-33/call_1.1,0.24174189032374335,-5.5109396240812805,34.72673234768607,0.3351254181851865,-0.07621847008866653,1.0,cross_class near-pair set (not b5-387); heston_GB; measured moments have sampling error
tree_percell,heston_GB/23-33/digital_1.0,0.040629932430203464,-2.032998318134782,18.77703088444538,0.3988851079262177,0.2339473065457695,1.0,cross_class near-pair set (not b5-387); heston_GB; measured moments have sampling error
tree_percell,heston_GB/23-34/call_0.9,0.2585434599414698,-4.6485817779427965,23.656933722120076,0.3708170537559381,0.3265283472761063,1.0,cross_class near-pair set (not b5-387); heston_GB; measured moments have sampling error
tree_percell,heston_GB/23-34/call_1.0,0.2647534956570423,-4.775862578349585,25.091860273206468,0.36736756256406816,0.2895084121227576,1.0,cross_class near-pair set (not b5-387); heston_GB; measured moments have sampling error
tree_percell,heston_GB/23-34/call_1.1,0.26959008299509407,-4.856855698864653,26.040297683084344,0.3655874542746447,0.26667876555968717,1.0,cross_class near-pair set (not b5-387); heston_GB; measured moments have sampling error
tree_percell,heston_GB/23-34/digital_1.0,0.021232034082552132,-1.1207128229860532,14.614578077235095,0.4260975863115421,0.3955721089058898,1.0,cross_class near-pair set (not b5-387); heston_GB; measured moments have sampling error
tree_percell,heston_GB/23-35/call_0.9,0.2585434599414698,-4.6485817779427965,23.656933722120076,0.3708170537559381,0.3265283472761063,1.0,cross_class near-pair set (not b5-387); heston_GB; measured moments have sampling error
tree_percell,heston_GB/23-35/call_1.0,0.2647534956570423,-4.775862578349585,25.091860273206468,0.36736756256406816,0.2895084121227576,1.0,cross_class near-pair set (not b5-387); heston_GB; measured moments have sampling error
tree_percell,heston_GB/23-35/call_1.1,0.26959008299509407,-4.856855698864653,26.040297683084344,0.3655874542746447,0.26667876555968717,1.0,cross_class near-pair set (not b5-387); heston_GB; measured moments have sampling error
tree_percell,heston_GB/23-35/digital_1.0,0.021232034082552132,-1.1207128229860532,14.614578077235095,0.4260975863115421,0.3955721089058898,1.0,cross_class near-pair set (not b5-387); heston_GB; measured moments have sampling error
tree_percell,heston_GB/23-36/call_0.9,0.2585434599414698,-4.6485817779427965,23.656933722120076,0.3708170537559381,0.3265283472761063,1.0,cross_class near-pair set (not b5-387); heston_GB; measured moments have sampling error
tree_percell,heston_GB/23-36/call_1.0,0.2647534956570423,-4.775862578349585,25.091860273206468,0.36736756256406816,0.2895084121227576,1.0,cross_class near-pair set (not b5-387); heston_GB; measured moments have sampling error
tree_percell,heston_GB/23-36/call_1.1,0.26959008299509407,-4.856855698864653,26.040297683084344,0.3655874542746447,0.26667876555968717,1.0,cross_class near-pair set (not b5-387); heston_GB; measured moments have sampling error
tree_percell,heston_GB/23-36/digital_1.0,0.021232034082552132,-1.1207128229860532,14.614578077235095,0.4260975863115421,0.3955721089058898,1.0,cross_class near-pair set (not b5-387); heston_GB; measured moments have sampling error
tree_percell,heston_GB/23-37/call_0.9,0.3757325085137505,-3.6583254109883727,15.514942830553437,0.48316588922784487,0.7159426479574857,1.0,cross_class near-pair set (not b5-387); heston_GB; measured moments have sampling error
tree_percell,heston_GB/23-37/call_1.0,0.38205788580549865,-3.647355388989817,15.247090385005524,0.48239604460161706,0.7309311330689825,1.0,cross_class near-pair set (not b5-387); heston_GB; measured moments have sampling error
tree_percell,heston_GB/23-37/call_1.1,0.3866484007792357,-3.64497197406887,15.115561888437934,0.48158392567407743,0.7400802002191299,1.0,cross_class near-pair set (not b5-387); heston_GB; measured moments have sampling error
tree_percell,heston_GB/23-37/digital_1.0,0.17105345745961598,-2.410092359166015,12.177746574060128,0.5144417175394753,0.5883131731349368,1.0,cross_class near-pair set (not b5-387); heston_GB; measured moments have sampling error
tree_percell,heston_GB/23-38/call_0.9,0.3757325085137505,-3.6583254109883727,15.514942830553437,0.48316588922784487,0.7159426479574857,1.0,cross_class near-pair set (not b5-387); heston_GB; measured moments have sampling error
tree_percell,heston_GB/23-38/call_1.0,0.38205788580549865,-3.647355388989817,15.247090385005524,0.48239604460161706,0.7309311330689825,1.0,cross_class near-pair set (not b5-387); heston_GB; measured moments have sampling error
tree_percell,heston_GB/23-38/call_1.1,0.3866484007792357,-3.64497197406887,15.115561888437934,0.48158392567407743,0.7400802002191299,1.0,cross_class near-pair set (not b5-387); heston_GB; measured moments have sampling error
tree_percell,heston_GB/23-38/digital_1.0,0.17105345745961598,-2.410092359166015,12.177746574060128,0.5144417175394753,0.5883131731349368,1.0,cross_class near-pair set (not b5-387); heston_GB; measured moments have sampling error
tree_percell,heston_GB/23-39/call_0.9,0.3722569690368425,-3.607301431496503,15.240106457488615,0.4995446044687189,0.7177668376481808,1.0,cross_class near-pair set (not b5-387); heston_GB; measured moments have sampling error
tree_percell,heston_GB/23-39/call_1.0,0.37901158230903853,-3.599002920781069,14.99135995213846,0.4984214841816639,0.7327204021903423,1.0,cross_class near-pair set (not b5-387); heston_GB; measured moments have sampling error
tree_percell,heston_GB/23-39/call_1.1,0.3839775238769068,-3.598460207554981,14.871711372484075,0.4973004606161609,0.7419648603254083,1.0,cross_class near-pair set (not b5-387); heston_GB; measured moments have sampling error
tree_percell,heston_GB/23-39/digital_1.0,0.16224410053260604,-2.3468239193756015,11.649952597131104,0.5416142584065214,0.601407434289482,1.0,cross_class near-pair set (not b5-387); heston_GB; measured moments have sampling error
tree_percell,heston_GB/23-41/call_0.9,0.3776696686702425,-3.664411126090705,15.554222931715973,0.4813788909599376,0.7172995820916763,1.0,cross_class near-pair set (not b5-387); heston_GB; measured moments have sampling error
tree_percell,heston_GB/23-41/call_1.0,0.38356072472033476,-3.651554331123636,15.27455761364838,0.48098434608103396,0.732038118670486,1.0,cross_class near-pair set (not b5-387); heston_GB; measured moments have sampling error
tree_percell,heston_GB/23-41/call_1.1,0.3877963857686425,-3.6478562625844346,15.134771238803324,0.4804885955623843,0.7409600304573517,1.0,cross_class near-pair set (not b5-387); heston_GB; measured moments have sampling error
tree_percell,heston_GB/23-41/digital_1.0,0.17860062813638375,-2.446749146281409,12.423927290236817,0.5084675398590105,0.5850582397609618,1.0,cross_class near-pair set (not b5-387); heston_GB; measured moments have sampling error
tree_percell,heston_GB/23-46/call_0.9,0.40183206559067214,-3.3934669537725575,13.07324192554972,0.5036602269908368,0.8039245140676786,1.0,cross_class near-pair set (not b5-387); heston_GB; measured moments have sampling error
tree_percell,heston_GB/23-46/call_1.0,0.40709046037416113,-3.3812366571878623,12.915342770032954,0.5042881488922346,0.8131823359889794,1.0,cross_class near-pair set (not b5-387); heston_GB; measured moments have sampling error
tree_percell,heston_GB/23-46/call_1.1,0.4110813492058247,-3.3687552643090526,12.749822411646134,0.504824944035997,0.8212952886788963,1.0,cross_class near-pair set (not b5-387); heston_GB; measured moments have sampling error
tree_percell,heston_GB/23-46/digital_1.0,0.2348667342117629,-2.4837759463395686,10.099934351077627,0.526288990862383,0.7155899007864995,1.0,cross_class near-pair set (not b5-387); heston_GB; measured moments have sampling error
tree_percell,heston_GB/24-39/call_0.9,0.3893608619517679,-3.5252957884873193,14.761571503763733,0.5136508449715039,0.747260360372335,1.0,cross_class near-pair set (not b5-387); heston_GB; measured moments have sampling error
tree_percell,heston_GB/24-39/call_1.0,0.3938810124109213,-3.5336831383342457,14.626417284331765,0.5105944812210979,0.7568290009302946,1.0,cross_class near-pair set (not b5-387); heston_GB; measured moments have sampling error
tree_percell,heston_GB/24-39/call_1.1,0.39698573830100164,-3.5462883199002597,14.589035850409033,0.5076874045694835,0.7620885461374074,1.0,cross_class near-pair set (not b5-387); heston_GB; measured moments have sampling error
tree_percell,heston_GB/24-39/digital_1.0,0.20505020386411274,-2.18996014633487,9.573846917522069,0.5555904409601619,0.7052712790364123,1.0,cross_class near-pair set (not b5-387); heston_GB; measured moments have sampling error
tree_percell,heston_GB/24-41/call_0.9,0.39171587277363257,-3.4787482461246473,14.520847790040328,0.5279098959691017,0.7545624829168989,1.0,cross_class near-pair set (not b5-387); heston_GB; measured moments have sampling error
tree_percell,heston_GB/24-41/call_1.0,0.3955288146756549,-3.4888884054837046,14.39623112659724,0.5249337534052991,0.7630543385951082,1.0,cross_class near-pair set (not b5-387); heston_GB; measured moments have sampling error
tree_percell,heston_GB/24-41/call_1.1,0.39801745782576364,-3.5027234760940917,14.365849730831105,0.5220749069731235,0.767453666087598,1.0,cross_class near-pair set (not b5-387); heston_GB; measured moments have sampling error
tree_percell,heston_GB/24-41/digital_1.0,0.2163729217986021,-2.1115441189581183,9.122886723232607,0.577374018389223,0.7268140211092651,1.0,cross_class near-pair set (not b5-387); heston_GB; measured moments have sampling error
tree_percell,heston_GB/24-44/call_0.9,0.41263993427410106,-3.36726088436068,12.965301280788118,0.5197723156545013,0.8164333108920094,1.0,cross_class near-pair set (not b5-387); heston_GB; measured moments have sampling error
tree_percell,heston_GB/24-44/call_1.0,0.41927999250856235,-3.361120473222374,12.846132760537394,0.5203091041108311,0.8261354595244136,1.0,cross_class near-pair set (not b5-387); heston_GB; measured moments have sampling error
tree_percell,heston_GB/24-44/call_1.1,0.4243467913103656,-3.352722094128786,12.706230575743493,0.5207458864262979,0.8346541393674245,1.0,cross_class near-pair set (not b5-387); heston_GB; measured moments have sampling error
tree_percell,heston_GB/24-44/digital_1.0,0.22068585050952302,-2.3105255666308824,8.94256691872143,0.5634756436540357,0.7432333365244751,1.0,cross_class near-pair set (not b5-387); heston_GB; measured moments have sampling error
tree_percell,heston_GB/24-46/call_0.9,0.4137526316331444,-3.2665548036080234,12.427894894384329,0.5423338408710534,0.8273740185232539,1.0,cross_class near-pair set (not b5-387); heston_GB; measured moments have sampling error
tree_percell,heston_GB/24-46/call_1.0,0.41729657441494855,-3.2703158778607957,12.366087187997415,0.5407653509644625,0.8327876676164939,1.0,cross_class near-pair set (not b5-387); heston_GB; measured moments have sampling error
tree_percell,heston_GB/24-46/call_1.1,0.41985350801146215,-3.2700760424796536,12.271691127176535,0.5393358592717507,0.8379448690348272,1.0,cross_class near-pair set (not b5-387); heston_GB; measured moments have sampling error
tree_percell,heston_GB/24-46/digital_1.0,0.2660018789791726,-2.158046840960741,7.664479794022565,0.5886287601463975,0.8125014586333208,1.0,cross_class near-pair set (not b5-387); heston_GB; measured moments have sampling error
tree_percell,heston_GB/32-33/call_0.9,0.1850275644050123,-6.016381018561809,39.6974258885382,0.2685089468967606,-0.364643966758491,1.0,cross_class near-pair set (not b5-387); heston_GB; measured moments have sampling error
tree_percell,heston_GB/32-33/call_1.0,0.1878800525233941,-6.188207284035735,41.961979252803644,0.26440010640709904,-0.4414409385484525,1.0,cross_class near-pair set (not b5-387); heston_GB; measured moments have sampling error
tree_percell,heston_GB/32-33/call_1.1,0.19019511550644203,-6.296947170107668,43.43408585468063,0.26187021470150074,-0.4901205285986093,1.0,cross_class near-pair set (not b5-387); heston_GB; measured moments have sampling error
tree_percell,heston_GB/32-33/digital_1.0,0.03353366999193388,-1.062049364102644,36.58293117831389,0.2828825038852675,-0.5149347966395704,1.0,cross_class near-pair set (not b5-387); heston_GB; measured moments have sampling error
tree_percell,heston_GB/32-34/call_0.9,0.21935567879917714,-5.239962880853649,29.480400129846245,0.3108172735019181,0.0678997759945132,1.0,cross_class near-pair set (not b5-387); heston_GB; measured moments have sampling error
tree_percell,heston_GB/32-34/call_1.0,0.2241522559799019,-5.375597569316855,31.115234571696902,0.30760653021161133,0.01959060480461302,1.0,cross_class near-pair set (not b5-387); heston_GB; measured moments have sampling error
tree_percell,heston_GB/32-34/call_1.1,0.22797227855459867,-5.456080353815894,32.14415982608847,0.30700041967535296,-0.00906626399036615,1.0,cross_class near-pair set (not b5-387); heston_GB; measured moments have sampling error
tree_percell,heston_GB/32-34/digital_1.0,0.013036953634268456,-0.24488683334874392,24.041593998190873,0.3333933252445001,-0.0008606120881037815,1.0,cross_class near-pair set (not b5-387); heston_GB; measured moments have sampling error
tree_percell,heston_GB/32-35/call_0.9,0.21935567879917714,-5.239962880853649,29.480400129846245,0.3108172735019181,0.0678997759945132,1.0,cross_class near-pair set (not b5-387); heston_GB; measured moments have sampling error
tree_percell,heston_GB/32-35/call_1.0,0.2241522559799019,-5.375597569316855,31.115234571696902,0.30760653021161133,0.01959060480461302,1.0,cross_class near-pair set (not b5-387); heston_GB; measured moments have sampling error
tree_percell,heston_GB/32-35/call_1.1,0.22797227855459867,-5.456080353815894,32.14415982608847,0.30700041967535296,-0.00906626399036615,1.0,cross_class near-pair set (not b5-387); heston_GB; measured moments have sampling error
tree_percell,heston_GB/32-35/digital_1.0,0.013036953634268456,-0.24488683334874392,24.041593998190873,0.3333933252445001,-0.0008606120881037815,1.0,cross_class near-pair set (not b5-387); heston_GB; measured moments have sampling error
tree_percell,heston_GB/32-36/call_0.9,0.21935567879917714,-5.239962880853649,29.480400129846245,0.3108172735019181,0.0678997759945132,1.0,cross_class near-pair set (not b5-387); heston_GB; measured moments have sampling error
tree_percell,heston_GB/32-36/call_1.0,0.2241522559799019,-5.375597569316855,31.115234571696902,0.30760653021161133,0.01959060480461302,1.0,cross_class near-pair set (not b5-387); heston_GB; measured moments have sampling error
tree_percell,heston_GB/32-36/call_1.1,0.22797227855459867,-5.456080353815894,32.14415982608847,0.30700041967535296,-0.00906626399036615,1.0,cross_class near-pair set (not b5-387); heston_GB; measured moments have sampling error
tree_percell,heston_GB/32-36/digital_1.0,0.013036953634268456,-0.24488683334874392,24.041593998190873,0.3333933252445001,-0.0008606120881037815,1.0,cross_class near-pair set (not b5-387); heston_GB; measured moments have sampling error
tree_percell,heston_GB/32-37/call_0.9,0.34757632725183185,-3.8693276288295815,17.10515324298655,0.44435033150175923,0.6425061637929131,1.0,cross_class near-pair set (not b5-387); heston_GB; measured moments have sampling error
tree_percell,heston_GB/32-37/call_1.0,0.35254226741948474,-3.8556522539146605,16.79025445966212,0.4436839779098765,0.6581893763644496,1.0,cross_class near-pair set (not b5-387); heston_GB; measured moments have sampling error
tree_percell,heston_GB/32-37/call_1.1,0.3560986128778536,-3.8512180724998175,16.632990321938422,0.44358128378622025,0.6674124446009396,1.0,cross_class near-pair set (not b5-387); heston_GB; measured moments have sampling error
tree_percell,heston_GB/32-37/digital_1.0,0.17055767563436694,-2.4025781773315975,14.999397306233622,0.4566082604367813,0.4768682264603192,1.0,cross_class near-pair set (not b5-387); heston_GB; measured moments have sampling error
tree_percell,heston_GB/32-38/call_0.9,0.34757632725183185,-3.8693276288295815,17.10515324298655,0.44435033150175923,0.6425061637929131,1.0,cross_class near-pair set (not b5-387); heston_GB; measured moments have sampling error
tree_percell,heston_GB/32-38/call_1.0,0.35254226741948474,-3.8556522539146605,16.79025445966212,0.4436839779098765,0.6581893763644496,1.0,cross_class near-pair set (not b5-387); heston_GB; measured moments have sampling error
tree_percell,heston_GB/32-38/call_1.1,0.3560986128778536,-3.8512180724998175,16.632990321938422,0.44358128378622025,0.6674124446009396,1.0,cross_class near-pair set (not b5-387); heston_GB; measured moments have sampling error
tree_percell,heston_GB/32-38/digital_1.0,0.17055767563436694,-2.4025781773315975,14.999397306233622,0.4566082604367813,0.4768682264603192,1.0,cross_class near-pair set (not b5-387); heston_GB; measured moments have sampling error
tree_percell,heston_GB/32-39/call_0.9,0.34417335675279304,-3.815768785881196,16.801541754200183,0.4612879319861398,0.6454408004624171,1.0,cross_class near-pair set (not b5-387); heston_GB; measured moments have sampling error
tree_percell,heston_GB/32-39/call_1.0,0.34957190397737903,-3.8048928231230863,16.507584199445077,0.4602439749246683,0.6610633711429685,1.0,cross_class near-pair set (not b5-387); heston_GB; measured moments have sampling error
tree_percell,heston_GB/32-39/call_1.1,0.35350473106121016,-3.802339475623778,16.362975030759507,0.4598122341524708,0.6703840307774807,1.0,cross_class near-pair set (not b5-387); heston_GB; measured moments have sampling error
tree_percell,heston_GB/32-39/digital_1.0,0.16140460571506,-2.3368645243281154,14.317153773340511,0.48527882455917276,0.49512388270267305,1.0,cross_class near-pair set (not b5-387); heston_GB; measured moments have sampling error
tree_percell,heston_GB/32-40/call_0.9,0.33986338786381826,-3.5656342229968674,15.120565139292914,0.47101364382449723,0.6828024610366431,1.0,cross_class near-pair set (not b5-387); heston_GB; measured moments have sampling error
tree_percell,heston_GB/32-40/call_1.0,0.34855842729454317,-3.5981752175873645,15.000152210222492,0.46955457976418963,0.6981509962718432,1.0,cross_class near-pair set (not b5-387); heston_GB; measured moments have sampling error
tree_percell,heston_GB/32-40/call_1.1,0.35506030868509597,-3.6250247869952537,14.994175435639615,0.4685444658049227,0.7070455180573719,1.0,cross_class near-pair set (not b5-387); heston_GB; measured moments have sampling error
tree_percell,heston_GB/32-40/digital_1.0,0.11464038754538738,-0.7803621903134773,14.884190624817435,0.47171237695885776,0.4106654566279253,1.0,cross_class near-pair set (not b5-387); heston_GB; measured moments have sampling error
tree_percell,heston_GB/32-41/call_0.9,0.34932071813740345,-3.868106924638406,17.10382367830852,0.4461723271798084,0.644670994377575,1.0,cross_class near-pair set (not b5-387); heston_GB; measured moments have sampling error
tree_percell,heston_GB/32-41/call_1.0,0.3539230847897051,-3.855342735902511,16.793090805109127,0.44512172900221597,0.6597905961701561,1.0,cross_class near-pair set (not b5-387); heston_GB; measured moments have sampling error
tree_percell,heston_GB/32-41/call_1.1,0.35717169830676415,-3.851391945151621,16.637571997813364,0.4446958957304693,0.6685950260310567,1.0,cross_class near-pair set (not b5-387); heston_GB; measured moments have sampling error
tree_percell,heston_GB/32-41/digital_1.0,0.17675503208916252,-2.3659754411521177,14.699350902707721,0.46293274934042417,0.4923870244279538,1.0,cross_class near-pair set (not b5-387); heston_GB; measured moments have sampling error
tree_percell,heston_GB/32-43/call_0.9,0.45917475592419177,-3.1992178330699743,11.321224683748623,0.5531960868927397,0.8960887803095448,1.0,cross_class near-pair set (not b5-387); heston_GB; measured moments have sampling error
tree_percell,heston_GB/32-43/call_1.0,0.4580790889602277,-3.2248462688419277,11.462276119552056,0.5497468262785893,0.8929335778116197,1.0,cross_class near-pair set (not b5-387); heston_GB; measured moments have sampling error
tree_percell,heston_GB/32-43/call_1.1,0.45691190227024975,-3.241502147394469,11.54579419537193,0.546977354497828,0.8906836195440546,1.0,cross_class near-pair set (not b5-387); heston_GB; measured moments have sampling error
tree_percell,heston_GB/32-43/digital_1.0,0.3763605387184062,-2.152137999843946,7.754694979174953,0.6156786194871765,0.876060826245303,1.0,cross_class near-pair set (not b5-387); heston_GB; measured moments have sampling error
tree_percell,heston_GB/32-44/call_0.9,0.36838710333325003,-3.3829632190711636,13.23590772844501,0.521337552281392,0.7644989178549566,1.0,cross_class near-pair set (not b5-387); heston_GB; measured moments have sampling error
tree_percell,heston_GB/32-44/call_1.0,0.3763675223198655,-3.387104401529898,13.152633165926584,0.5203483497723632,0.7754259175257773,1.0,cross_class near-pair set (not b5-387); heston_GB; measured moments have sampling error
tree_percell,heston_GB/32-44/call_1.1,0.3825389790846333,-3.385879709600839,13.041149551649013,0.5198617085906057,0.785043065393805,1.0,cross_class near-pair set (not b5-387); heston_GB; measured moments have sampling error
tree_percell,heston_GB/32-44/digital_1.0,0.16603829735372766,-1.9153454744665144,9.144371050078218,0.565725067990935,0.6910871230015329,1.0,cross_class near-pair set (not b5-387); heston_GB; measured moments have sampling error
tree_percell,heston_GB/32-46/call_0.9,0.3742153326192642,-3.423386839642374,13.41344544009975,0.5059817176521378,0.7670710714163803,1.0,cross_class near-pair set (not b5-387); heston_GB; measured moments have sampling error
tree_percell,heston_GB/32-46/call_1.0,0.3785453211919036,-3.4192657269211373,13.286761228526945,0.5060994216067922,0.7752324631335173,1.0,cross_class near-pair set (not b5-387); heston_GB; measured moments have sampling error
tree_percell,heston_GB/32-46/call_1.1,0.3817522237869056,-3.4113018310010004,13.13954257604723,0.5069406318655272,0.7826165169006787,1.0,cross_class near-pair set (not b5-387); heston_GB; measured moments have sampling error
tree_percell,heston_GB/32-46/digital_1.0,0.22224468697487232,-2.0709494103417123,9.16390623156681,0.5564601191416698,0.7274267391060382,1.0,cross_class near-pair set (not b5-387); heston_GB; measured moments have sampling error
tree_percell,heston_GB/33-34/call_0.9,0.14419315569538677,-9.340933524515322,100.25811707719608,0.19674661201661872,-2.7868010288126657,1.0,cross_class near-pair set (not b5-387); heston_GB; measured moments have sampling error
tree_percell,heston_GB/33-34/call_1.0,0.1525319670958039,-9.002877738091476,93.5544372029091,0.2013103088073797,-2.496552563671372,1.0,cross_class near-pair set (not b5-387); heston_GB; measured moments have sampling error
tree_percell,heston_GB/33-34/call_1.1,0.15896224844476842,-8.632957476991988,86.52058536966454,0.20816057413943806,-2.203573587838094,1.0,cross_class near-pair set (not b5-387); heston_GB; measured moments have sampling error
tree_percell,heston_GB/33-34/digital_1.0,0.02788831271677385,2.551000998539533,72.16962381219021,0.19737351618208143,-2.0142411155791025,1.0,cross_class near-pair set (not b5-387); heston_GB; measured moments have sampling error
tree_percell,heston_GB/33-35/call_0.9,0.14419315569538677,-9.340933524515322,100.25811707719608,0.19674661201661872,-2.7868010288126657,1.0,cross_class near-pair set (not b5-387); heston_GB; measured moments have sampling error
tree_percell,heston_GB/33-35/call_1.0,0.1525319670958039,-9.002877738091476,93.5544372029091,0.2013103088073797,-2.496552563671372,1.0,cross_class near-pair set (not b5-387); heston_GB; measured moments have sampling error
tree_percell,heston_GB/33-35/call_1.1,0.15896224844476842,-8.632957476991988,86.52058536966454,0.20816057413943806,-2.203573587838094,1.0,cross_class near-pair set (not b5-387); heston_GB; measured moments have sampling error
tree_percell,heston_GB/33-35/digital_1.0,0.02788831271677385,2.551000998539533,72.16962381219021,0.19737351618208143,-2.0142411155791025,1.0,cross_class near-pair set (not b5-387); heston_GB; measured moments have sampling error
tree_percell,heston_GB/33-36/call_0.9,0.14419315569538677,-9.340933524515322,100.25811707719608,0.19674661201661872,-2.7868010288126657,1.0,cross_class near-pair set (not b5-387); heston_GB; measured moments have sampling error
tree_percell,heston_GB/33-36/call_1.0,0.1525319670958039,-9.002877738091476,93.5544372029091,0.2013103088073797,-2.496552563671372,1.0,cross_class near-pair set (not b5-387); heston_GB; measured moments have sampling error
tree_percell,heston_GB/33-36/call_1.1,0.15896224844476842,-8.632957476991988,86.52058536966454,0.20816057413943806,-2.203573587838094,1.0,cross_class near-pair set (not b5-387); heston_GB; measured moments have sampling error
tree_percell,heston_GB/33-36/digital_1.0,0.02788831271677385,2.551000998539533,72.16962381219021,0.19737351618208143,-2.0142411155791025,1.0,cross_class near-pair set (not b5-387); heston_GB; measured moments have sampling error
tree_percell,heston_GB/33-37/call_0.9,0.29147525242290034,-5.220898044007074,32.34391668176566,0.36464289029954755,0.09919355279005436,1.0,cross_class near-pair set (not b5-387); heston_GB; measured moments have sampling error
tree_percell,heston_GB/33-37/call_1.0,0.2960851370892983,-5.162431415428198,31.732544708291776,0.3672649316356977,0.1272608207316258,1.0,cross_class near-pair set (not b5-387); heston_GB; measured moments have sampling error
tree_percell,heston_GB/33-37/call_1.1,0.2993857913933842,-5.12412613639812,31.36098952273423,0.3696345208380381,0.1450576496499445,1.0,cross_class near-pair set (not b5-387); heston_GB; measured moments have sampling error
tree_percell,heston_GB/33-37/digital_1.0,0.17957332715082516,-3.919777168171685,25.659857145710905,0.3704074448074326,0.11158878719773203,1.0,cross_class near-pair set (not b5-387); heston_GB; measured moments have sampling error
tree_percell,heston_GB/33-38/call_0.9,0.29147525242290034,-5.220898044007074,32.34391668176566,0.36464289029954755,0.09919355279005436,1.0,cross_class near-pair set (not b5-387); heston_GB; measured moments have sampling error
tree_percell,heston_GB/33-38/call_1.0,0.2960851370892983,-5.162431415428198,31.732544708291776,0.3672649316356977,0.1272608207316258,1.0,cross_class near-pair set (not b5-387); heston_GB; measured moments have sampling error
tree_percell,heston_GB/33-38/call_1.1,0.2993857913933842,-5.12412613639812,31.36098952273423,0.3696345208380381,0.1450576496499445,1.0,cross_class near-pair set (not b5-387); heston_GB; measured moments have sampling error
tree_percell,heston_GB/33-38/digital_1.0,0.17957332715082516,-3.919777168171685,25.659857145710905,0.3704074448074326,0.11158878719773203,1.0,cross_class near-pair set (not b5-387); heston_GB; measured moments have sampling error
tree_percell,heston_GB/33-39/call_0.9,0.2875192826114664,-5.126036119855209,31.60003641409361,0.38531037320111566,0.1131811957651495,1.0,cross_class near-pair set (not b5-387); heston_GB; measured moments have sampling error
tree_percell,heston_GB/33-39/call_1.0,0.29256990474205735,-5.0710117494256695,31.021243345759466,0.38762922879496986,0.14101845932770993,1.0,cross_class near-pair set (not b5-387); heston_GB; measured moments have sampling error
tree_percell,heston_GB/33-39/call_1.1,0.296266778590695,-5.034865272103009,30.66801113623159,0.38971726944569407,0.15895730067824873,1.0,cross_class near-pair set (not b5-387); heston_GB; measured moments have sampling error
tree_percell,heston_GB/33-39/digital_1.0,0.1685499150296513,-3.750834999667813,24.170687350346977,0.40489361340168667,0.1512093051949921,1.0,cross_class near-pair set (not b5-387); heston_GB; measured moments have sampling error
tree_percell,heston_GB/33-40/call_0.9,0.28229630961317076,-4.674168189011507,27.41900560019139,0.3967974696543314,0.23140555617246328,1.0,cross_class near-pair set (not b5-387); heston_GB; measured moments have sampling error
tree_percell,heston_GB/33-40/call_1.0,0.29100928236447304,-4.6916214681145245,27.22241117976685,0.3985537091376511,0.25430427687458307,1.0,cross_class near-pair set (not b5-387); heston_GB; measured moments have sampling error
tree_percell,heston_GB/33-40/call_1.1,0.29762469651840173,-4.705794939667691,27.180180130608715,0.39991370530575143,0.26802485487842365,1.0,cross_class near-pair set (not b5-387); heston_GB; measured moments have sampling error
tree_percell,heston_GB/33-40/digital_1.0,0.11156191554467164,-1.104719890534633,23.029917954520123,0.39139123651855623,0.08434751733242284,1.0,cross_class near-pair set (not b5-387); heston_GB; measured moments have sampling error
tree_percell,heston_GB/33-41/call_0.9,0.2934917865044509,-5.2180545741632285,32.32909383717036,0.3668657611535384,0.10368947863861981,1.0,cross_class near-pair set (not b5-387); heston_GB; measured moments have sampling error
tree_percell,heston_GB/33-41/call_1.0,0.2976964437698592,-5.161289487816244,31.730687881544327,0.3690359087127959,0.13051444911551469,1.0,cross_class near-pair set (not b5-387); heston_GB; measured moments have sampling error
tree_percell,heston_GB/33-41/call_1.1,0.3006476698717703,-5.123952397487858,31.365705668508667,0.3710183566696024,0.14740576212913892,1.0,cross_class near-pair set (not b5-387); heston_GB; measured moments have sampling error
tree_percell,heston_GB/33-41/digital_1.0,0.1866671450729554,-3.8525706242397013,24.997522863467623,0.37794499441125,0.14473736014730137,1.0,cross_class near-pair set (not b5-387); heston_GB; measured moments have sampling error
tree_percell,heston_GB/33-43/call_0.9,0.4253128411287435,-3.7717659742116143,16.65569066331424,0.5147719817542548,0.7474527322707168,1.0,cross_class near-pair set (not b5-387); heston_GB; measured moments have sampling error
tree_percell,heston_GB/33-43/call_1.0,0.4236465271640729,-3.788180362016136,16.834227908693137,0.5119473563320914,0.7412569617407426,1.0,cross_class near-pair set (not b5-387); heston_GB; measured moments have sampling error
tree_percell,heston_GB/33-43/call_1.1,0.42190294882596613,-3.79554471480301,16.9186675271268,0.5098367821505229,0.737103229395981,1.0,cross_class near-pair set (not b5-387); heston_GB; measured moments have sampling error
tree_percell,heston_GB/33-43/digital_1.0,0.38502253326134617,-2.621926851468539,9.902605736612143,0.5675310026057232,0.8415002399771947,1.0,cross_class near-pair set (not b5-387); heston_GB; measured moments have sampling error
tree_percell,heston_GB/33-44/call_0.9,0.31407369277712943,-4.136913589380637,20.139965186104675,0.4601633417419493,0.5101062193161526,1.0,cross_class near-pair set (not b5-387); heston_GB; measured moments have sampling error
tree_percell,heston_GB/33-44/call_1.0,0.3211522432922147,-4.140441801848712,20.19750237658274,0.46127518409833035,0.5182815384273944,1.0,cross_class near-pair set (not b5-387); heston_GB; measured moments have sampling error
tree_percell,heston_GB/33-44/call_1.1,0.3266689818819109,-4.136665786253988,20.162778159633664,0.4623387920341443,0.5270582488590867,1.0,cross_class near-pair set (not b5-387); heston_GB; measured moments have sampling error
tree_percell,heston_GB/33-44/digital_1.0,0.16691924481967826,-2.581500154333019,13.0293963263207,0.5023251907692896,0.5565231236954652,1.0,cross_class near-pair set (not b5-387); heston_GB; measured moments have sampling error
tree_percell,heston_GB/33-46/call_0.9,0.3204208808143827,-4.199957573171486,20.48195480157345,0.44117013535764565,0.5105088571768119,1.0,cross_class near-pair set (not b5-387); heston_GB; measured moments have sampling error
tree_percell,heston_GB/33-46/call_1.0,0.3236376518271716,-4.193719691739015,20.481923584888925,0.44340512076801347,0.5148129363226286,1.0,cross_class near-pair set (not b5-387); heston_GB; measured moments have sampling error
tree_percell,heston_GB/33-46/call_1.1,0.32598963052388674,-4.181957802757386,20.397755622687576,0.4458874463026985,0.5204324270417066,1.0,cross_class near-pair set (not b5-387); heston_GB; measured moments have sampling error
tree_percell,heston_GB/33-46/digital_1.0,0.22908740033432834,-2.858329332493301,13.147717021535886,0.4901227425872948,0.6108474241636943,1.0,cross_class near-pair set (not b5-387); heston_GB; measured moments have sampling error
tree_percell,heston_GB/34-37/call_0.9,0.2573178241742597,-5.72026993291536,37.96913247281094,0.3218229236714071,-0.1538656639648958,1.0,cross_class near-pair set (not b5-387); heston_GB; measured moments have sampling error
tree_percell,heston_GB/34-37/call_1.0,0.2590112343667977,-5.671818828713647,37.39901025699782,0.3225647678885899,-0.13129213780015103,1.0,cross_class near-pair set (not b5-387); heston_GB; measured moments have sampling error
tree_percell,heston_GB/34-37/call_1.1,0.2598683870196419,-5.6510681086235,37.16244489361852,0.32245598323204605,-0.12163701904216104,1.0,cross_class near-pair set (not b5-387); heston_GB; measured moments have sampling error
tree_percell,heston_GB/34-37/digital_1.0,0.21033892787587155,-5.559294241379256,35.34314647210122,0.3176279761579032,-0.16048242253821776,1.0,cross_class near-pair set (not b5-387); heston_GB; measured moments have sampling error
tree_percell,heston_GB/34-38/call_0.9,0.2573178241742597,-5.72026993291536,37.96913247281094,0.3218229236714071,-0.1538656639648958,1.0,cross_class near-pair set (not b5-387); heston_GB; measured moments have sampling error
tree_percell,heston_GB/34-38/call_1.0,0.2590112343667977,-5.671818828713647,37.39901025699782,0.3225647678885899,-0.13129213780015103,1.0,cross_class near-pair set (not b5-387); heston_GB; measured moments have sampling error
tree_percell,heston_GB/34-38/call_1.1,0.2598683870196419,-5.6510681086235,37.16244489361852,0.32245598323204605,-0.12163701904216104,1.0,cross_class near-pair set (not b5-387); heston_GB; measured moments have sampling error
tree_percell,heston_GB/34-38/digital_1.0,0.21033892787587155,-5.559294241379256,35.34314647210122,0.3176279761579032,-0.16048242253821776,1.0,cross_class near-pair set (not b5-387); heston_GB; measured moments have sampling error
tree_percell,heston_GB/34-39/call_0.9,0.25339791474330053,-5.612159162556716,37.053851148332704,0.34353295871505635,-0.13340274076635245,1.0,cross_class near-pair set (not b5-387); heston_GB; measured moments have sampling error
tree_percell,heston_GB/34-39/call_1.0,0.2555536677687987,-5.567336463875148,36.518942310958266,0.34399889392152067,-0.11096836834814632,1.0,cross_class near-pair set (not b5-387); heston_GB; measured moments have sampling error
tree_percell,heston_GB/34-39/call_1.1,0.25682363839280486,-5.54851724720257,36.29802371769024,0.34363505127174543,-0.10092932575735576,1.0,cross_class near-pair set (not b5-387); heston_GB; measured moments have sampling error
tree_percell,heston_GB/34-39/digital_1.0,0.1973996840090345,-5.264072273191329,32.92608146908396,0.35558684057024176,-0.10177862945011591,1.0,cross_class near-pair set (not b5-387); heston_GB; measured moments have sampling error
tree_percell,heston_GB/34-40/call_0.9,0.24899118331520836,-5.094820753888568,31.917019278262593,0.3566111713894951,0.025668720649903054,1.0,cross_class near-pair set (not b5-387); heston_GB; measured moments have sampling error
tree_percell,heston_GB/34-40/call_1.0,0.25491006224541063,-5.130560783944575,31.837503633646854,0.35650090098180853,0.04127250582531522,1.0,cross_class near-pair set (not b5-387); heston_GB; measured moments have sampling error
tree_percell,heston_GB/34-40/call_1.1,0.25916339542674266,-5.166884631235601,31.974457637484285,0.35541844211329837,0.04592667337496075,1.0,cross_class near-pair set (not b5-387); heston_GB; measured moments have sampling error
tree_percell,heston_GB/34-40/digital_1.0,0.12948496503201803,-1.4974775766175286,29.26176649629216,0.346650848241751,-0.14714003789457128,1.0,cross_class near-pair set (not b5-387); heston_GB; measured moments have sampling error
tree_percell,heston_GB/34-41/call_0.9,0.2593779051521224,-5.716146290623542,37.940347847802826,0.32415840509941163,-0.1483713052555323,1.0,cross_class near-pair set (not b5-387); heston_GB; measured moments have sampling error
tree_percell,heston_GB/34-41/call_1.0,0.26065433791980036,-5.669769836987213,37.38787560882999,0.3244263872648914,-0.12732996037197708,1.0,cross_class near-pair set (not b5-387); heston_GB; measured moments have sampling error
tree_percell,heston_GB/34-41/call_1.1,0.26115364647986117,-5.6502621182167685,37.16108876362599,0.3239119524074101,-0.11878521874257908,1.0,cross_class near-pair set (not b5-387); heston_GB; measured moments have sampling error
tree_percell,heston_GB/34-41/digital_1.0,0.21788338077396643,-5.4547051098831405,34.29273053224826,0.3260200296875885,-0.10943946306211494,1.0,cross_class near-pair set (not b5-387); heston_GB; measured moments have sampling error
tree_percell,heston_GB/34-43/call_0.9,0.40060979853013867,-3.9670401692098833,18.161424180257733,0.4885003132768005,0.6832376361927972,1.0,cross_class near-pair set (not b5-387); heston_GB; measured moments have sampling error
tree_percell,heston_GB/34-43/call_1.0,0.39676868626884226,-3.992426069896224,18.413307299262897,0.48421035152074754,0.672002513429261,1.0,cross_class near-pair set (not b5-387); heston_GB; measured moments have sampling error
tree_percell,heston_GB/34-43/call_1.1,0.39319386064974515,-4.011132708864375,18.585969657339092,0.4802420497225879,0.6630340650773404,1.0,cross_class near-pair set (not b5-387); heston_GB; measured moments have sampling error
tree_percell,heston_GB/34-43/digital_1.0,0.40873184240185123,-3.0912030948623426,11.388627620685298,0.5438874814302886,0.8430570601335265,1.0,cross_class near-pair set (not b5-387); heston_GB; measured moments have sampling error
tree_percell,heston_GB/34-44/call_0.9,0.28683932065231577,-4.35858923470091,21.99917916470194,0.42857592762598823,0.41650123725965,1.0,cross_class near-pair set (not b5-387); heston_GB; measured moments have sampling error
tree_percell,heston_GB/34-44/call_1.0,0.29167896305138097,-4.367801043441186,22.090330764926822,0.4282923218243975,0.420898519064925,1.0,cross_class near-pair set (not b5-387); heston_GB; measured moments have sampling error
tree_percell,heston_GB/34-44/call_1.1,0.29527148219781546,-4.372266473776504,22.107295015080183,0.42749544356861063,0.4258754581633347,1.0,cross_class near-pair set (not b5-387); heston_GB; measured moments have sampling error
tree_percell,heston_GB/34-44/digital_1.0,0.18451020860885037,-3.1186878757563656,15.62456251016377,0.4644964893746644,0.4847853553199666,1.0,cross_class near-pair set (not b5-387); heston_GB; measured moments have sampling error
tree_percell,heston_GB/34-46/call_0.9,0.2931319832008151,-4.424271792228871,22.370238148320855,0.4090914672554247,0.4158076819986038,1.0,cross_class near-pair set (not b5-387); heston_GB; measured moments have sampling error
tree_percell,heston_GB/34-46/call_1.0,0.2941035189148864,-4.42401050794505,22.40568838961414,0.4099342697263174,0.4160271277522583,1.0,cross_class near-pair set (not b5-387); heston_GB; measured moments have sampling error
tree_percell,heston_GB/34-46/call_1.1,0.2945348444097985,-4.420936981357499,22.37607930712812,0.4105709635667123,0.41757667376921387,1.0,cross_class near-pair set (not b5-387); heston_GB; measured moments have sampling error
tree_percell,heston_GB/34-46/digital_1.0,0.25086898829524046,-3.502413073915949,15.859238032024475,0.45150215412199135,0.5557784086209361,1.0,cross_class near-pair set (not b5-387); heston_GB; measured moments have sampling error
tree_percell,heston_GB/35-37/call_0.9,0.2573178241742597,-5.72026993291536,37.96913247281094,0.3218229236714071,-0.1538656639648958,1.0,cross_class near-pair set (not b5-387); heston_GB; measured moments have sampling error
tree_percell,heston_GB/35-37/call_1.0,0.2590112343667977,-5.671818828713647,37.39901025699782,0.3225647678885899,-0.13129213780015103,1.0,cross_class near-pair set (not b5-387); heston_GB; measured moments have sampling error
tree_percell,heston_GB/35-37/call_1.1,0.2598683870196419,-5.6510681086235,37.16244489361852,0.32245598323204605,-0.12163701904216104,1.0,cross_class near-pair set (not b5-387); heston_GB; measured moments have sampling error
tree_percell,heston_GB/35-37/digital_1.0,0.21033892787587155,-5.559294241379256,35.34314647210122,0.3176279761579032,-0.16048242253821776,1.0,cross_class near-pair set (not b5-387); heston_GB; measured moments have sampling error
tree_percell,heston_GB/35-38/call_0.9,0.2573178241742597,-5.72026993291536,37.96913247281094,0.3218229236714071,-0.1538656639648958,1.0,cross_class near-pair set (not b5-387); heston_GB; measured moments have sampling error
tree_percell,heston_GB/35-38/call_1.0,0.2590112343667977,-5.671818828713647,37.39901025699782,0.3225647678885899,-0.13129213780015103,1.0,cross_class near-pair set (not b5-387); heston_GB; measured moments have sampling error
tree_percell,heston_GB/35-38/call_1.1,0.2598683870196419,-5.6510681086235,37.16244489361852,0.32245598323204605,-0.12163701904216104,1.0,cross_class near-pair set (not b5-387); heston_GB; measured moments have sampling error
tree_percell,heston_GB/35-38/digital_1.0,0.21033892787587155,-5.559294241379256,35.34314647210122,0.3176279761579032,-0.16048242253821776,1.0,cross_class near-pair set (not b5-387); heston_GB; measured moments have sampling error
tree_percell,heston_GB/35-39/call_0.9,0.25339791474330053,-5.612159162556716,37.053851148332704,0.34353295871505635,-0.13340274076635245,1.0,cross_class near-pair set (not b5-387); heston_GB; measured moments have sampling error
tree_percell,heston_GB/35-39/call_1.0,0.2555536677687987,-5.567336463875148,36.518942310958266,0.34399889392152067,-0.11096836834814632,1.0,cross_class near-pair set (not b5-387); heston_GB; measured moments have sampling error
tree_percell,heston_GB/35-39/call_1.1,0.25682363839280486,-5.54851724720257,36.29802371769024,0.34363505127174543,-0.10092932575735576,1.0,cross_class near-pair set (not b5-387); heston_GB; measured moments have sampling error
tree_percell,heston_GB/35-39/digital_1.0,0.1973996840090345,-5.264072273191329,32.92608146908396,0.35558684057024176,-0.10177862945011591,1.0,cross_class near-pair set (not b5-387); heston_GB; measured moments have sampling error
tree_percell,heston_GB/35-40/call_0.9,0.24899118331520836,-5.094820753888568,31.917019278262593,0.3566111713894951,0.025668720649903054,1.0,cross_class near-pair set (not b5-387); heston_GB; measured moments have sampling error
tree_percell,heston_GB/35-40/call_1.0,0.25491006224541063,-5.130560783944575,31.837503633646854,0.35650090098180853,0.04127250582531522,1.0,cross_class near-pair set (not b5-387); heston_GB; measured moments have sampling error
tree_percell,heston_GB/35-40/call_1.1,0.25916339542674266,-5.166884631235601,31.974457637484285,0.35541844211329837,0.04592667337496075,1.0,cross_class near-pair set (not b5-387); heston_GB; measured moments have sampling error
tree_percell,heston_GB/35-40/digital_1.0,0.12948496503201803,-1.4974775766175286,29.26176649629216,0.346650848241751,-0.14714003789457128,1.0,cross_class near-pair set (not b5-387); heston_GB; measured moments have sampling error
tree_percell,heston_GB/35-41/call_0.9,0.2593779051521224,-5.716146290623542,37.940347847802826,0.32415840509941163,-0.1483713052555323,1.0,cross_class near-pair set (not b5-387); heston_GB; measured moments have sampling error
tree_percell,heston_GB/35-41/call_1.0,0.26065433791980036,-5.669769836987213,37.38787560882999,0.3244263872648914,-0.12732996037197708,1.0,cross_class near-pair set (not b5-387); heston_GB; measured moments have sampling error
tree_percell,heston_GB/35-41/call_1.1,0.26115364647986117,-5.6502621182167685,37.16108876362599,0.3239119524074101,-0.11878521874257908,1.0,cross_class near-pair set (not b5-387); heston_GB; measured moments have sampling error
tree_percell,heston_GB/35-41/digital_1.0,0.21788338077396643,-5.4547051098831405,34.29273053224826,0.3260200296875885,-0.10943946306211494,1.0,cross_class near-pair set (not b5-387); heston_GB; measured moments have sampling error
tree_percell,heston_GB/35-43/call_0.9,0.40060979853013867,-3.9670401692098833,18.161424180257733,0.4885003132768005,0.6832376361927972,1.0,cross_class near-pair set (not b5-387); heston_GB; measured moments have sampling error
tree_percell,heston_GB/35-43/call_1.0,0.39676868626884226,-3.992426069896224,18.413307299262897,0.48421035152074754,0.672002513429261,1.0,cross_class near-pair set (not b5-387); heston_GB; measured moments have sampling error
tree_percell,heston_GB/35-43/call_1.1,0.39319386064974515,-4.011132708864375,18.585969657339092,0.4802420497225879,0.6630340650773404,1.0,cross_class near-pair set (not b5-387); heston_GB; measured moments have sampling error
tree_percell,heston_GB/35-43/digital_1.0,0.40873184240185123,-3.0912030948623426,11.388627620685298,0.5438874814302886,0.8430570601335265,1.0,cross_class near-pair set (not b5-387); heston_GB; measured moments have sampling error
tree_percell,heston_GB/35-44/call_0.9,0.28683932065231577,-4.35858923470091,21.99917916470194,0.42857592762598823,0.41650123725965,1.0,cross_class near-pair set (not b5-387); heston_GB; measured moments have sampling error
tree_percell,heston_GB/35-44/call_1.0,0.29167896305138097,-4.367801043441186,22.090330764926822,0.4282923218243975,0.420898519064925,1.0,cross_class near-pair set (not b5-387); heston_GB; measured moments have sampling error
tree_percell,heston_GB/35-44/call_1.1,0.29527148219781546,-4.372266473776504,22.107295015080183,0.42749544356861063,0.4258754581633347,1.0,cross_class near-pair set (not b5-387); heston_GB; measured moments have sampling error
tree_percell,heston_GB/35-44/digital_1.0,0.18451020860885037,-3.1186878757563656,15.62456251016377,0.4644964893746644,0.4847853553199666,1.0,cross_class near-pair set (not b5-387); heston_GB; measured moments have sampling error
tree_percell,heston_GB/35-46/call_0.9,0.2931319832008151,-4.424271792228871,22.370238148320855,0.4090914672554247,0.4158076819986038,1.0,cross_class near-pair set (not b5-387); heston_GB; measured moments have sampling error
tree_percell,heston_GB/35-46/call_1.0,0.2941035189148864,-4.42401050794505,22.40568838961414,0.4099342697263174,0.4160271277522583,1.0,cross_class near-pair set (not b5-387); heston_GB; measured moments have sampling error
tree_percell,heston_GB/35-46/call_1.1,0.2945348444097985,-4.420936981357499,22.37607930712812,0.4105709635667123,0.41757667376921387,1.0,cross_class near-pair set (not b5-387); heston_GB; measured moments have sampling error
tree_percell,heston_GB/35-46/digital_1.0,0.25086898829524046,-3.502413073915949,15.859238032024475,0.45150215412199135,0.5557784086209361,1.0,cross_class near-pair set (not b5-387); heston_GB; measured moments have sampling error
tree_percell,heston_GB/36-37/call_0.9,0.2573178241742597,-5.72026993291536,37.96913247281094,0.3218229236714071,-0.1538656639648958,1.0,cross_class near-pair set (not b5-387); heston_GB; measured moments have sampling error
tree_percell,heston_GB/36-37/call_1.0,0.2590112343667977,-5.671818828713647,37.39901025699782,0.3225647678885899,-0.13129213780015103,1.0,cross_class near-pair set (not b5-387); heston_GB; measured moments have sampling error
tree_percell,heston_GB/36-37/call_1.1,0.2598683870196419,-5.6510681086235,37.16244489361852,0.32245598323204605,-0.12163701904216104,1.0,cross_class near-pair set (not b5-387); heston_GB; measured moments have sampling error
tree_percell,heston_GB/36-37/digital_1.0,0.21033892787587155,-5.559294241379256,35.34314647210122,0.3176279761579032,-0.16048242253821776,1.0,cross_class near-pair set (not b5-387); heston_GB; measured moments have sampling error
tree_percell,heston_GB/36-38/call_0.9,0.2573178241742597,-5.72026993291536,37.96913247281094,0.3218229236714071,-0.1538656639648958,1.0,cross_class near-pair set (not b5-387); heston_GB; measured moments have sampling error
tree_percell,heston_GB/36-38/call_1.0,0.2590112343667977,-5.671818828713647,37.39901025699782,0.3225647678885899,-0.13129213780015103,1.0,cross_class near-pair set (not b5-387); heston_GB; measured moments have sampling error
tree_percell,heston_GB/36-38/call_1.1,0.2598683870196419,-5.6510681086235,37.16244489361852,0.32245598323204605,-0.12163701904216104,1.0,cross_class near-pair set (not b5-387); heston_GB; measured moments have sampling error
tree_percell,heston_GB/36-38/digital_1.0,0.21033892787587155,-5.559294241379256,35.34314647210122,0.3176279761579032,-0.16048242253821776,1.0,cross_class near-pair set (not b5-387); heston_GB; measured moments have sampling error
tree_percell,heston_GB/36-39/call_0.9,0.25339791474330053,-5.612159162556716,37.053851148332704,0.34353295871505635,-0.13340274076635245,1.0,cross_class near-pair set (not b5-387); heston_GB; measured moments have sampling error
tree_percell,heston_GB/36-39/call_1.0,0.2555536677687987,-5.567336463875148,36.518942310958266,0.34399889392152067,-0.11096836834814632,1.0,cross_class near-pair set (not b5-387); heston_GB; measured moments have sampling error
tree_percell,heston_GB/36-39/call_1.1,0.25682363839280486,-5.54851724720257,36.29802371769024,0.34363505127174543,-0.10092932575735576,1.0,cross_class near-pair set (not b5-387); heston_GB; measured moments have sampling error
tree_percell,heston_GB/36-39/digital_1.0,0.1973996840090345,-5.264072273191329,32.92608146908396,0.35558684057024176,-0.10177862945011591,1.0,cross_class near-pair set (not b5-387); heston_GB; measured moments have sampling error
tree_percell,heston_GB/36-40/call_0.9,0.24899118331520836,-5.094820753888568,31.917019278262593,0.3566111713894951,0.025668720649903054,1.0,cross_class near-pair set (not b5-387); heston_GB; measured moments have sampling error
tree_percell,heston_GB/36-40/call_1.0,0.25491006224541063,-5.130560783944575,31.837503633646854,0.35650090098180853,0.04127250582531522,1.0,cross_class near-pair set (not b5-387); heston_GB; measured moments have sampling error
tree_percell,heston_GB/36-40/call_1.1,0.25916339542674266,-5.166884631235601,31.974457637484285,0.35541844211329837,0.04592667337496075,1.0,cross_class near-pair set (not b5-387); heston_GB; measured moments have sampling error
tree_percell,heston_GB/36-40/digital_1.0,0.12948496503201803,-1.4974775766175286,29.26176649629216,0.346650848241751,-0.14714003789457128,1.0,cross_class near-pair set (not b5-387); heston_GB; measured moments have sampling error
tree_percell,heston_GB/36-41/call_0.9,0.2593779051521224,-5.716146290623542,37.940347847802826,0.32415840509941163,-0.1483713052555323,1.0,cross_class near-pair set (not b5-387); heston_GB; measured moments have sampling error
tree_percell,heston_GB/36-41/call_1.0,0.26065433791980036,-5.669769836987213,37.38787560882999,0.3244263872648914,-0.12732996037197708,1.0,cross_class near-pair set (not b5-387); heston_GB; measured moments have sampling error
tree_percell,heston_GB/36-41/call_1.1,0.26115364647986117,-5.6502621182167685,37.16108876362599,0.3239119524074101,-0.11878521874257908,1.0,cross_class near-pair set (not b5-387); heston_GB; measured moments have sampling error
tree_percell,heston_GB/36-41/digital_1.0,0.21788338077396643,-5.4547051098831405,34.29273053224826,0.3260200296875885,-0.10943946306211494,1.0,cross_class near-pair set (not b5-387); heston_GB; measured moments have sampling error
tree_percell,heston_GB/36-43/call_0.9,0.40060979853013867,-3.9670401692098833,18.161424180257733,0.4885003132768005,0.6832376361927972,1.0,cross_class near-pair set (not b5-387); heston_GB; measured moments have sampling error
tree_percell,heston_GB/36-43/call_1.0,0.39676868626884226,-3.992426069896224,18.413307299262897,0.48421035152074754,0.672002513429261,1.0,cross_class near-pair set (not b5-387); heston_GB; measured moments have sampling error
tree_percell,heston_GB/36-43/call_1.1,0.39319386064974515,-4.011132708864375,18.585969657339092,0.4802420497225879,0.6630340650773404,1.0,cross_class near-pair set (not b5-387); heston_GB; measured moments have sampling error
tree_percell,heston_GB/36-43/digital_1.0,0.40873184240185123,-3.0912030948623426,11.388627620685298,0.5438874814302886,0.8430570601335265,1.0,cross_class near-pair set (not b5-387); heston_GB; measured moments have sampling error
tree_percell,heston_GB/36-44/call_0.9,0.28683932065231577,-4.35858923470091,21.99917916470194,0.42857592762598823,0.41650123725965,1.0,cross_class near-pair set (not b5-387); heston_GB; measured moments have sampling error
tree_percell,heston_GB/36-44/call_1.0,0.29167896305138097,-4.367801043441186,22.090330764926822,0.4282923218243975,0.420898519064925,1.0,cross_class near-pair set (not b5-387); heston_GB; measured moments have sampling error
tree_percell,heston_GB/36-44/call_1.1,0.29527148219781546,-4.372266473776504,22.107295015080183,0.42749544356861063,0.4258754581633347,1.0,cross_class near-pair set (not b5-387); heston_GB; measured moments have sampling error
tree_percell,heston_GB/36-44/digital_1.0,0.18451020860885037,-3.1186878757563656,15.62456251016377,0.4644964893746644,0.4847853553199666,1.0,cross_class near-pair set (not b5-387); heston_GB; measured moments have sampling error
tree_percell,heston_GB/36-46/call_0.9,0.2931319832008151,-4.424271792228871,22.370238148320855,0.4090914672554247,0.4158076819986038,1.0,cross_class near-pair set (not b5-387); heston_GB; measured moments have sampling error
tree_percell,heston_GB/36-46/call_1.0,0.2941035189148864,-4.42401050794505,22.40568838961414,0.4099342697263174,0.4160271277522583,1.0,cross_class near-pair set (not b5-387); heston_GB; measured moments have sampling error
tree_percell,heston_GB/36-46/call_1.1,0.2945348444097985,-4.420936981357499,22.37607930712812,0.4105709635667123,0.41757667376921387,1.0,cross_class near-pair set (not b5-387); heston_GB; measured moments have sampling error
tree_percell,heston_GB/36-46/digital_1.0,0.25086898829524046,-3.502413073915949,15.859238032024475,0.45150215412199135,0.5557784086209361,1.0,cross_class near-pair set (not b5-387); heston_GB; measured moments have sampling error
tree_percell,heston_GB/37-39/call_0.9,0.020978526010343154,0.3078350947800661,48.22398660695834,0.23163022917728648,-1.008640662388429,1.0,cross_class near-pair set (not b5-387); heston_GB; measured moments have sampling error
tree_percell,heston_GB/37-39/call_1.0,0.017667414622626575,0.4071671162465707,50.07445542047369,0.23105130067461643,-1.0863320290353908,1.0,cross_class near-pair set (not b5-387); heston_GB; measured moments have sampling error
tree_percell,heston_GB/37-39/call_1.1,0.014404894476286637,0.4203541427144482,50.77103806788812,0.22963417890293794,-1.115591134714598,1.0,cross_class near-pair set (not b5-387); heston_GB; measured moments have sampling error
tree_percell,heston_GB/37-39/digital_1.0,0.044073503878805,-1.0152325297882265,40.01489232381007,0.2512858311278426,-0.6533773204284182,1.0,cross_class near-pair set (not b5-387); heston_GB; measured moments have sampling error
tree_percell,heston_GB/37-40/call_0.9,0.0099515239836591,-5.301141034712054,97.86850615055798,0.17964391380174,-3.0682552719885963,1.0,cross_class near-pair set (not b5-387); heston_GB; measured moments have sampling error
tree_percell,heston_GB/37-40/call_1.0,0.023510870307258513,-6.831907448891856,103.25845320798292,0.18497123905159088,-3.2709254138608466,1.0,cross_class near-pair set (not b5-387); heston_GB; measured moments have sampling error
tree_percell,heston_GB/37-40/call_1.1,0.03578551729996819,-7.882708808540609,106.90584137226885,0.18911814695884424,-3.3960592449860654,1.0,cross_class near-pair set (not b5-387); heston_GB; measured moments have sampling error
tree_percell,heston_GB/37-40/digital_1.0,0.0703848364490851,6.306732220038501,100.95128365435039,0.1764407016284402,-3.2384164747614603,1.0,cross_class near-pair set (not b5-387); heston_GB; measured moments have sampling error
tree_percell,heston_GB/37-41/call_0.9,0.0710066961737425,-14.035790464030406,195.00395525551625,0.0887700031394749,-6.878303423566564,1.0,cross_class near-pair set (not b5-387); heston_GB; measured moments have sampling error
tree_percell,heston_GB/37-41/call_1.0,0.07100966287850083,-14.035787515417798,195.00390026073674,0.08877369336803148,-6.878287564895099,1.0,cross_class near-pair set (not b5-387); heston_GB; measured moments have sampling error
tree_percell,heston_GB/37-41/call_1.1,0.07101354755379875,-14.035783540378675,195.00382611842025,0.08877852543945318,-6.878266712217717,1.0,cross_class near-pair set (not b5-387); heston_GB; measured moments have sampling error
tree_percell,heston_GB/37-41/digital_1.0,0.07099818192546879,-14.035798518528235,195.00410546846896,0.08875941241238504,-6.878348626003726,1.0,cross_class near-pair set (not b5-387); heston_GB; measured moments have sampling error
tree_percell,heston_GB/37-43/call_0.9,0.3029826239570525,-5.782062691336151,42.05326360179617,0.39035111991663946,-0.18702719037149101,1.0,cross_class near-pair set (not b5-387); heston_GB; measured moments have sampling error
tree_percell,heston_GB/37-43/call_1.0,0.2957676513425374,-5.914361071391207,43.733108069353996,0.38209160417432525,-0.2579527720097213,1.0,cross_class near-pair set (not b5-387); heston_GB; measured moments have sampling error
tree_percell,heston_GB/37-43/call_1.1,0.289633767667153,-6.011338225324981,44.934310997841614,0.37513016660145426,-0.3118448568210849,1.0,cross_class near-pair set (not b5-387); heston_GB; measured moments have sampling error
tree_percell,heston_GB/37-43/digital_1.0,0.35986253289345843,-3.3798366938138673,14.309082189370528,0.4817650719676313,0.7213899222579513,1.0,cross_class near-pair set (not b5-387); heston_GB; measured moments have sampling error
tree_percell,heston_GB/37-44/call_0.9,0.1402032933158671,-7.000771628998749,57.75381028307865,0.2923699774444547,-1.1529192906876826,1.0,cross_class near-pair set (not b5-387); heston_GB; measured moments have sampling error
tree_percell,heston_GB/37-44/call_1.0,0.14512678272108978,-7.080578719538463,58.734336802225386,0.2896739231077926,-1.1782552959342445,1.0,cross_class near-pair set (not b5-387); heston_GB; measured moments have sampling error
tree_percell,heston_GB/37-44/call_1.1,0.14906162014808552,-7.123704688063849,59.18662986650467,0.28734400248482383,-1.1854158844596479,1.0,cross_class near-pair set (not b5-387); heston_GB; measured moments have sampling error
tree_percell,heston_GB/37-44/digital_1.0,0.049059586038606884,-3.641932253044836,32.25613191488824,0.36700263132530286,-0.307841775060371,1.0,cross_class near-pair set (not b5-387); heston_GB; measured moments have sampling error
tree_percell,heston_GB/37-46/call_0.9,0.14884380924782808,-7.270735089504357,60.58400845460497,0.2560893943267966,-1.238089564615467,1.0,cross_class near-pair set (not b5-387); heston_GB; measured moments have sampling error
tree_percell,heston_GB/37-46/call_1.0,0.14858549528464476,-7.314142605746978,61.212111599103224,0.2565910084430061,-1.2627409845692585,1.0,cross_class near-pair set (not b5-387); heston_GB; measured moments have sampling error
tree_percell,heston_GB/37-46/call_1.1,0.14829607385049592,-7.328664462965503,61.36910530389336,0.25759986729134915,-1.2694013184595028,1.0,cross_class near-pair set (not b5-387); heston_GB; measured moments have sampling error
tree_percell,heston_GB/37-46/digital_1.0,0.139153579267041,-4.950877916255338,37.26091604844988,0.32266019912413874,-0.3807436199537676,1.0,cross_class near-pair set (not b5-387); heston_GB; measured moments have sampling error
tree_percell,heston_GB/38-39/call_0.9,0.020978526010343154,0.3078350947800661,48.22398660695834,0.23163022917728648,-1.008640662388429,1.0,cross_class near-pair set (not b5-387); heston_GB; measured moments have sampling error
tree_percell,heston_GB/38-39/call_1.0,0.017667414622626575,0.4071671162465707,50.07445542047369,0.23105130067461643,-1.0863320290353908,1.0,cross_class near-pair set (not b5-387); heston_GB; measured moments have sampling error
tree_percell,heston_GB/38-39/call_1.1,0.014404894476286637,0.4203541427144482,50.77103806788812,0.22963417890293794,-1.115591134714598,1.0,cross_class near-pair set (not b5-387); heston_GB; measured moments have sampling error
tree_percell,heston_GB/38-39/digital_1.0,0.044073503878805,-1.0152325297882265,40.01489232381007,0.2512858311278426,-0.6533773204284182,1.0,cross_class near-pair set (not b5-387); heston_GB; measured moments have sampling error
tree_percell,heston_GB/38-40/call_0.9,0.0099515239836591,-5.301141034712054,97.86850615055798,0.17964391380174,-3.0682552719885963,1.0,cross_class near-pair set (not b5-387); heston_GB; measured moments have sampling error
tree_percell,heston_GB/38-40/call_1.0,0.023510870307258513,-6.831907448891856,103.25845320798292,0.18497123905159088,-3.2709254138608466,1.0,cross_class near-pair set (not b5-387); heston_GB; measured moments have sampling error
tree_percell,heston_GB/38-40/call_1.1,0.03578551729996819,-7.882708808540609,106.90584137226885,0.18911814695884424,-3.3960592449860654,1.0,cross_class near-pair set (not b5-387); heston_GB; measured moments have sampling error
tree_percell,heston_GB/38-40/digital_1.0,0.0703848364490851,6.306732220038501,100.95128365435039,0.1764407016284402,-3.2384164747614603,1.0,cross_class near-pair set (not b5-387); heston_GB; measured moments have sampling error
tree_percell,heston_GB/38-41/call_0.9,0.0710066961737425,-14.035790464030406,195.00395525551625,0.0887700031394749,-6.878303423566564,1.0,cross_class near-pair set (not b5-387); heston_GB; measured moments have sampling error
tree_percell,heston_GB/38-41/call_1.0,0.07100966287850083,-14.035787515417798,195.00390026073674,0.08877369336803148,-6.878287564895099,1.0,cross_class near-pair set (not b5-387); heston_GB; measured moments have sampling error
tree_percell,heston_GB/38-41/call_1.1,0.07101354755379875,-14.035783540378675,195.00382611842025,0.08877852543945318,-6.878266712217717,1.0,cross_class near-pair set (not b5-387); heston_GB; measured moments have sampling error
tree_percell,heston_GB/38-41/digital_1.0,0.07099818192546879,-14.035798518528235,195.00410546846896,0.08875941241238504,-6.878348626003726,1.0,cross_class near-pair set (not b5-387); heston_GB; measured moments have sampling error
tree_percell,heston_GB/38-42/call_0.9,0.008326040441316247,-3.9970295329879315,69.87884249105919,0.2564351606489046,-1.9056685893890117,1.0,cross_class near-pair set (not b5-387); heston_GB; measured moments have sampling error
tree_percell,heston_GB/38-42/call_1.0,0.020576515960781284,-5.058727547106878,72.25129382584755,0.2620420156342606,-1.9905810960188577,1.0,cross_class near-pair set (not b5-387); heston_GB; measured moments have sampling error
tree_percell,heston_GB/38-42/call_1.1,0.03161698544802218,-5.714960382699577,73.08766359075895,0.26622807590034653,-2.0091510908181704,1.0,cross_class near-pair set (not b5-387); heston_GB; measured moments have sampling error
tree_percell,heston_GB/38-42/digital_1.0,0.06720205360765949,5.264213407546093,80.90566187024623,0.24930646639921636,-2.3994307414574494,1.0,cross_class near-pair set (not b5-387); heston_GB; measured moments have sampling error
tree_percell,heston_GB/38-43/call_0.9,0.3029826239570525,-5.782062691336151,42.05326360179617,0.39035111991663946,-0.18702719037149101,1.0,cross_class near-pair set (not b5-387); heston_GB; measured moments have sampling error
tree_percell,heston_GB/38-43/call_1.0,0.2957676513425374,-5.914361071391207,43.733108069353996,0.38209160417432525,-0.2579527720097213,1.0,cross_class near-pair set (not b5-387); heston_GB; measured moments have sampling error
tree_percell,heston_GB/38-43/call_1.1,0.289633767667153,-6.011338225324981,44.934310997841614,0.37513016660145426,-0.3118448568210849,1.0,cross_class near-pair set (not b5-387); heston_GB; measured moments have sampling error
tree_percell,heston_GB/38-43/digital_1.0,0.35986253289345843,-3.3798366938138673,14.309082189370528,0.4817650719676313,0.7213899222579513,1.0,cross_class near-pair set (not b5-387); heston_GB; measured moments have sampling error
tree_percell,heston_GB/38-44/call_0.9,0.1402032933158671,-7.000771628998749,57.75381028307865,0.2923699774444547,-1.1529192906876826,1.0,cross_class near-pair set (not b5-387); heston_GB; measured moments have sampling error
tree_percell,heston_GB/38-44/call_1.0,0.14512678272108978,-7.080578719538463,58.734336802225386,0.2896739231077926,-1.1782552959342445,1.0,cross_class near-pair set (not b5-387); heston_GB; measured moments have sampling error
tree_percell,heston_GB/38-44/call_1.1,0.14906162014808552,-7.123704688063849,59.18662986650467,0.28734400248482383,-1.1854158844596479,1.0,cross_class near-pair set (not b5-387); heston_GB; measured moments have sampling error
tree_percell,heston_GB/38-44/digital_1.0,0.049059586038606884,-3.641932253044836,32.25613191488824,0.36700263132530286,-0.307841775060371,1.0,cross_class near-pair set (not b5-387); heston_GB; measured moments have sampling error
tree_percell,heston_GB/38-46/call_0.9,0.14884380924782808,-7.270735089504357,60.58400845460497,0.2560893943267966,-1.238089564615467,1.0,cross_class near-pair set (not b5-387); heston_GB; measured moments have sampling error
tree_percell,heston_GB/38-46/call_1.0,0.14858549528464476,-7.314142605746978,61.212111599103224,0.2565910084430061,-1.2627409845692585,1.0,cross_class near-pair set (not b5-387); heston_GB; measured moments have sampling error
tree_percell,heston_GB/38-46/call_1.1,0.14829607385049592,-7.328664462965503,61.36910530389336,0.25759986729134915,-1.2694013184595028,1.0,cross_class near-pair set (not b5-387); heston_GB; measured moments have sampling error
tree_percell,heston_GB/38-46/digital_1.0,0.139153579267041,-4.950877916255338,37.26091604844988,0.32266019912413874,-0.3807436199537676,1.0,cross_class near-pair set (not b5-387); heston_GB; measured moments have sampling error
tree_percell,heston_GB/39-40/call_0.9,0.01713316904869392,-4.337548386310861,76.47291576014928,0.24482693046490484,-2.1721189011371185,1.0,cross_class near-pair set (not b5-387); heston_GB; measured moments have sampling error
tree_percell,heston_GB/39-40/call_1.0,0.02880391587559843,-5.5214655899150396,79.1882288041835,0.25162783309379827,-2.267553679012952,1.0,cross_class near-pair set (not b5-387); heston_GB; measured moments have sampling error
tree_percell,heston_GB/39-40/call_1.1,0.03906017252943659,-6.265463261466104,80.27344619073868,0.25697396141704787,-2.293807629345801,1.0,cross_class near-pair set (not b5-387); heston_GB; measured moments have sampling error
tree_percell,heston_GB/39-40/digital_1.0,0.05556662305871762,5.672649958559389,86.76745139340919,0.23482669637054565,-2.6454153062408508,1.0,cross_class near-pair set (not b5-387); heston_GB; measured moments have sampling error
tree_percell,heston_GB/39-41/call_0.9,0.03771184358770815,-0.43353920826879067,43.02332769033917,0.24631831747033467,-0.7848247148437523,1.0,cross_class near-pair set (not b5-387); heston_GB; measured moments have sampling error
tree_percell,heston_GB/39-41/call_1.0,0.03149192264542199,-0.4521303139019232,46.26473689870917,0.24413929520973088,-0.9215062514216988,1.0,cross_class near-pair set (not b5-387); heston_GB; measured moments have sampling error
tree_percell,heston_GB/39-41/call_1.1,0.025488293283805363,-0.4267837425708708,48.23790089691984,0.24082648973774964,-1.0054906378979975,1.0,cross_class near-pair set (not b5-387); heston_GB; measured moments have sampling error
tree_percell,heston_GB/39-41/digital_1.0,0.0740086089500985,-1.0535912704238322,33.7876396270746,0.2616621919605163,-0.3795415685673164,1.0,cross_class near-pair set (not b5-387); heston_GB; measured moments have sampling error
tree_percell,heston_GB/39-42/call_0.9,0.017262409132777434,-5.221140490294764,95.90747538870455,0.1871937673915834,-2.978746668828529,1.0,cross_class near-pair set (not b5-387); heston_GB; measured moments have sampling error
tree_percell,heston_GB/39-42/call_1.0,0.029733620398853734,-6.759476940138621,101.80788946523346,0.19137187133918077,-3.201032631461833,1.0,cross_class near-pair set (not b5-387); heston_GB; measured moments have sampling error
tree_percell,heston_GB/39-42/call_1.1,0.040999300118472116,-7.828334855526566,105.931257569956,0.19439510989783865,-3.345581574338577,1.0,cross_class near-pair set (not b5-387); heston_GB; measured moments have sampling error
tree_percell,heston_GB/39-42/digital_1.0,0.05746983201222714,5.999056400007558,95.46129407192038,0.18857910969506217,-3.008623528247976,1.0,cross_class near-pair set (not b5-387); heston_GB; measured moments have sampling error
tree_percell,heston_GB/39-43/call_0.9,0.3032966195362366,-5.672974317618542,40.93234447054569,0.4086784744877442,-0.15252911301810798,1.0,cross_class near-pair set (not b5-387); heston_GB; measured moments have sampling error
tree_percell,heston_GB/39-43/call_1.0,0.29585248090722516,-5.808681785268157,42.639506369368185,0.39943492670333475,-0.22437009104055017,1.0,cross_class near-pair set (not b5-387); heston_GB; measured moments have sampling error
tree_percell,heston_GB/39-43/call_1.1,0.2894661898259638,-5.9072644045956295,43.856470431885256,0.3918681497824881,-0.27903066214763267,1.0,cross_class near-pair set (not b5-387); heston_GB; measured moments have sampling error
tree_percell,heston_GB/39-43/digital_1.0,0.35980918232726417,-3.1802779435712676,13.013748577510537,0.5060055107844099,0.7521802337590469,1.0,cross_class near-pair set (not b5-387); heston_GB; measured moments have sampling error
tree_percell,heston_GB/39-44/call_0.9,0.1431893363185776,-7.106209372668597,58.79489789338375,0.27114045899782185,-1.1848659342416237,1.0,cross_class near-pair set (not b5-387); heston_GB; measured moments have sampling error
tree_percell,heston_GB/39-44/call_1.0,0.1477109303222508,-7.185413379325624,59.794043953501664,0.2688928902257141,-1.2115599849069785,1.0,cross_class near-pair set (not b5-387); heston_GB; measured moments have sampling error
tree_percell,heston_GB/39-44/call_1.1,0.15128932550985186,-7.2293488204044865,60.27513156221611,0.2669204153962028,-1.2204801499643099,1.0,cross_class near-pair set (not b5-387); heston_GB; measured moments have sampling error
tree_percell,heston_GB/39-44/digital_1.0,0.05888922750131828,-3.826700436336913,34.30113145201018,0.32762381347094777,-0.3819009143613379,1.0,cross_class near-pair set (not b5-387); heston_GB; measured moments have sampling error
tree_percell,heston_GB/39-46/call_0.9,0.1499485617098683,-7.090799680539872,58.446788308099514,0.2797802384918845,-1.1545094201233748,1.0,cross_class near-pair set (not b5-387); heston_GB; measured moments have sampling error
tree_percell,heston_GB/39-46/call_1.0,0.14936142498051347,-7.1451572241053265,59.211563738437924,0.2797258783467198,-1.1851289956963453,1.0,cross_class near-pair set (not b5-387); heston_GB; measured moments have sampling error
tree_percell,heston_GB/39-46/call_1.1,0.14875659431473992,-7.1678236712440535,59.478951892616266,0.2802941677863078,-1.1967672223149142,1.0,cross_class near-pair set (not b5-387); heston_GB; measured moments have sampling error
tree_percell,heston_GB/39-46/digital_1.0,0.14437925076962857,-4.549047664303198,32.9717071152194,0.3654053694708541,-0.21031317822048917,1.0,cross_class near-pair set (not b5-387); heston_GB; measured moments have sampling error
tree_percell,heston_GB/40-41/call_0.9,0.002880933877487218,5.2294797239653805,96.04438357426898,0.1875587465072787,-3.0042938304921822,1.0,cross_class near-pair set (not b5-387); heston_GB; measured moments have sampling error
tree_percell,heston_GB/40-41/call_1.0,0.01749010517922574,6.766582274626894,101.89138661118477,0.19175847287976136,-3.262596364098753,1.0,cross_class near-pair set (not b5-387); heston_GB; measured moments have sampling error
tree_percell,heston_GB/40-41/call_1.1,0.03079558627380401,7.831879574743978,105.94455580851573,0.19480221175827478,-3.4461500239676592,1.0,cross_class near-pair set (not b5-387); heston_GB; measured moments have sampling error
tree_percell,heston_GB/40-41/digital_1.0,0.08125240897517204,-6.087355773252752,95.48084491223426,0.1887188795058458,-2.844232772336594,1.0,cross_class near-pair set (not b5-387); heston_GB; measured moments have sampling error
tree_percell,heston_GB/40-42/call_0.9,0.0021772217057635535,-0.001070624268668671,42.883404853239675,0.24674828357240014,-0.7867912071258465,1.0,cross_class near-pair set (not b5-387); heston_GB; measured moments have sampling error
tree_percell,heston_GB/40-42/call_1.0,0.002304927518263875,0.18330215723611964,46.17726808685027,0.2445917915242539,-0.9241028092370405,1.0,cross_class near-pair set (not b5-387); heston_GB; measured moments have sampling error
tree_percell,heston_GB/40-42/call_1.1,0.00210530738091492,0.2505951074313001,48.1974673923787,0.24127341986352308,-1.0082979354334682,1.0,cross_class near-pair set (not b5-387); heston_GB; measured moments have sampling error
tree_percell,heston_GB/40-42/digital_1.0,0.0017959514815509513,-2.432776782056094,33.87836283772766,0.2616211751880722,-0.4108611563771063,1.0,cross_class near-pair set (not b5-387); heston_GB; measured moments have sampling error
tree_percell,heston_GB/40-45/call_0.9,0.15980438046314982,-7.105418131648789,59.202312307237094,0.2512611258345567,-1.1589171010706985,1.0,cross_class near-pair set (not b5-387); heston_GB; measured moments have sampling error
tree_percell,heston_GB/40-45/call_1.0,0.16200206389862193,-7.1681734308614535,59.96404239528211,0.25165975251705963,-1.181626669910988,1.0,cross_class near-pair set (not b5-387); heston_GB; measured moments have sampling error
tree_percell,heston_GB/40-45/call_1.1,0.164159351112434,-7.221219973552639,60.442112753528534,0.251734565408301,-1.1933417802813107,1.0,cross_class near-pair set (not b5-387); heston_GB; measured moments have sampling error
tree_percell,heston_GB/40-45/digital_1.0,0.10970951657176506,-4.730181481430079,40.60166486936864,0.28110918296803766,-0.565959048663062,1.0,cross_class near-pair set (not b5-387); heston_GB; measured moments have sampling error
tree_percell,heston_GB/41-42/call_0.9,0.0018572804169226245,-4.056057402924228,71.1945509079738,0.2493639155092653,-1.9651636208137753,1.0,cross_class near-pair set (not b5-387); heston_GB; measured moments have sampling error
tree_percell,heston_GB/41-42/call_1.0,0.015183732717276351,-5.112525542352594,73.22073416662508,0.2559858293991147,-2.036522578563144,1.0,cross_class near-pair set (not b5-387); heston_GB; measured moments have sampling error
tree_percell,heston_GB/41-42/call_1.1,0.027214797113588603,-5.7569461611713475,73.75206841575869,0.26116717748934776,-2.0423606261499736,1.0,cross_class near-pair set (not b5-387); heston_GB; measured moments have sampling error
tree_percell,heston_GB/41-42/digital_1.0,0.07959470946395944,5.517035715922858,85.2427767907111,0.23821124997453266,-2.5797417507234064,1.0,cross_class near-pair set (not b5-387); heston_GB; measured moments have sampling error
tree_percell,heston_GB/41-43/call_0.9,0.30115779225726985,-5.792193963529539,42.145073557140826,0.388380049612212,-0.19438959632762812,1.0,cross_class near-pair set (not b5-387); heston_GB; measured moments have sampling error
tree_percell,heston_GB/41-43/call_1.0,0.2943462785918454,-5.9238533968616895,43.82325884042568,0.38054899163033507,-0.2643912276501097,1.0,cross_class near-pair set (not b5-387); heston_GB; measured moments have sampling error
tree_percell,heston_GB/41-43/call_1.1,0.2885420985772358,-6.019810200965349,45.01753194552275,0.3739409608430199,-0.3173000568208208,1.0,cross_class near-pair set (not b5-387); heston_GB; measured moments have sampling error
tree_percell,heston_GB/41-43/digital_1.0,0.35098368347427594,-3.338728689735102,14.089574238819516,0.4846679617755611,0.716903766349933,1.0,cross_class near-pair set (not b5-387); heston_GB; measured moments have sampling error
tree_percell,heston_GB/41-44/call_0.9,0.13808558805735396,-6.991594170534572,57.64359197343741,0.29476294972808426,-1.1537834261767521,1.0,cross_class near-pair set (not b5-387); heston_GB; measured moments have sampling error
tree_percell,heston_GB/41-44/call_1.0,0.14346321149448252,-7.074621454701439,58.66044617517207,0.2915793610549129,-1.1795538642815049,1.0,cross_class near-pair set (not b5-387); heston_GB; measured moments have sampling error
tree_percell,heston_GB/41-44/call_1.1,0.14777396157338724,-7.119938055092484,59.13837182265612,0.28883576020657153,-1.186829793115674,1.0,cross_class near-pair set (not b5-387); heston_GB; measured moments have sampling error
tree_percell,heston_GB/41-44/digital_1.0,0.04026188471432235,-3.560032811348644,31.376531294869245,0.37495463913636484,-0.27927243738364294,1.0,cross_class near-pair set (not b5-387); heston_GB; measured moments have sampling error
tree_percell,heston_GB/41-46/call_0.9,0.14681366870501952,-7.279282606364871,60.67284499185082,0.2536560789078277,-1.246654545603752,1.0,cross_class near-pair set (not b5-387); heston_GB; measured moments have sampling error
tree_percell,heston_GB/41-46/call_1.0,0.14697832609638578,-7.319379128512875,61.26448489498327,0.25465976581087285,-1.2688756281801519,1.0,cross_class near-pair set (not b5-387); heston_GB; measured moments have sampling error
tree_percell,heston_GB/41-46/call_1.1,0.14704353605705253,-7.331748596398528,61.39822189893097,0.2560916307514576,-1.2737456902876108,1.0,cross_class near-pair set (not b5-387); heston_GB; measured moments have sampling error
tree_percell,heston_GB/41-46/digital_1.0,0.13102150421519992,-5.059384640233361,38.545847798797254,0.3139572682214485,-0.44310911751259585,1.0,cross_class near-pair set (not b5-387); heston_GB; measured moments have sampling error
tree_percell,heston_GB/43-48/call_0.9,0.2138279311738146,-6.9015732363683036,54.29761972186602,0.2811936515477328,-0.8281282438753804,1.0,cross_class near-pair set (not b5-387); heston_GB; measured moments have sampling error
tree_percell,heston_GB/43-48/call_1.0,0.21062207009657172,-6.973069354943961,55.23038008626643,0.2754385242049506,-0.8701947759649777,1.0,cross_class near-pair set (not b5-387); heston_GB; measured moments have sampling error
tree_percell,heston_GB/43-48/call_1.1,0.20797065665742603,-7.023245636748141,55.93796377050017,0.27059435959872896,-0.9029962807900654,1.0,cross_class near-pair set (not b5-387); heston_GB; measured moments have sampling error
tree_percell,heston_GB/43-48/digital_1.0,0.23221303930216372,-5.275687557815083,32.16774087323295,0.32505968517526435,-0.00849863715780451,1.0,cross_class near-pair set (not b5-387); heston_GB; measured moments have sampling error
tree_percell,heston_GB/44-49/call_0.9,0.2251423039352146,1.7632835225811647,10.534739616159175,0.45643598549547804,0.5408105702305276,1.0,cross_class near-pair set (not b5-387); heston_GB; measured moments have sampling error
tree_percell,heston_GB/44-49/call_1.0,0.2159453546728442,1.5974872559858257,10.709805649447045,0.450732676088072,0.5389114612408342,1.0,cross_class near-pair set (not b5-387); heston_GB; measured moments have sampling error
tree_percell,heston_GB/44-49/call_1.1,0.2059038553477885,1.477886583996113,11.071049377121088,0.44290085680303254,0.5278491745337097,1.0,cross_class near-pair set (not b5-387); heston_GB; measured moments have sampling error
tree_percell,heston_GB/44-49/digital_1.0,0.24328289615024035,3.8999818948230502,22.40366856362423,0.4345552559874236,0.0226324175215252,1.0,cross_class near-pair set (not b5-387); heston_GB; measured moments have sampling error
tree_percell,heston_GB/46-51/call_0.9,0.07354165783971628,0.4599949081705114,38.28004075819719,0.2760299467685746,-0.5834341995024348,1.0,cross_class near-pair set (not b5-387); heston_GB; measured moments have sampling error
tree_percell,heston_GB/46-51/call_1.0,0.07878520377669372,1.2056090082487003,39.45014929657602,0.2697759890971474,-0.6391882428376057,1.0,cross_class near-pair set (not b5-387); heston_GB; measured moments have sampling error
tree_percell,heston_GB/46-51/call_1.1,0.0829973242558906,1.8214607356431842,40.677166386726554,0.2643151042152322,-0.6966881002544386,1.0,cross_class near-pair set (not b5-387); heston_GB; measured moments have sampling error
tree_percell,heston_GB/46-51/digital_1.0,0.03966987282417733,-3.4685875885941906,42.475400966928184,0.2909901704162264,-0.7413483610756162,1.0,cross_class near-pair set (not b5-387); heston_GB; measured moments have sampling error
tree_percell,kou_RF/0-1/call_0.9,0.06988243123939596,13.52341058045175,184.97078738460138,0.11219993851199467,-6.78888672636641,1.0,cross_class near-pair set (not b5-387); kou_RF; measured moments have sampling error
tree_percell,kou_RF/0-1/call_1.0,0.06992938322398871,13.522773788362398,184.95448949610346,0.1121891929031856,-6.7882107932214115,1.0,cross_class near-pair set (not b5-387); kou_RF; measured moments have sampling error
tree_percell,kou_RF/0-1/call_1.1,0.0699848673082936,13.521870248337086,184.93218660404645,0.11217959871799842,-6.78728462929084,1.0,cross_class near-pair set (not b5-387); kou_RF; measured moments have sampling error
tree_percell,kou_RF/0-1/digital_1.0,0.06969987260220624,13.526095741764019,185.03837368992458,0.11223577857531163,-6.791690734686803,1.0,cross_class near-pair set (not b5-387); kou_RF; measured moments have sampling error
tree_percell,kou_RF/0-2/call_0.9,3.3423859728778957,0.06396048494817641,-0.20146429226417828,0.9999352263265764,0.9998916523716465,1.0,cross_class near-pair set (not b5-387); kou_RF; measured moments have sampling error
tree_percell,kou_RF/0-2/call_1.0,3.3423097238822606,0.0651396157648804,-0.2089888689644801,0.9999352058997917,0.999888182700503,1.0,cross_class near-pair set (not b5-387); kou_RF; measured moments have sampling error
tree_percell,kou_RF/0-2/call_1.1,3.3425208782141365,0.06546171475875852,-0.21345400450480279,0.9999352624521166,0.9998864013746253,1.0,cross_class near-pair set (not b5-387); kou_RF; measured moments have sampling error
tree_percell,kou_RF/0-2/digital_1.0,3.136455789316579,0.030441829378398722,-0.1489424512601194,0.9998507675286318,0.9998684615176386,1.0,cross_class near-pair set (not b5-387); kou_RF; measured moments have sampling error
tree_percell,kou_RF/0-3/call_0.9,3.3672882771010237,0.13641319567598442,-0.2007279991173574,0.9999415792215878,0.9998667280244521,1.0,cross_class near-pair set (not b5-387); kou_RF; measured moments have sampling error
tree_percell,kou_RF/0-3/call_1.0,3.3664982184851118,0.13703675659444958,-0.20844215649380127,0.9999413871268883,0.9998633830203957,1.0,cross_class near-pair set (not b5-387); kou_RF; measured moments have sampling error
tree_percell,kou_RF/0-3/call_1.1,3.3662165496853356,0.13713476176042314,-0.21356607302103736,0.9999413184965258,0.9998614054101717,1.0,cross_class near-pair set (not b5-387); kou_RF; measured moments have sampling error
tree_percell,kou_RF/0-3/digital_1.0,3.1785305569472517,0.10149760411766211,-0.1450379390142733,0.9998738182971688,0.9998252727453029,1.0,cross_class near-pair set (not b5-387); kou_RF; measured moments have sampling error
tree_percell,kou_RF/1-2/call_0.9,3.3424037238668776,0.06397281506916148,-0.20142747396729765,0.9999352310811109,0.9998916661342699,1.0,cross_class near-pair set (not b5-387); kou_RF; measured moments have sampling error
tree_percell,kou_RF/1-2/call_1.0,3.3423242993513242,0.06514977670357842,-0.208958762546672,0.9999352098049729,0.9998881940905516,1.0,cross_class near-pair set (not b5-387); kou_RF; measured moments have sampling error
tree_percell,kou_RF/1-2/call_1.1,3.3425328932908918,0.06547010887009465,-0.213429265430638,0.999935265668635,0.9998864107868145,1.0,cross_class near-pair set (not b5-387); kou_RF; measured moments have sampling error
tree_percell,kou_RF/1-2/digital_1.0,3.1365588011233565,0.030517791312191327,-0.14871397382091844,0.9998508285638107,0.9998685824582164,1.0,cross_class near-pair set (not b5-387); kou_RF; measured moments have sampling error
tree_percell,kou_RF/1-3/call_0.9,3.3673071789299365,0.13642497066351997,-0.20068707101638683,0.9999415838100165,0.9998667450429001,1.0,cross_class near-pair set (not b5-387); kou_RF; measured moments have sampling error
tree_percell,kou_RF/1-3/call_1.0,3.3665137254922257,0.13704646351295635,-0.2084087120314133,0.9999413909030448,0.9998633970873129,1.0,cross_class near-pair set (not b5-387); kou_RF; measured moments have sampling error
tree_percell,kou_RF/1-3/call_1.1,3.366229323668475,0.13714278345833456,-0.21353860915151257,0.9999413216106439,0.9998614170364988,1.0,cross_class near-pair set (not b5-387); kou_RF; measured moments have sampling error
tree_percell,kou_RF/1-3/digital_1.0,3.178642804508964,0.10156907216815694,-0.1447781741575458,0.9998738750008116,0.9998254286771034,1.0,cross_class near-pair set (not b5-387); kou_RF; measured moments have sampling error
tree_percell,kou_RF/2-3/call_0.9,0.34148137856560307,-3.1340515666017916,9.691914483433994,0.40787165780305634,0.8409191627959121,1.0,cross_class near-pair set (not b5-387); kou_RF; measured moments have sampling error
tree_percell,kou_RF/2-3/call_1.0,0.34172916474344,-3.136957396637927,9.720949055786116,0.4075677146598521,0.8403162711623152,1.0,cross_class near-pair set (not b5-387); kou_RF; measured moments have sampling error
tree_percell,kou_RF/2-3/call_1.1,0.34206978062566923,-3.1392808630453444,9.740148384481277,0.40749475967758686,0.8400833314880076,1.0,cross_class near-pair set (not b5-387); kou_RF; measured moments have sampling error
tree_percell,kou_RF/2-3/digital_1.0,0.3248129763853061,-3.176621530085042,9.773409996817337,0.4098006718351314,0.8266520287753957,1.0,cross_class near-pair set (not b5-387); kou_RF; measured moments have sampling error
tree_percell,kou_RF/2-4/call_0.9,0.37825642063147946,-2.88153339509225,7.7567830277043335,0.45238827969403916,0.9171404436589354,1.0,cross_class near-pair set (not b5-387); kou_RF; measured moments have sampling error
tree_percell,kou_RF/2-4/call_1.0,0.3791628665045813,-2.882638176320579,7.758485378298515,0.4517131303751977,0.9177737726896594,1.0,cross_class near-pair set (not b5-387); kou_RF; measured moments have sampling error
tree_percell,kou_RF/2-4/call_1.1,0.3802013267719368,-2.883290361409007,7.757734459014566,0.451457260930389,0.9185493759574304,1.0,cross_class near-pair set (not b5-387); kou_RF; measured moments have sampling error
tree_percell,kou_RF/2-4/digital_1.0,0.33674970262024684,-3.059708602178788,9.582242431714732,0.46553939306970055,0.8369474008450425,1.0,cross_class near-pair set (not b5-387); kou_RF; measured moments have sampling error
tree_percell,kou_RF/3-4/call_0.9,0.21947045741212415,-5.132901503605096,26.105492091730703,0.2969333949981261,0.19196909221914824,1.0,cross_class near-pair set (not b5-387); kou_RF; measured moments have sampling error
tree_percell,kou_RF/3-4/call_1.0,0.22121763075420223,-5.162179365386864,26.46175709947148,0.2944037706734034,0.1823822721458605,1.0,cross_class near-pair set (not b5-387); kou_RF; measured moments have sampling error
tree_percell,kou_RF/3-4/call_1.1,0.22310414918222382,-5.180655286162227,26.699017713786056,0.292831438290117,0.17719361509819426,1.0,cross_class near-pair set (not b5-387); kou_RF; measured moments have sampling error
tree_percell,kou_RF/3-4/digital_1.0,0.15211382404828097,-5.226503162838072,27.325548029546372,0.33706967038895735,0.04260856856069396,1.0,cross_class near-pair set (not b5-387); kou_RF; measured moments have sampling error
tree_percell,kou_RF/5-6/call_0.9,0.6493862727481757,4.384099994450436,29.300198039954793,0.6808940290606307,0.20573986398481897,1.0,cross_class near-pair set (not b5-387); kou_RF; measured moments have sampling error
tree_percell,kou_RF/5-6/call_1.0,0.6492717581580191,4.385300840668016,29.305271271928284,0.6808089185443631,0.20539938734392116,1.0,cross_class near-pair set (not b5-387); kou_RF; measured moments have sampling error
tree_percell,kou_RF/5-6/call_1.1,0.6491035164218044,4.387544536849264,29.32412105201027,0.6806849214729556,0.20467923229686014,1.0,cross_class near-pair set (not b5-387); kou_RF; measured moments have sampling error
tree_percell,kou_RF/5-6/digital_1.0,0.6500088104732057,4.376389069789151,29.245999094942725,0.6813543458174559,0.20810669038920257,1.0,cross_class near-pair set (not b5-387); kou_RF; measured moments have sampling error
tree_percell,kou_RF/7-8/call_0.9,1.3236120191182048,-0.2649701150101105,-0.296573262168379,0.9813912367067557,1.0115838097381917,1.0,cross_class near-pair set (not b5-387); kou_RF; measured moments have sampling error
tree_percell,kou_RF/7-8/call_1.0,1.5670194465181666,-0.2943618084948576,-0.2896257767466226,0.9859605493363944,1.0085723753312426,1.0,cross_class near-pair set (not b5-387); kou_RF; measured moments have sampling error
tree_percell,kou_RF/7-8/call_1.1,1.7840958867053842,-0.31428138404326394,-0.28219306071813,0.9863206703558588,1.0060714635780967,1.0,cross_class near-pair set (not b5-387); kou_RF; measured moments have sampling error
tree_percell,kou_RF/7-8/digital_1.0,1.4155869020063991,0.311689861521292,0.261567930706597,0.9892664658187876,0.9876631968540706,1.0,cross_class near-pair set (not b5-387); kou_RF; measured moments have sampling error
tree_percell,kou_RF/9-10/call_0.9,0.07495139925682388,14.029092028143548,194.87833094513644,0.09368265360239604,-7.203394334207996,1.0,cross_class near-pair set (not b5-387); kou_RF; measured moments have sampling error
tree_percell,kou_RF/9-10/call_1.0,0.07496577334114461,14.029035754349588,194.87727103951573,0.09370053920909985,-7.203348342913229,1.0,cross_class near-pair set (not b5-387); kou_RF; measured moments have sampling error
tree_percell,kou_RF/9-10/call_1.1,0.07497995892556265,14.028979804027689,194.87621717954474,0.09371819206760977,-7.203302619514943,1.0,cross_class near-pair set (not b5-387); kou_RF; measured moments have sampling error
tree_percell,kou_RF/9-10/digital_1.0,0.0748800519905238,14.029368175496243,194.8835312886659,0.09359387089374224,-7.203619982164216,1.0,cross_class near-pair set (not b5-387); kou_RF; measured moments have sampling error
tree_percell,kou_RF/11-12/call_0.9,0.24571911944105168,-4.326477406998992,18.976432096536957,0.2995777870258904,0.46707085328349135,1.0,cross_class near-pair set (not b5-387); kou_RF; measured moments have sampling error
tree_percell,kou_RF/11-12/call_1.0,0.2457946560621206,-4.323689892193208,18.940640762365312,0.299592261985616,0.4683814939023835,1.0,cross_class near-pair set (not b5-387); kou_RF; measured moments have sampling error
tree_percell,kou_RF/11-12/call_1.1,0.24587192299318428,-4.320546778047197,18.900260169418214,0.29961739824768924,0.46984962644305134,1.0,cross_class near-pair set (not b5-387); kou_RF; measured moments have sampling error
tree_percell,kou_RF/11-12/digital_1.0,0.24280225823995222,-4.441686935509533,20.433076868109577,0.2984188581402556,0.4138003469311173,1.0,cross_class near-pair set (not b5-387); kou_RF; measured moments have sampling error
tree_percell,kou_RF/13-14/call_0.9,0.07796497269663749,-13.937345912782089,193.1774785352191,0.2723025469138355,-6.771694587757454,1.0,cross_class near-pair set (not b5-387); kou_RF; measured moments have sampling error
tree_percell,kou_RF/13-14/call_1.0,0.059674121971307156,-13.96002499123044,193.5974581102771,0.2500839952375969,-6.8709319972010015,1.0,cross_class near-pair set (not b5-387); kou_RF; measured moments have sampling error
tree_percell,kou_RF/13-14/call_1.1,0.043583927456394056,-13.977537242530733,193.92204636965963,0.23041873209767186,-6.948096567701607,1.0,cross_class near-pair set (not b5-387); kou_RF; measured moments have sampling error
tree_percell,kou_RF/13-14/digital_1.0,0.6541111571514077,-11.763629568121981,154.36912690290504,0.8109693176571118,-0.6043259400014078,1.0,cross_class near-pair set (not b5-387); kou_RF; measured moments have sampling error
tree_percell,kou_RF/15-16/call_0.9,3.440027147671383,0.14051741443419719,-0.24243065204367475,0.999956910892433,0.9998813038239969,1.0,cross_class near-pair set (not b5-387); kou_RF; measured moments have sampling error
tree_percell,kou_RF/15-16/call_1.0,3.288024056402283,0.10985452511980652,-0.22557939735511523,0.9999189950506417,0.9998338878816193,1.0,cross_class near-pair set (not b5-387); kou_RF; measured moments have sampling error
tree_percell,kou_RF/15-16/call_1.1,3.1145914522322014,0.07075434959971719,-0.20801211692050758,0.9998372616810716,0.9997752249042293,1.0,cross_class near-pair set (not b5-387); kou_RF; measured moments have sampling error
tree_percell,kou_RF/15-16/digital_1.0,4.2561369322001985,0.20167313202353995,-0.4028779371193423,0.9999989531841823,0.9999905985725556,1.0,cross_class near-pair set (not b5-387); kou_RF; measured moments have sampling error
tree_percell,kou_GB/0-2/call_0.9,0.26565297597028986,-5.969051979398924,46.23291997388964,0.38525956386475174,-0.4233009660018935,1.0,cross_class near-pair set (not b5-387); kou_GB; measured moments have sampling error
tree_percell,kou_GB/0-2/call_1.0,0.2717849355912255,-6.002722915944095,46.35435118737547,0.38614408817560936,-0.41009163791432385,1.0,cross_class near-pair set (not b5-387); kou_GB; measured moments have sampling error
tree_percell,kou_GB/0-2/call_1.1,0.2772054047824095,-6.007141820923141,46.146891198600784,0.3870652311925262,-0.38806217819588024,1.0,cross_class near-pair set (not b5-387); kou_GB; measured moments have sampling error
tree_percell,kou_GB/0-2/digital_1.0,0.14174381207000988,-4.4755653042943875,35.05118015566111,0.3330800693997532,-0.2991161085515726,1.0,cross_class near-pair set (not b5-387); kou_GB; measured moments have sampling error
tree_percell,kou_GB/0-3/call_0.9,0.4231756992314426,-3.7092718862907663,19.357637741346696,0.5811080610159467,0.6634758792616066,1.0,cross_class near-pair set (not b5-387); kou_GB; measured moments have sampling error
tree_percell,kou_GB/0-3/call_1.0,0.43407894901868754,-3.6836747632394284,18.832903946598805,0.5843581389399481,0.6915628575493101,1.0,cross_class near-pair set (not b5-387); kou_GB; measured moments have sampling error
tree_percell,kou_GB/0-3/call_1.1,0.4431755002849207,-3.656676267138885,18.363471994419175,0.5871606633111828,0.7150105226286192,1.0,cross_class near-pair set (not b5-387); kou_GB; measured moments have sampling error
tree_percell,kou_GB/0-3/digital_1.0,0.17123258440070735,-2.9944007354709625,21.581804847735558,0.5069408050595353,0.23522504468555763,1.0,cross_class near-pair set (not b5-387); kou_GB; measured moments have sampling error
tree_percell,kou_GB/1-2/call_0.9,0.26565297597028986,-5.969051979398924,46.23291997388964,0.38525956386475174,-0.4233009660018935,1.0,cross_class near-pair set (not b5-387); kou_GB; measured moments have sampling error
tree_percell,kou_GB/1-2/call_1.0,0.2717849355912255,-6.002722915944095,46.35435118737547,0.38614408817560936,-0.41009163791432385,1.0,cross_class near-pair set (not b5-387); kou_GB; measured moments have sampling error
tree_percell,kou_GB/1-2/call_1.1,0.2772054047824095,-6.007141820923141,46.146891198600784,0.3870652311925262,-0.38806217819588024,1.0,cross_class near-pair set (not b5-387); kou_GB; measured moments have sampling error
tree_percell,kou_GB/1-2/digital_1.0,0.14174381207000988,-4.4755653042943875,35.05118015566111,0.3330800693997532,-0.2991161085515726,1.0,cross_class near-pair set (not b5-387); kou_GB; measured moments have sampling error
tree_percell,kou_GB/1-3/call_0.9,0.4231756992314426,-3.7092718862907663,19.357637741346696,0.5811080610159467,0.6634758792616066,1.0,cross_class near-pair set (not b5-387); kou_GB; measured moments have sampling error
tree_percell,kou_GB/1-3/call_1.0,0.43407894901868754,-3.6836747632394284,18.832903946598805,0.5843581389399481,0.6915628575493101,1.0,cross_class near-pair set (not b5-387); kou_GB; measured moments have sampling error
tree_percell,kou_GB/1-3/call_1.1,0.4431755002849207,-3.656676267138885,18.363471994419175,0.5871606633111828,0.7150105226286192,1.0,cross_class near-pair set (not b5-387); kou_GB; measured moments have sampling error
tree_percell,kou_GB/1-3/digital_1.0,0.17123258440070735,-2.9944007354709625,21.581804847735558,0.5069408050595353,0.23522504468555763,1.0,cross_class near-pair set (not b5-387); kou_GB; measured moments have sampling error
tree_percell,kou_GB/2-3/call_0.9,0.3407453533513179,-2.8921254033297674,11.331245478652233,0.5437891643106415,0.7741868101208298,1.0,cross_class near-pair set (not b5-387); kou_GB; measured moments have sampling error
tree_percell,kou_GB/2-3/call_1.0,0.34876366646708135,-2.9003494143540105,11.168659499972097,0.5438368596179913,0.7868386760843499,1.0,cross_class near-pair set (not b5-387); kou_GB; measured moments have sampling error
tree_percell,kou_GB/2-3/call_1.1,0.3551874284409697,-2.8956462442201203,11.018399105468701,0.5443697869873182,0.7969559486738251,1.0,cross_class near-pair set (not b5-387); kou_GB; measured moments have sampling error
tree_percell,kou_GB/2-3/digital_1.0,0.09432644903202703,-0.640936382937894,16.650518752163677,0.5105579376496165,0.3284700879728423,1.0,cross_class near-pair set (not b5-387); kou_GB; measured moments have sampling error
tree_percell,kou_GB/2-4/call_0.9,0.5489312136377649,-1.3048827307034505,1.955943085461569,0.7786099890881208,1.0468253954274598,1.0,cross_class near-pair set (not b5-387); kou_GB; measured moments have sampling error
tree_percell,kou_GB/2-4/call_1.0,0.5713913138886778,-1.3746133308592035,1.9847383962712488,0.7758499602194942,1.055120528026794,1.0,cross_class near-pair set (not b5-387); kou_GB; measured moments have sampling error
tree_percell,kou_GB/2-4/call_1.1,0.5896919091253553,-1.4198332580561832,2.02132883352711,0.7733768331621348,1.060826450633146,1.0,cross_class near-pair set (not b5-387); kou_GB; measured moments have sampling error
tree_percell,kou_GB/2-4/digital_1.0,0.05131420362528612,1.404443617277835,11.988410753199926,0.6960744817474002,0.49112798167729144,1.0,cross_class near-pair set (not b5-387); kou_GB; measured moments have sampling error
tree_percell,kou_GB/3-4/call_0.9,0.4308795945474526,-1.7215201120875454,3.8925260828016652,0.6789901074222444,0.9929448657320041,1.0,cross_class near-pair set (not b5-387); kou_GB; measured moments have sampling error
tree_percell,kou_GB/3-4/call_1.0,0.452091875394169,-1.8181604543230856,3.9399185964569927,0.6748529822012601,1.0052387511726835,1.0,cross_class near-pair set (not b5-387); kou_GB; measured moments have sampling error
tree_percell,kou_GB/3-4/call_1.1,0.46976415388613074,-1.87960704713075,3.9892736328313276,0.6711997609746337,1.0142393671054892,1.0,cross_class near-pair set (not b5-387); kou_GB; measured moments have sampling error
tree_percell,kou_GB/3-4/digital_1.0,0.012226477395685805,1.8288970953409303,17.596562914346922,0.5847847325621103,0.2633027845707843,1.0,cross_class near-pair set (not b5-387); kou_GB; measured moments have sampling error
tree_percell,kou_GB/5-6/call_0.9,0.15812246439241914,0.5839772354975481,6.856255450783488,0.635165804646831,0.7133036391898855,1.0,cross_class near-pair set (not b5-387); kou_GB; measured moments have sampling error
tree_percell,kou_GB/5-6/call_1.0,0.1185023280000674,0.3175576767376998,7.397666932925695,0.6299882144985324,0.6941358410448114,1.0,cross_class near-pair set (not b5-387); kou_GB; measured moments have sampling error
tree_percell,kou_GB/5-6/call_1.1,0.0810188598294833,0.07877668975837372,8.019604373181362,0.6220064062102708,0.6691559022306766,1.0,cross_class near-pair set (not b5-387); kou_GB; measured moments have sampling error
tree_percell,kou_GB/5-6/digital_1.0,0.4245622967003209,2.1984236445020002,6.554195279685159,0.606084635963229,0.6815508265901588,1.0,cross_class near-pair set (not b5-387); kou_GB; measured moments have sampling error
tree_percell,kou_GB/7-8/call_0.9,0.2224747489655486,-2.724041829089808,18.10798987319327,0.49669017361326234,0.41336861500469446,1.0,cross_class near-pair set (not b5-387); kou_GB; measured moments have sampling error
tree_percell,kou_GB/7-8/call_1.0,0.24300637846698733,-2.8196803456889676,18.22561193941628,0.49641431093161154,0.43374815045356996,1.0,cross_class near-pair set (not b5-387); kou_GB; measured moments have sampling error
tree_percell,kou_GB/7-8/call_1.1,0.26057575539013605,-2.898218110836192,18.3219312292661,0.4964108115777824,0.4523292381557465,1.0,cross_class near-pair set (not b5-387); kou_GB; measured moments have sampling error
tree_percell,kou_GB/7-8/digital_1.0,0.09656829771110138,0.24671229054258714,13.07956907349357,0.4894311763990023,0.4611698609749454,1.0,cross_class near-pair set (not b5-387); kou_GB; measured moments have sampling error
tree_percell,kou_GB/9-10/call_0.9,0.045696082889543625,6.304675764007748,56.98620158148249,0.2619079094722292,-1.412442444639645,1.0,cross_class near-pair set (not b5-387); kou_GB; measured moments have sampling error
tree_percell,kou_GB/9-10/call_1.0,0.044832517910407085,6.539264173029352,59.319288148458206,0.258134196902476,-1.5104817376760193,1.0,cross_class near-pair set (not b5-387); kou_GB; measured moments have sampling error
tree_percell,kou_GB/9-10/call_1.1,0.04378056643803353,6.740744353217482,61.502276667246875,0.2544880700690523,-1.601878332571433,1.0,cross_class near-pair set (not b5-387); kou_GB; measured moments have sampling error
tree_percell,kou_GB/9-10/digital_1.0,0.0544353647350811,0.8976205717098013,28.639728112743423,0.2995508120565661,-0.19438694352647207,1.0,cross_class near-pair set (not b5-387); kou_GB; measured moments have sampling error
tree_percell,kou_GB/11-12/call_0.9,0.07906994558013447,7.204298519862601,63.147648591587796,0.21152776294220188,-1.6927720047762524,1.0,cross_class near-pair set (not b5-387); kou_GB; measured moments have sampling error
tree_percell,kou_GB/11-12/call_1.0,0.07890136772196038,7.412905107245531,65.81443033543685,0.20778805708993778,-1.8051778262560114,1.0,cross_class near-pair set (not b5-387); kou_GB; measured moments have sampling error
tree_percell,kou_GB/11-12/call_1.1,0.07857958353500005,7.575139921826672,67.91279031801017,0.20439873972793313,-1.8935318048913994,1.0,cross_class near-pair set (not b5-387); kou_GB; measured moments have sampling error
tree_percell,kou_GB/11-12/digital_1.0,0.07132385091774403,4.338128396607877,41.34298352382874,0.22914199823127715,-0.7564792977470524,1.0,cross_class near-pair set (not b5-387); kou_GB; measured moments have sampling error
tree_percell,kou_GB/13-14/call_0.9,0.08328100493063162,4.411431624236911,30.56716262599263,0.4125193320239238,-0.31687499618218534,1.0,cross_class near-pair set (not b5-387); kou_GB; measured moments have sampling error
tree_percell,kou_GB/13-14/call_1.0,0.06584931845176953,4.020200079308892,27.690205119180916,0.4223254015272544,-0.18771937644780604,1.0,cross_class near-pair set (not b5-387); kou_GB; measured moments have sampling error
tree_percell,kou_GB/13-14/call_1.1,0.047866206514534056,3.6073991202578624,24.83479555161644,0.4325803214000786,-0.058763367591057325,1.0,cross_class near-pair set (not b5-387); kou_GB; measured moments have sampling error
tree_percell,kou_GB/13-14/digital_1.0,0.20083170592370567,6.443152354289793,48.6506071481984,0.3315564115807567,-1.0761406786470888,1.0,cross_class near-pair set (not b5-387); kou_GB; measured moments have sampling error
tree_percell,kou_GB/15-16/call_0.9,0.24719145521013342,2.0046217374569,14.675873882258767,0.5311082768571519,0.3818332798577271,1.0,cross_class near-pair set (not b5-387); kou_GB; measured moments have sampling error
tree_percell,kou_GB/15-16/call_1.0,0.2352986358410542,1.913676886614544,14.595484081927356,0.5333863674037178,0.38515394155692284,1.0,cross_class near-pair set (not b5-387); kou_GB; measured moments have sampling error
tree_percell,kou_GB/15-16/call_1.1,0.22282700064712815,1.816433236768173,14.482068913541816,0.5363581605751169,0.3898828266827809,1.0,cross_class near-pair set (not b5-387); kou_GB; measured moments have sampling error
tree_percell,kou_GB/15-16/digital_1.0,0.3264117128843658,2.5134693622966338,14.641261302718227,0.5228766772393644,0.3859996387139705,1.0,cross_class near-pair set (not b5-387); kou_GB; measured moments have sampling error
tree_aggregate,RF_block_median,,,8.0,0.864,,1.0,"tree_aggregate: RF block median (not per-cell); RF kurt~8, obs ratio~0.864"
tree_aggregate,GB_block_median,,,15.0,0.58,,1.0,"tree_aggregate: GB block median (not per-cell); GB kurt~15, obs ratio~0.58"
