config_key,block,config_id,payoff,model_class,pair,proto_pair,axis,step,diag,scale,window,scenario,clipped,n_cal,n_eval,n_seeds,lambda_1,lambda_2,lambda_status,lambda_source
Exp01__Exp01-A__ATM,Exp01,Exp01-A,ATM,heston,A,,,,,,,,,150,50,,"{""T"":1.0,""kappa"":1.0,""omega"":0.2,""rho"":-0.5,""v"":0.1,""xi"":0.3}","{""T"":1.0,""kappa"":1.0,""omega"":0.2,""rho"":-0.5,""v"":0.101,""xi"":0.3}",derived,code/b5_thm35_387.py:267 EXP01_PAIRS
Exp01__Exp01-A__OTM_K110,Exp01,Exp01-A,OTM_K110,heston,A,,,,,,,,,150,50,,"{""T"":1.0,""kappa"":1.0,""omega"":0.2,""rho"":-0.5,""v"":0.1,""xi"":0.3}","{""T"":1.0,""kappa"":1.0,""omega"":0.2,""rho"":-0.5,""v"":0.101,""xi"":0.3}",derived,code/b5_thm35_387.py:267 EXP01_PAIRS
Exp01__Exp01-A__OTM_K125,Exp01,Exp01-A,OTM_K125,heston,A,,,,,,,,,150,50,,"{""T"":1.0,""kappa"":1.0,""omega"":0.2,""rho"":-0.5,""v"":0.1,""xi"":0.3}","{""T"":1.0,""kappa"":1.0,""omega"":0.2,""rho"":-0.5,""v"":0.101,""xi"":0.3}",derived,code/b5_thm35_387.py:267 EXP01_PAIRS
Exp01__Exp01-B__ATM,Exp01,Exp01-B,ATM,heston,B,,,,,,,,,150,50,,"{""T"":1.0,""kappa"":1.0,""omega"":0.2,""rho"":-0.5,""v"":0.1,""xi"":0.3}","{""T"":1.0,""kappa"":1.0,""omega"":0.2,""rho"":-0.5,""v"":0.105,""xi"":0.3}",derived,code/b5_thm35_387.py:267 EXP01_PAIRS
Exp01__Exp01-B__OTM_K110,Exp01,Exp01-B,OTM_K110,heston,B,,,,,,,,,150,50,,"{""T"":1.0,""kappa"":1.0,""omega"":0.2,""rho"":-0.5,""v"":0.1,""xi"":0.3}","{""T"":1.0,""kappa"":1.0,""omega"":0.2,""rho"":-0.5,""v"":0.105,""xi"":0.3}",derived,code/b5_thm35_387.py:267 EXP01_PAIRS
Exp01__Exp01-B__OTM_K125,Exp01,Exp01-B,OTM_K125,heston,B,,,,,,,,,150,50,,"{""T"":1.0,""kappa"":1.0,""omega"":0.2,""rho"":-0.5,""v"":0.1,""xi"":0.3}","{""T"":1.0,""kappa"":1.0,""omega"":0.2,""rho"":-0.5,""v"":0.105,""xi"":0.3}",derived,code/b5_thm35_387.py:267 EXP01_PAIRS
Exp01__Exp01-C__ATM,Exp01,Exp01-C,ATM,heston,C,,,,,,,,,150,50,,"{""T"":1.0,""kappa"":1.0,""omega"":0.2,""rho"":-0.5,""v"":0.1,""xi"":0.3}","{""T"":1.0,""kappa"":1.0,""omega"":0.2,""rho"":-0.5,""v"":0.11,""xi"":0.3}",derived,code/b5_thm35_387.py:267 EXP01_PAIRS
Exp01__Exp01-C__OTM_K110,Exp01,Exp01-C,OTM_K110,heston,C,,,,,,,,,150,50,,"{""T"":1.0,""kappa"":1.0,""omega"":0.2,""rho"":-0.5,""v"":0.1,""xi"":0.3}","{""T"":1.0,""kappa"":1.0,""omega"":0.2,""rho"":-0.5,""v"":0.11,""xi"":0.3}",derived,code/b5_thm35_387.py:267 EXP01_PAIRS
Exp01__Exp01-C__OTM_K125,Exp01,Exp01-C,OTM_K125,heston,C,,,,,,,,,150,50,,"{""T"":1.0,""kappa"":1.0,""omega"":0.2,""rho"":-0.5,""v"":0.1,""xi"":0.3}","{""T"":1.0,""kappa"":1.0,""omega"":0.2,""rho"":-0.5,""v"":0.11,""xi"":0.3}",derived,code/b5_thm35_387.py:267 EXP01_PAIRS
Exp01__Exp01-D__ATM,Exp01,Exp01-D,ATM,heston,D,,,,,,,,,150,50,,"{""T"":1.0,""kappa"":1.0,""omega"":0.2,""rho"":-0.5,""v"":0.1,""xi"":0.3}","{""T"":1.0,""kappa"":1.0,""omega"":0.2,""rho"":-0.5,""v"":0.13,""xi"":0.3}",derived,code/b5_thm35_387.py:267 EXP01_PAIRS
Exp01__Exp01-D__OTM_K110,Exp01,Exp01-D,OTM_K110,heston,D,,,,,,,,,150,50,,"{""T"":1.0,""kappa"":1.0,""omega"":0.2,""rho"":-0.5,""v"":0.1,""xi"":0.3}","{""T"":1.0,""kappa"":1.0,""omega"":0.2,""rho"":-0.5,""v"":0.13,""xi"":0.3}",derived,code/b5_thm35_387.py:267 EXP01_PAIRS
Exp01__Exp01-D__OTM_K125,Exp01,Exp01-D,OTM_K125,heston,D,,,,,,,,,150,50,,"{""T"":1.0,""kappa"":1.0,""omega"":0.2,""rho"":-0.5,""v"":0.1,""xi"":0.3}","{""T"":1.0,""kappa"":1.0,""omega"":0.2,""rho"":-0.5,""v"":0.13,""xi"":0.3}",derived,code/b5_thm35_387.py:267 EXP01_PAIRS
Exp01__Exp01-E__ATM,Exp01,Exp01-E,ATM,heston,E,,,,,,,,,150,50,,"{""T"":1.0,""kappa"":1.0,""omega"":0.2,""rho"":-0.5,""v"":0.1,""xi"":0.3}","{""T"":1.0,""kappa"":1.0,""omega"":0.2,""rho"":-0.5,""v"":0.2,""xi"":0.3}",derived,code/b5_thm35_387.py:267 EXP01_PAIRS
Exp01__Exp01-E__OTM_K110,Exp01,Exp01-E,OTM_K110,heston,E,,,,,,,,,150,50,,"{""T"":1.0,""kappa"":1.0,""omega"":0.2,""rho"":-0.5,""v"":0.1,""xi"":0.3}","{""T"":1.0,""kappa"":1.0,""omega"":0.2,""rho"":-0.5,""v"":0.2,""xi"":0.3}",derived,code/b5_thm35_387.py:267 EXP01_PAIRS
Exp01__Exp01-E__OTM_K125,Exp01,Exp01-E,OTM_K125,heston,E,,,,,,,,,150,50,,"{""T"":1.0,""kappa"":1.0,""omega"":0.2,""rho"":-0.5,""v"":0.1,""xi"":0.3}","{""T"":1.0,""kappa"":1.0,""omega"":0.2,""rho"":-0.5,""v"":0.2,""xi"":0.3}",derived,code/b5_thm35_387.py:267 EXP01_PAIRS
Exp02__Exp02-A__ATM,Exp02,Exp02-A,ATM,heston,A,,,,,,,,,150,50,,"{""T"":1.0,""kappa"":1.0,""omega"":0.2,""rho"":-0.5,""v"":0.1,""xi"":0.3}","{""T"":1.0,""kappa"":1.0,""omega"":0.2,""rho"":-0.5,""v"":0.101,""xi"":0.3}",derived,code/b5_thm35_387.py:286 EXP02_PAIRS
Exp02__Exp02-A__OTM_K110,Exp02,Exp02-A,OTM_K110,heston,A,,,,,,,,,150,50,,"{""T"":1.0,""kappa"":1.0,""omega"":0.2,""rho"":-0.5,""v"":0.1,""xi"":0.3}","{""T"":1.0,""kappa"":1.0,""omega"":0.2,""rho"":-0.5,""v"":0.101,""xi"":0.3}",derived,code/b5_thm35_387.py:286 EXP02_PAIRS
Exp02__Exp02-A__OTM_K125,Exp02,Exp02-A,OTM_K125,heston,A,,,,,,,,,150,50,,"{""T"":1.0,""kappa"":1.0,""omega"":0.2,""rho"":-0.5,""v"":0.1,""xi"":0.3}","{""T"":1.0,""kappa"":1.0,""omega"":0.2,""rho"":-0.5,""v"":0.101,""xi"":0.3}",derived,code/b5_thm35_387.py:286 EXP02_PAIRS
Exp02__Exp02-B__ATM,Exp02,Exp02-B,ATM,heston,B,,,,,,,,,150,50,,"{""T"":1.0,""kappa"":1.0,""omega"":0.2,""rho"":-0.5,""v"":0.1,""xi"":0.3}","{""T"":1.0,""kappa"":1.0,""omega"":0.2,""rho"":-0.5,""v"":0.105,""xi"":0.3}",derived,code/b5_thm35_387.py:286 EXP02_PAIRS
Exp02__Exp02-B__OTM_K110,Exp02,Exp02-B,OTM_K110,heston,B,,,,,,,,,150,50,,"{""T"":1.0,""kappa"":1.0,""omega"":0.2,""rho"":-0.5,""v"":0.1,""xi"":0.3}","{""T"":1.0,""kappa"":1.0,""omega"":0.2,""rho"":-0.5,""v"":0.105,""xi"":0.3}",derived,code/b5_thm35_387.py:286 EXP02_PAIRS
Exp02__Exp02-B__OTM_K125,Exp02,Exp02-B,OTM_K125,heston,B,,,,,,,,,150,50,,"{""T"":1.0,""kappa"":1.0,""omega"":0.2,""rho"":-0.5,""v"":0.1,""xi"":0.3}","{""T"":1.0,""kappa"":1.0,""omega"":0.2,""rho"":-0.5,""v"":0.105,""xi"":0.3}",derived,code/b5_thm35_387.py:286 EXP02_PAIRS
Exp02__Exp02-C__ATM,Exp02,Exp02-C,ATM,heston,C,,,,,,,,,150,50,,"{""T"":1.0,""kappa"":1.0,""omega"":0.2,""rho"":-0.5,""v"":0.1,""xi"":0.3}","{""T"":1.0,""kappa"":1.0,""omega"":0.2,""rho"":-0.5,""v"":0.11,""xi"":0.3}",derived,code/b5_thm35_387.py:286 EXP02_PAIRS
Exp02__Exp02-C__OTM_K110,Exp02,Exp02-C,OTM_K110,heston,C,,,,,,,,,150,50,,"{""T"":1.0,""kappa"":1.0,""omega"":0.2,""rho"":-0.5,""v"":0.1,""xi"":0.3}","{""T"":1.0,""kappa"":1.0,""omega"":0.2,""rho"":-0.5,""v"":0.11,""xi"":0.3}",derived,code/b5_thm35_387.py:286 EXP02_PAIRS
Exp02__Exp02-C__OTM_K125,Exp02,Exp02-C,OTM_K125,heston,C,,,,,,,,,150,50,,"{""T"":1.0,""kappa"":1.0,""omega"":0.2,""rho"":-0.5,""v"":0.1,""xi"":0.3}","{""T"":1.0,""kappa"":1.0,""omega"":0.2,""rho"":-0.5,""v"":0.11,""xi"":0.3}",derived,code/b5_thm35_387.py:286 EXP02_PAIRS
Exp02__Exp02-D__ATM,Exp02,Exp02-D,ATM,heston,D,,,,,,,,,150,50,,"{""T"":1.0,""kappa"":1.0,""omega"":0.2,""rho"":-0.5,""v"":0.1,""xi"":0.3}","{""T"":1.0,""kappa"":1.0,""omega"":0.2,""rho"":-0.5,""v"":0.13,""xi"":0.3}",derived,code/b5_thm35_387.py:286 EXP02_PAIRS
Exp02__Exp02-D__OTM_K110,Exp02,Exp02-D,OTM_K110,heston,D,,,,,,,,,150,50,,"{""T"":1.0,""kappa"":1.0,""omega"":0.2,""rho"":-0.5,""v"":0.1,""xi"":0.3}","{""T"":1.0,""kappa"":1.0,""omega"":0.2,""rho"":-0.5,""v"":0.13,""xi"":0.3}",derived,code/b5_thm35_387.py:286 EXP02_PAIRS
Exp02__Exp02-D__OTM_K125,Exp02,Exp02-D,OTM_K125,heston,D,,,,,,,,,150,50,,"{""T"":1.0,""kappa"":1.0,""omega"":0.2,""rho"":-0.5,""v"":0.1,""xi"":0.3}","{""T"":1.0,""kappa"":1.0,""omega"":0.2,""rho"":-0.5,""v"":0.13,""xi"":0.3}",derived,code/b5_thm35_387.py:286 EXP02_PAIRS
Exp02__Exp02-E__ATM,Exp02,Exp02-E,ATM,heston,E,,,,,,,,,150,50,,"{""T"":1.0,""kappa"":1.0,""omega"":0.2,""rho"":-0.5,""v"":0.1,""xi"":0.3}","{""T"":1.0,""kappa"":1.0,""omega"":0.2,""rho"":-0.5,""v"":0.2,""xi"":0.3}",derived,code/b5_thm35_387.py:286 EXP02_PAIRS
Exp02__Exp02-E__OTM_K110,Exp02,Exp02-E,OTM_K110,heston,E,,,,,,,,,150,50,,"{""T"":1.0,""kappa"":1.0,""omega"":0.2,""rho"":-0.5,""v"":0.1,""xi"":0.3}","{""T"":1.0,""kappa"":1.0,""omega"":0.2,""rho"":-0.5,""v"":0.2,""xi"":0.3}",derived,code/b5_thm35_387.py:286 EXP02_PAIRS
Exp02__Exp02-E__OTM_K125,Exp02,Exp02-E,OTM_K125,heston,E,,,,,,,,,150,50,,"{""T"":1.0,""kappa"":1.0,""omega"":0.2,""rho"":-0.5,""v"":0.1,""xi"":0.3}","{""T"":1.0,""kappa"":1.0,""omega"":0.2,""rho"":-0.5,""v"":0.2,""xi"":0.3}",derived,code/b5_thm35_387.py:286 EXP02_PAIRS
Exp02__Exp02-F1__ATM,Exp02,Exp02-F1,ATM,heston,F1,,,,,,,,,150,50,,"{""T"":1.0,""kappa"":1.0,""omega"":0.2,""rho"":-0.5,""v"":0.1,""xi"":0.3}","{""T"":1.0,""kappa"":1.0,""omega"":0.2,""rho"":-0.5,""v"":0.1001,""xi"":0.3}",derived,code/b5_thm35_387.py:286 EXP02_PAIRS
Exp02__Exp02-F1__OTM_K110,Exp02,Exp02-F1,OTM_K110,heston,F1,,,,,,,,,150,50,,"{""T"":1.0,""kappa"":1.0,""omega"":0.2,""rho"":-0.5,""v"":0.1,""xi"":0.3}","{""T"":1.0,""kappa"":1.0,""omega"":0.2,""rho"":-0.5,""v"":0.1001,""xi"":0.3}",derived,code/b5_thm35_387.py:286 EXP02_PAIRS
Exp02__Exp02-F1__OTM_K125,Exp02,Exp02-F1,OTM_K125,heston,F1,,,,,,,,,150,50,,"{""T"":1.0,""kappa"":1.0,""omega"":0.2,""rho"":-0.5,""v"":0.1,""xi"":0.3}","{""T"":1.0,""kappa"":1.0,""omega"":0.2,""rho"":-0.5,""v"":0.1001,""xi"":0.3}",derived,code/b5_thm35_387.py:286 EXP02_PAIRS
Exp02__Exp02-F2__ATM,Exp02,Exp02-F2,ATM,heston,F2,,,,,,,,,150,50,,"{""T"":1.0,""kappa"":1.0,""omega"":0.2,""rho"":-0.5,""v"":0.1,""xi"":0.3}","{""T"":1.0,""kappa"":1.0,""omega"":0.2,""rho"":-0.5,""v"":0.1002,""xi"":0.3}",derived,code/b5_thm35_387.py:286 EXP02_PAIRS
Exp02__Exp02-F2__OTM_K110,Exp02,Exp02-F2,OTM_K110,heston,F2,,,,,,,,,150,50,,"{""T"":1.0,""kappa"":1.0,""omega"":0.2,""rho"":-0.5,""v"":0.1,""xi"":0.3}","{""T"":1.0,""kappa"":1.0,""omega"":0.2,""rho"":-0.5,""v"":0.1002,""xi"":0.3}",derived,code/b5_thm35_387.py:286 EXP02_PAIRS
Exp02__Exp02-F2__OTM_K125,Exp02,Exp02-F2,OTM_K125,heston,F2,,,,,,,,,150,50,,"{""T"":1.0,""kappa"":1.0,""omega"":0.2,""rho"":-0.5,""v"":0.1,""xi"":0.3}","{""T"":1.0,""kappa"":1.0,""omega"":0.2,""rho"":-0.5,""v"":0.1002,""xi"":0.3}",derived,code/b5_thm35_387.py:286 EXP02_PAIRS
Exp02__Exp02-F3__ATM,Exp02,Exp02-F3,ATM,heston,F3,,,,,,,,,150,50,,"{""T"":1.0,""kappa"":1.0,""omega"":0.2,""rho"":-0.5,""v"":0.1,""xi"":0.3}","{""T"":1.0,""kappa"":1.0,""omega"":0.2,""rho"":-0.5,""v"":0.1003,""xi"":0.3}",derived,code/b5_thm35_387.py:286 EXP02_PAIRS
Exp02__Exp02-F3__OTM_K110,Exp02,Exp02-F3,OTM_K110,heston,F3,,,,,,,,,150,50,,"{""T"":1.0,""kappa"":1.0,""omega"":0.2,""rho"":-0.5,""v"":0.1,""xi"":0.3}","{""T"":1.0,""kappa"":1.0,""omega"":0.2,""rho"":-0.5,""v"":0.1003,""xi"":0.3}",derived,code/b5_thm35_387.py:286 EXP02_PAIRS
Exp02__Exp02-F3__OTM_K125,Exp02,Exp02-F3,OTM_K125,heston,F3,,,,,,,,,150,50,,"{""T"":1.0,""kappa"":1.0,""omega"":0.2,""rho"":-0.5,""v"":0.1,""xi"":0.3}","{""T"":1.0,""kappa"":1.0,""omega"":0.2,""rho"":-0.5,""v"":0.1003,""xi"":0.3}",derived,code/b5_thm35_387.py:286 EXP02_PAIRS
Exp02__Exp02-F4__ATM,Exp02,Exp02-F4,ATM,heston,F4,,,,,,,,,150,50,,"{""T"":1.0,""kappa"":1.0,""omega"":0.2,""rho"":-0.5,""v"":0.1,""xi"":0.3}","{""T"":1.0,""kappa"":1.0,""omega"":0.2,""rho"":-0.5,""v"":0.1005,""xi"":0.3}",derived,code/b5_thm35_387.py:286 EXP02_PAIRS
Exp02__Exp02-F4__OTM_K110,Exp02,Exp02-F4,OTM_K110,heston,F4,,,,,,,,,150,50,,"{""T"":1.0,""kappa"":1.0,""omega"":0.2,""rho"":-0.5,""v"":0.1,""xi"":0.3}","{""T"":1.0,""kappa"":1.0,""omega"":0.2,""rho"":-0.5,""v"":0.1005,""xi"":0.3}",derived,code/b5_thm35_387.py:286 EXP02_PAIRS
Exp02__Exp02-F4__OTM_K125,Exp02,Exp02-F4,OTM_K125,heston,F4,,,,,,,,,150,50,,"{""T"":1.0,""kappa"":1.0,""omega"":0.2,""rho"":-0.5,""v"":0.1,""xi"":0.3}","{""T"":1.0,""kappa"":1.0,""omega"":0.2,""rho"":-0.5,""v"":0.1005,""xi"":0.3}",derived,code/b5_thm35_387.py:286 EXP02_PAIRS
Exp02__Exp02-F5__ATM,Exp02,Exp02-F5,ATM,heston,F5,,,,,,,,,150,50,,"{""T"":1.0,""kappa"":1.0,""omega"":0.2,""rho"":-0.5,""v"":0.1,""xi"":0.3}","{""T"":1.0,""kappa"":1.0,""omega"":0.2,""rho"":-0.5,""v"":0.1007,""xi"":0.3}",derived,code/b5_thm35_387.py:286 EXP02_PAIRS
Exp02__Exp02-F5__OTM_K110,Exp02,Exp02-F5,OTM_K110,heston,F5,,,,,,,,,150,50,,"{""T"":1.0,""kappa"":1.0,""omega"":0.2,""rho"":-0.5,""v"":0.1,""xi"":0.3}","{""T"":1.0,""kappa"":1.0,""omega"":0.2,""rho"":-0.5,""v"":0.1007,""xi"":0.3}",derived,code/b5_thm35_387.py:286 EXP02_PAIRS
Exp02__Exp02-F5__OTM_K125,Exp02,Exp02-F5,OTM_K125,heston,F5,,,,,,,,,150,50,,"{""T"":1.0,""kappa"":1.0,""omega"":0.2,""rho"":-0.5,""v"":0.1,""xi"":0.3}","{""T"":1.0,""kappa"":1.0,""omega"":0.2,""rho"":-0.5,""v"":0.1007,""xi"":0.3}",derived,code/b5_thm35_387.py:286 EXP02_PAIRS
Exp02__Exp02-G1__ATM,Exp02,Exp02-G1,ATM,heston,G1,,,,,,,,,150,50,,"{""T"":1.0,""kappa"":1.0,""omega"":0.2,""rho"":-0.5,""v"":0.1,""xi"":0.3}","{""T"":1.0,""kappa"":1.005,""omega"":0.2,""rho"":-0.5,""v"":0.1,""xi"":0.3}",derived,code/b5_thm35_387.py:286 EXP02_PAIRS
Exp02__Exp02-G1__OTM_K110,Exp02,Exp02-G1,OTM_K110,heston,G1,,,,,,,,,150,50,,"{""T"":1.0,""kappa"":1.0,""omega"":0.2,""rho"":-0.5,""v"":0.1,""xi"":0.3}","{""T"":1.0,""kappa"":1.005,""omega"":0.2,""rho"":-0.5,""v"":0.1,""xi"":0.3}",derived,code/b5_thm35_387.py:286 EXP02_PAIRS
Exp02__Exp02-G1__OTM_K125,Exp02,Exp02-G1,OTM_K125,heston,G1,,,,,,,,,150,50,,"{""T"":1.0,""kappa"":1.0,""omega"":0.2,""rho"":-0.5,""v"":0.1,""xi"":0.3}","{""T"":1.0,""kappa"":1.005,""omega"":0.2,""rho"":-0.5,""v"":0.1,""xi"":0.3}",derived,code/b5_thm35_387.py:286 EXP02_PAIRS
Exp02__Exp02-G2__ATM,Exp02,Exp02-G2,ATM,heston,G2,,,,,,,,,150,50,,"{""T"":1.0,""kappa"":1.0,""omega"":0.2,""rho"":-0.5,""v"":0.1,""xi"":0.3}","{""T"":1.0,""kappa"":1.0,""omega"":0.2,""rho"":-0.495,""v"":0.1,""xi"":0.3}",derived,code/b5_thm35_387.py:286 EXP02_PAIRS
Exp02__Exp02-G2__OTM_K110,Exp02,Exp02-G2,OTM_K110,heston,G2,,,,,,,,,150,50,,"{""T"":1.0,""kappa"":1.0,""omega"":0.2,""rho"":-0.5,""v"":0.1,""xi"":0.3}","{""T"":1.0,""kappa"":1.0,""omega"":0.2,""rho"":-0.495,""v"":0.1,""xi"":0.3}",derived,code/b5_thm35_387.py:286 EXP02_PAIRS
Exp02__Exp02-G2__OTM_K125,Exp02,Exp02-G2,OTM_K125,heston,G2,,,,,,,,,150,50,,"{""T"":1.0,""kappa"":1.0,""omega"":0.2,""rho"":-0.5,""v"":0.1,""xi"":0.3}","{""T"":1.0,""kappa"":1.0,""omega"":0.2,""rho"":-0.495,""v"":0.1,""xi"":0.3}",derived,code/b5_thm35_387.py:286 EXP02_PAIRS
Exp02__Exp02-G3__ATM,Exp02,Exp02-G3,ATM,heston,G3,,,,,,,,,150,50,,"{""T"":1.0,""kappa"":1.0,""omega"":0.2,""rho"":-0.5,""v"":0.1,""xi"":0.3}","{""T"":1.0,""kappa"":1.0,""omega"":0.205,""rho"":-0.5,""v"":0.1,""xi"":0.3}",derived,code/b5_thm35_387.py:286 EXP02_PAIRS
Exp02__Exp02-G3__OTM_K110,Exp02,Exp02-G3,OTM_K110,heston,G3,,,,,,,,,150,50,,"{""T"":1.0,""kappa"":1.0,""omega"":0.2,""rho"":-0.5,""v"":0.1,""xi"":0.3}","{""T"":1.0,""kappa"":1.0,""omega"":0.205,""rho"":-0.5,""v"":0.1,""xi"":0.3}",derived,code/b5_thm35_387.py:286 EXP02_PAIRS
Exp02__Exp02-G3__OTM_K125,Exp02,Exp02-G3,OTM_K125,heston,G3,,,,,,,,,150,50,,"{""T"":1.0,""kappa"":1.0,""omega"":0.2,""rho"":-0.5,""v"":0.1,""xi"":0.3}","{""T"":1.0,""kappa"":1.0,""omega"":0.205,""rho"":-0.5,""v"":0.1,""xi"":0.3}",derived,code/b5_thm35_387.py:286 EXP02_PAIRS
Exp03__Exp03-AA-A__ATM,Exp03,Exp03-AA-A,ATM,heston,A,AA,,,,,,,,150,50,,"{""T"":1.0,""kappa"":1.0,""omega"":0.2,""rho"":-0.5,""v"":0.1,""xi"":0.3}","{""T"":1.0,""kappa"":1.0,""omega"":0.2,""rho"":-0.5,""v"":0.101,""xi"":0.3}",derived,code/b5_thm35_387.py:315 EXP03_PAIRS_AE
Exp03__Exp03-AA-A__OTM_K110,Exp03,Exp03-AA-A,OTM_K110,heston,A,AA,,,,,,,,150,50,,"{""T"":1.0,""kappa"":1.0,""omega"":0.2,""rho"":-0.5,""v"":0.1,""xi"":0.3}","{""T"":1.0,""kappa"":1.0,""omega"":0.2,""rho"":-0.5,""v"":0.101,""xi"":0.3}",derived,code/b5_thm35_387.py:315 EXP03_PAIRS_AE
Exp03__Exp03-AA-A__OTM_K125,Exp03,Exp03-AA-A,OTM_K125,heston,A,AA,,,,,,,,150,50,,"{""T"":1.0,""kappa"":1.0,""omega"":0.2,""rho"":-0.5,""v"":0.1,""xi"":0.3}","{""T"":1.0,""kappa"":1.0,""omega"":0.2,""rho"":-0.5,""v"":0.101,""xi"":0.3}",derived,code/b5_thm35_387.py:315 EXP03_PAIRS_AE
Exp03__Exp03-AA-B__ATM,Exp03,Exp03-AA-B,ATM,heston,B,AA,,,,,,,,150,50,,"{""T"":1.0,""kappa"":1.0,""omega"":0.2,""rho"":-0.5,""v"":0.1,""xi"":0.3}","{""T"":1.0,""kappa"":1.0,""omega"":0.2,""rho"":-0.5,""v"":0.105,""xi"":0.3}",derived,code/b5_thm35_387.py:315 EXP03_PAIRS_AE
Exp03__Exp03-AA-B__OTM_K110,Exp03,Exp03-AA-B,OTM_K110,heston,B,AA,,,,,,,,150,50,,"{""T"":1.0,""kappa"":1.0,""omega"":0.2,""rho"":-0.5,""v"":0.1,""xi"":0.3}","{""T"":1.0,""kappa"":1.0,""omega"":0.2,""rho"":-0.5,""v"":0.105,""xi"":0.3}",derived,code/b5_thm35_387.py:315 EXP03_PAIRS_AE
Exp03__Exp03-AA-B__OTM_K125,Exp03,Exp03-AA-B,OTM_K125,heston,B,AA,,,,,,,,150,50,,"{""T"":1.0,""kappa"":1.0,""omega"":0.2,""rho"":-0.5,""v"":0.1,""xi"":0.3}","{""T"":1.0,""kappa"":1.0,""omega"":0.2,""rho"":-0.5,""v"":0.105,""xi"":0.3}",derived,code/b5_thm35_387.py:315 EXP03_PAIRS_AE
Exp03__Exp03-AA-C__ATM,Exp03,Exp03-AA-C,ATM,heston,C,AA,,,,,,,,150,50,,"{""T"":1.0,""kappa"":1.0,""omega"":0.2,""rho"":-0.5,""v"":0.1,""xi"":0.3}","{""T"":1.0,""kappa"":1.0,""omega"":0.2,""rho"":-0.5,""v"":0.11,""xi"":0.3}",derived,code/b5_thm35_387.py:315 EXP03_PAIRS_AE
Exp03__Exp03-AA-C__OTM_K110,Exp03,Exp03-AA-C,OTM_K110,heston,C,AA,,,,,,,,150,50,,"{""T"":1.0,""kappa"":1.0,""omega"":0.2,""rho"":-0.5,""v"":0.1,""xi"":0.3}","{""T"":1.0,""kappa"":1.0,""omega"":0.2,""rho"":-0.5,""v"":0.11,""xi"":0.3}",derived,code/b5_thm35_387.py:315 EXP03_PAIRS_AE
Exp03__Exp03-AA-C__OTM_K125,Exp03,Exp03-AA-C,OTM_K125,heston,C,AA,,,,,,,,150,50,,"{""T"":1.0,""kappa"":1.0,""omega"":0.2,""rho"":-0.5,""v"":0.1,""xi"":0.3}","{""T"":1.0,""kappa"":1.0,""omega"":0.2,""rho"":-0.5,""v"":0.11,""xi"":0.3}",derived,code/b5_thm35_387.py:315 EXP03_PAIRS_AE
Exp03__Exp03-AA-D__ATM,Exp03,Exp03-AA-D,ATM,heston,D,AA,,,,,,,,150,50,,"{""T"":1.0,""kappa"":1.0,""omega"":0.2,""rho"":-0.5,""v"":0.1,""xi"":0.3}","{""T"":1.0,""kappa"":1.0,""omega"":0.2,""rho"":-0.5,""v"":0.13,""xi"":0.3}",derived,code/b5_thm35_387.py:315 EXP03_PAIRS_AE
Exp03__Exp03-AA-D__OTM_K110,Exp03,Exp03-AA-D,OTM_K110,heston,D,AA,,,,,,,,150,50,,"{""T"":1.0,""kappa"":1.0,""omega"":0.2,""rho"":-0.5,""v"":0.1,""xi"":0.3}","{""T"":1.0,""kappa"":1.0,""omega"":0.2,""rho"":-0.5,""v"":0.13,""xi"":0.3}",derived,code/b5_thm35_387.py:315 EXP03_PAIRS_AE
Exp03__Exp03-AA-D__OTM_K125,Exp03,Exp03-AA-D,OTM_K125,heston,D,AA,,,,,,,,150,50,,"{""T"":1.0,""kappa"":1.0,""omega"":0.2,""rho"":-0.5,""v"":0.1,""xi"":0.3}","{""T"":1.0,""kappa"":1.0,""omega"":0.2,""rho"":-0.5,""v"":0.13,""xi"":0.3}",derived,code/b5_thm35_387.py:315 EXP03_PAIRS_AE
Exp03__Exp03-AA-E__ATM,Exp03,Exp03-AA-E,ATM,heston,E,AA,,,,,,,,150,50,,"{""T"":1.0,""kappa"":1.0,""omega"":0.2,""rho"":-0.5,""v"":0.1,""xi"":0.3}","{""T"":1.0,""kappa"":1.0,""omega"":0.2,""rho"":-0.5,""v"":0.2,""xi"":0.3}",derived,code/b5_thm35_387.py:315 EXP03_PAIRS_AE
Exp03__Exp03-AA-E__OTM_K110,Exp03,Exp03-AA-E,OTM_K110,heston,E,AA,,,,,,,,150,50,,"{""T"":1.0,""kappa"":1.0,""omega"":0.2,""rho"":-0.5,""v"":0.1,""xi"":0.3}","{""T"":1.0,""kappa"":1.0,""omega"":0.2,""rho"":-0.5,""v"":0.2,""xi"":0.3}",derived,code/b5_thm35_387.py:315 EXP03_PAIRS_AE
Exp03__Exp03-AA-E__OTM_K125,Exp03,Exp03-AA-E,OTM_K125,heston,E,AA,,,,,,,,150,50,,"{""T"":1.0,""kappa"":1.0,""omega"":0.2,""rho"":-0.5,""v"":0.1,""xi"":0.3}","{""T"":1.0,""kappa"":1.0,""omega"":0.2,""rho"":-0.5,""v"":0.2,""xi"":0.3}",derived,code/b5_thm35_387.py:315 EXP03_PAIRS_AE
Exp03__Exp03-AB1-A__ATM,Exp03,Exp03-AB1-A,ATM,heston,A,AB1,,,,,,,,24,6,,"{""T"":1.0,""kappa"":1.0,""omega"":0.2,""rho"":-0.5,""v"":0.1,""xi"":0.3}","{""T"":1.0,""kappa"":1.0,""omega"":0.2,""rho"":-0.5,""v"":0.101,""xi"":0.3}",derived,code/b5_thm35_387.py:315 EXP03_PAIRS_AE
Exp03__Exp03-AB1-A__OTM_K110,Exp03,Exp03-AB1-A,OTM_K110,heston,A,AB1,,,,,,,,24,6,,"{""T"":1.0,""kappa"":1.0,""omega"":0.2,""rho"":-0.5,""v"":0.1,""xi"":0.3}","{""T"":1.0,""kappa"":1.0,""omega"":0.2,""rho"":-0.5,""v"":0.101,""xi"":0.3}",derived,code/b5_thm35_387.py:315 EXP03_PAIRS_AE
Exp03__Exp03-AB1-A__OTM_K125,Exp03,Exp03-AB1-A,OTM_K125,heston,A,AB1,,,,,,,,24,6,,"{""T"":1.0,""kappa"":1.0,""omega"":0.2,""rho"":-0.5,""v"":0.1,""xi"":0.3}","{""T"":1.0,""kappa"":1.0,""omega"":0.2,""rho"":-0.5,""v"":0.101,""xi"":0.3}",derived,code/b5_thm35_387.py:315 EXP03_PAIRS_AE
Exp03__Exp03-AB1-B__ATM,Exp03,Exp03-AB1-B,ATM,heston,B,AB1,,,,,,,,24,6,,"{""T"":1.0,""kappa"":1.0,""omega"":0.2,""rho"":-0.5,""v"":0.1,""xi"":0.3}","{""T"":1.0,""kappa"":1.0,""omega"":0.2,""rho"":-0.5,""v"":0.105,""xi"":0.3}",derived,code/b5_thm35_387.py:315 EXP03_PAIRS_AE
Exp03__Exp03-AB1-B__OTM_K110,Exp03,Exp03-AB1-B,OTM_K110,heston,B,AB1,,,,,,,,24,6,,"{""T"":1.0,""kappa"":1.0,""omega"":0.2,""rho"":-0.5,""v"":0.1,""xi"":0.3}","{""T"":1.0,""kappa"":1.0,""omega"":0.2,""rho"":-0.5,""v"":0.105,""xi"":0.3}",derived,code/b5_thm35_387.py:315 EXP03_PAIRS_AE
Exp03__Exp03-AB1-B__OTM_K125,Exp03,Exp03-AB1-B,OTM_K125,heston,B,AB1,,,,,,,,24,6,,"{""T"":1.0,""kappa"":1.0,""omega"":0.2,""rho"":-0.5,""v"":0.1,""xi"":0.3}","{""T"":1.0,""kappa"":1.0,""omega"":0.2,""rho"":-0.5,""v"":0.105,""xi"":0.3}",derived,code/b5_thm35_387.py:315 EXP03_PAIRS_AE
Exp03__Exp03-AB1-C__ATM,Exp03,Exp03-AB1-C,ATM,heston,C,AB1,,,,,,,,24,6,,"{""T"":1.0,""kappa"":1.0,""omega"":0.2,""rho"":-0.5,""v"":0.1,""xi"":0.3}","{""T"":1.0,""kappa"":1.0,""omega"":0.2,""rho"":-0.5,""v"":0.11,""xi"":0.3}",derived,code/b5_thm35_387.py:315 EXP03_PAIRS_AE
Exp03__Exp03-AB1-C__OTM_K110,Exp03,Exp03-AB1-C,OTM_K110,heston,C,AB1,,,,,,,,24,6,,"{""T"":1.0,""kappa"":1.0,""omega"":0.2,""rho"":-0.5,""v"":0.1,""xi"":0.3}","{""T"":1.0,""kappa"":1.0,""omega"":0.2,""rho"":-0.5,""v"":0.11,""xi"":0.3}",derived,code/b5_thm35_387.py:315 EXP03_PAIRS_AE
Exp03__Exp03-AB1-C__OTM_K125,Exp03,Exp03-AB1-C,OTM_K125,heston,C,AB1,,,,,,,,24,6,,"{""T"":1.0,""kappa"":1.0,""omega"":0.2,""rho"":-0.5,""v"":0.1,""xi"":0.3}","{""T"":1.0,""kappa"":1.0,""omega"":0.2,""rho"":-0.5,""v"":0.11,""xi"":0.3}",derived,code/b5_thm35_387.py:315 EXP03_PAIRS_AE
Exp03__Exp03-AB1-D__ATM,Exp03,Exp03-AB1-D,ATM,heston,D,AB1,,,,,,,,24,6,,"{""T"":1.0,""kappa"":1.0,""omega"":0.2,""rho"":-0.5,""v"":0.1,""xi"":0.3}","{""T"":1.0,""kappa"":1.0,""omega"":0.2,""rho"":-0.5,""v"":0.13,""xi"":0.3}",derived,code/b5_thm35_387.py:315 EXP03_PAIRS_AE
Exp03__Exp03-AB1-D__OTM_K110,Exp03,Exp03-AB1-D,OTM_K110,heston,D,AB1,,,,,,,,24,6,,"{""T"":1.0,""kappa"":1.0,""omega"":0.2,""rho"":-0.5,""v"":0.1,""xi"":0.3}","{""T"":1.0,""kappa"":1.0,""omega"":0.2,""rho"":-0.5,""v"":0.13,""xi"":0.3}",derived,code/b5_thm35_387.py:315 EXP03_PAIRS_AE
Exp03__Exp03-AB1-D__OTM_K125,Exp03,Exp03-AB1-D,OTM_K125,heston,D,AB1,,,,,,,,24,6,,"{""T"":1.0,""kappa"":1.0,""omega"":0.2,""rho"":-0.5,""v"":0.1,""xi"":0.3}","{""T"":1.0,""kappa"":1.0,""omega"":0.2,""rho"":-0.5,""v"":0.13,""xi"":0.3}",derived,code/b5_thm35_387.py:315 EXP03_PAIRS_AE
Exp03__Exp03-AB1-E__ATM,Exp03,Exp03-AB1-E,ATM,heston,E,AB1,,,,,,,,24,6,,"{""T"":1.0,""kappa"":1.0,""omega"":0.2,""rho"":-0.5,""v"":0.1,""xi"":0.3}","{""T"":1.0,""kappa"":1.0,""omega"":0.2,""rho"":-0.5,""v"":0.2,""xi"":0.3}",derived,code/b5_thm35_387.py:315 EXP03_PAIRS_AE
Exp03__Exp03-AB1-E__OTM_K110,Exp03,Exp03-AB1-E,OTM_K110,heston,E,AB1,,,,,,,,24,6,,"{""T"":1.0,""kappa"":1.0,""omega"":0.2,""rho"":-0.5,""v"":0.1,""xi"":0.3}","{""T"":1.0,""kappa"":1.0,""omega"":0.2,""rho"":-0.5,""v"":0.2,""xi"":0.3}",derived,code/b5_thm35_387.py:315 EXP03_PAIRS_AE
Exp03__Exp03-AB1-E__OTM_K125,Exp03,Exp03-AB1-E,OTM_K125,heston,E,AB1,,,,,,,,24,6,,"{""T"":1.0,""kappa"":1.0,""omega"":0.2,""rho"":-0.5,""v"":0.1,""xi"":0.3}","{""T"":1.0,""kappa"":1.0,""omega"":0.2,""rho"":-0.5,""v"":0.2,""xi"":0.3}",derived,code/b5_thm35_387.py:315 EXP03_PAIRS_AE
Exp03__Exp03-AB2-A__ATM,Exp03,Exp03-AB2-A,ATM,heston,A,AB2,,,,,,,,24,6,,"{""T"":1.0,""kappa"":1.0,""omega"":0.2,""rho"":-0.5,""v"":0.1,""xi"":0.3}","{""T"":1.0,""kappa"":1.0,""omega"":0.2,""rho"":-0.5,""v"":0.101,""xi"":0.3}",derived,code/b5_thm35_387.py:315 EXP03_PAIRS_AE
Exp03__Exp03-AB2-A__OTM_K110,Exp03,Exp03-AB2-A,OTM_K110,heston,A,AB2,,,,,,,,24,6,,"{""T"":1.0,""kappa"":1.0,""omega"":0.2,""rho"":-0.5,""v"":0.1,""xi"":0.3}","{""T"":1.0,""kappa"":1.0,""omega"":0.2,""rho"":-0.5,""v"":0.101,""xi"":0.3}",derived,code/b5_thm35_387.py:315 EXP03_PAIRS_AE
Exp03__Exp03-AB2-A__OTM_K125,Exp03,Exp03-AB2-A,OTM_K125,heston,A,AB2,,,,,,,,24,6,,"{""T"":1.0,""kappa"":1.0,""omega"":0.2,""rho"":-0.5,""v"":0.1,""xi"":0.3}","{""T"":1.0,""kappa"":1.0,""omega"":0.2,""rho"":-0.5,""v"":0.101,""xi"":0.3}",derived,code/b5_thm35_387.py:315 EXP03_PAIRS_AE
Exp03__Exp03-AB2-B__ATM,Exp03,Exp03-AB2-B,ATM,heston,B,AB2,,,,,,,,24,6,,"{""T"":1.0,""kappa"":1.0,""omega"":0.2,""rho"":-0.5,""v"":0.1,""xi"":0.3}","{""T"":1.0,""kappa"":1.0,""omega"":0.2,""rho"":-0.5,""v"":0.105,""xi"":0.3}",derived,code/b5_thm35_387.py:315 EXP03_PAIRS_AE
Exp03__Exp03-AB2-B__OTM_K110,Exp03,Exp03-AB2-B,OTM_K110,heston,B,AB2,,,,,,,,24,6,,"{""T"":1.0,""kappa"":1.0,""omega"":0.2,""rho"":-0.5,""v"":0.1,""xi"":0.3}","{""T"":1.0,""kappa"":1.0,""omega"":0.2,""rho"":-0.5,""v"":0.105,""xi"":0.3}",derived,code/b5_thm35_387.py:315 EXP03_PAIRS_AE
Exp03__Exp03-AB2-B__OTM_K125,Exp03,Exp03-AB2-B,OTM_K125,heston,B,AB2,,,,,,,,24,6,,"{""T"":1.0,""kappa"":1.0,""omega"":0.2,""rho"":-0.5,""v"":0.1,""xi"":0.3}","{""T"":1.0,""kappa"":1.0,""omega"":0.2,""rho"":-0.5,""v"":0.105,""xi"":0.3}",derived,code/b5_thm35_387.py:315 EXP03_PAIRS_AE
Exp03__Exp03-AB2-C__ATM,Exp03,Exp03-AB2-C,ATM,heston,C,AB2,,,,,,,,24,6,,"{""T"":1.0,""kappa"":1.0,""omega"":0.2,""rho"":-0.5,""v"":0.1,""xi"":0.3}","{""T"":1.0,""kappa"":1.0,""omega"":0.2,""rho"":-0.5,""v"":0.11,""xi"":0.3}",derived,code/b5_thm35_387.py:315 EXP03_PAIRS_AE
Exp03__Exp03-AB2-C__OTM_K110,Exp03,Exp03-AB2-C,OTM_K110,heston,C,AB2,,,,,,,,24,6,,"{""T"":1.0,""kappa"":1.0,""omega"":0.2,""rho"":-0.5,""v"":0.1,""xi"":0.3}","{""T"":1.0,""kappa"":1.0,""omega"":0.2,""rho"":-0.5,""v"":0.11,""xi"":0.3}",derived,code/b5_thm35_387.py:315 EXP03_PAIRS_AE
Exp03__Exp03-AB2-C__OTM_K125,Exp03,Exp03-AB2-C,OTM_K125,heston,C,AB2,,,,,,,,24,6,,"{""T"":1.0,""kappa"":1.0,""omega"":0.2,""rho"":-0.5,""v"":0.1,""xi"":0.3}","{""T"":1.0,""kappa"":1.0,""omega"":0.2,""rho"":-0.5,""v"":0.11,""xi"":0.3}",derived,code/b5_thm35_387.py:315 EXP03_PAIRS_AE
Exp03__Exp03-AB2-D__ATM,Exp03,Exp03-AB2-D,ATM,heston,D,AB2,,,,,,,,24,6,,"{""T"":1.0,""kappa"":1.0,""omega"":0.2,""rho"":-0.5,""v"":0.1,""xi"":0.3}","{""T"":1.0,""kappa"":1.0,""omega"":0.2,""rho"":-0.5,""v"":0.13,""xi"":0.3}",derived,code/b5_thm35_387.py:315 EXP03_PAIRS_AE
Exp03__Exp03-AB2-D__OTM_K110,Exp03,Exp03-AB2-D,OTM_K110,heston,D,AB2,,,,,,,,24,6,,"{""T"":1.0,""kappa"":1.0,""omega"":0.2,""rho"":-0.5,""v"":0.1,""xi"":0.3}","{""T"":1.0,""kappa"":1.0,""omega"":0.2,""rho"":-0.5,""v"":0.13,""xi"":0.3}",derived,code/b5_thm35_387.py:315 EXP03_PAIRS_AE
Exp03__Exp03-AB2-D__OTM_K125,Exp03,Exp03-AB2-D,OTM_K125,heston,D,AB2,,,,,,,,24,6,,"{""T"":1.0,""kappa"":1.0,""omega"":0.2,""rho"":-0.5,""v"":0.1,""xi"":0.3}","{""T"":1.0,""kappa"":1.0,""omega"":0.2,""rho"":-0.5,""v"":0.13,""xi"":0.3}",derived,code/b5_thm35_387.py:315 EXP03_PAIRS_AE
Exp03__Exp03-AB2-E__ATM,Exp03,Exp03-AB2-E,ATM,heston,E,AB2,,,,,,,,24,6,,"{""T"":1.0,""kappa"":1.0,""omega"":0.2,""rho"":-0.5,""v"":0.1,""xi"":0.3}","{""T"":1.0,""kappa"":1.0,""omega"":0.2,""rho"":-0.5,""v"":0.2,""xi"":0.3}",derived,code/b5_thm35_387.py:315 EXP03_PAIRS_AE
Exp03__Exp03-AB2-E__OTM_K110,Exp03,Exp03-AB2-E,OTM_K110,heston,E,AB2,,,,,,,,24,6,,"{""T"":1.0,""kappa"":1.0,""omega"":0.2,""rho"":-0.5,""v"":0.1,""xi"":0.3}","{""T"":1.0,""kappa"":1.0,""omega"":0.2,""rho"":-0.5,""v"":0.2,""xi"":0.3}",derived,code/b5_thm35_387.py:315 EXP03_PAIRS_AE
Exp03__Exp03-AB2-E__OTM_K125,Exp03,Exp03-AB2-E,OTM_K125,heston,E,AB2,,,,,,,,24,6,,"{""T"":1.0,""kappa"":1.0,""omega"":0.2,""rho"":-0.5,""v"":0.1,""xi"":0.3}","{""T"":1.0,""kappa"":1.0,""omega"":0.2,""rho"":-0.5,""v"":0.2,""xi"":0.3}",derived,code/b5_thm35_387.py:315 EXP03_PAIRS_AE
Exp03__Exp03-AB3-A__ATM,Exp03,Exp03-AB3-A,ATM,heston,A,AB3,,,,,,,,24,6,,"{""T"":1.0,""kappa"":1.0,""omega"":0.2,""rho"":-0.5,""v"":0.1,""xi"":0.3}","{""T"":1.0,""kappa"":1.0,""omega"":0.2,""rho"":-0.5,""v"":0.101,""xi"":0.3}",derived,code/b5_thm35_387.py:315 EXP03_PAIRS_AE
Exp03__Exp03-AB3-A__OTM_K110,Exp03,Exp03-AB3-A,OTM_K110,heston,A,AB3,,,,,,,,24,6,,"{""T"":1.0,""kappa"":1.0,""omega"":0.2,""rho"":-0.5,""v"":0.1,""xi"":0.3}","{""T"":1.0,""kappa"":1.0,""omega"":0.2,""rho"":-0.5,""v"":0.101,""xi"":0.3}",derived,code/b5_thm35_387.py:315 EXP03_PAIRS_AE
Exp03__Exp03-AB3-A__OTM_K125,Exp03,Exp03-AB3-A,OTM_K125,heston,A,AB3,,,,,,,,24,6,,"{""T"":1.0,""kappa"":1.0,""omega"":0.2,""rho"":-0.5,""v"":0.1,""xi"":0.3}","{""T"":1.0,""kappa"":1.0,""omega"":0.2,""rho"":-0.5,""v"":0.101,""xi"":0.3}",derived,code/b5_thm35_387.py:315 EXP03_PAIRS_AE
Exp03__Exp03-AB3-B__ATM,Exp03,Exp03-AB3-B,ATM,heston,B,AB3,,,,,,,,24,6,,"{""T"":1.0,""kappa"":1.0,""omega"":0.2,""rho"":-0.5,""v"":0.1,""xi"":0.3}","{""T"":1.0,""kappa"":1.0,""omega"":0.2,""rho"":-0.5,""v"":0.105,""xi"":0.3}",derived,code/b5_thm35_387.py:315 EXP03_PAIRS_AE
Exp03__Exp03-AB3-B__OTM_K110,Exp03,Exp03-AB3-B,OTM_K110,heston,B,AB3,,,,,,,,24,6,,"{""T"":1.0,""kappa"":1.0,""omega"":0.2,""rho"":-0.5,""v"":0.1,""xi"":0.3}","{""T"":1.0,""kappa"":1.0,""omega"":0.2,""rho"":-0.5,""v"":0.105,""xi"":0.3}",derived,code/b5_thm35_387.py:315 EXP03_PAIRS_AE
Exp03__Exp03-AB3-B__OTM_K125,Exp03,Exp03-AB3-B,OTM_K125,heston,B,AB3,,,,,,,,24,6,,"{""T"":1.0,""kappa"":1.0,""omega"":0.2,""rho"":-0.5,""v"":0.1,""xi"":0.3}","{""T"":1.0,""kappa"":1.0,""omega"":0.2,""rho"":-0.5,""v"":0.105,""xi"":0.3}",derived,code/b5_thm35_387.py:315 EXP03_PAIRS_AE
Exp03__Exp03-AB3-C__ATM,Exp03,Exp03-AB3-C,ATM,heston,C,AB3,,,,,,,,24,6,,"{""T"":1.0,""kappa"":1.0,""omega"":0.2,""rho"":-0.5,""v"":0.1,""xi"":0.3}","{""T"":1.0,""kappa"":1.0,""omega"":0.2,""rho"":-0.5,""v"":0.11,""xi"":0.3}",derived,code/b5_thm35_387.py:315 EXP03_PAIRS_AE
Exp03__Exp03-AB3-C__OTM_K110,Exp03,Exp03-AB3-C,OTM_K110,heston,C,AB3,,,,,,,,24,6,,"{""T"":1.0,""kappa"":1.0,""omega"":0.2,""rho"":-0.5,""v"":0.1,""xi"":0.3}","{""T"":1.0,""kappa"":1.0,""omega"":0.2,""rho"":-0.5,""v"":0.11,""xi"":0.3}",derived,code/b5_thm35_387.py:315 EXP03_PAIRS_AE
Exp03__Exp03-AB3-C__OTM_K125,Exp03,Exp03-AB3-C,OTM_K125,heston,C,AB3,,,,,,,,24,6,,"{""T"":1.0,""kappa"":1.0,""omega"":0.2,""rho"":-0.5,""v"":0.1,""xi"":0.3}","{""T"":1.0,""kappa"":1.0,""omega"":0.2,""rho"":-0.5,""v"":0.11,""xi"":0.3}",derived,code/b5_thm35_387.py:315 EXP03_PAIRS_AE
Exp03__Exp03-AB3-D__ATM,Exp03,Exp03-AB3-D,ATM,heston,D,AB3,,,,,,,,24,6,,"{""T"":1.0,""kappa"":1.0,""omega"":0.2,""rho"":-0.5,""v"":0.1,""xi"":0.3}","{""T"":1.0,""kappa"":1.0,""omega"":0.2,""rho"":-0.5,""v"":0.13,""xi"":0.3}",derived,code/b5_thm35_387.py:315 EXP03_PAIRS_AE
Exp03__Exp03-AB3-D__OTM_K110,Exp03,Exp03-AB3-D,OTM_K110,heston,D,AB3,,,,,,,,24,6,,"{""T"":1.0,""kappa"":1.0,""omega"":0.2,""rho"":-0.5,""v"":0.1,""xi"":0.3}","{""T"":1.0,""kappa"":1.0,""omega"":0.2,""rho"":-0.5,""v"":0.13,""xi"":0.3}",derived,code/b5_thm35_387.py:315 EXP03_PAIRS_AE
Exp03__Exp03-AB3-D__OTM_K125,Exp03,Exp03-AB3-D,OTM_K125,heston,D,AB3,,,,,,,,24,6,,"{""T"":1.0,""kappa"":1.0,""omega"":0.2,""rho"":-0.5,""v"":0.1,""xi"":0.3}","{""T"":1.0,""kappa"":1.0,""omega"":0.2,""rho"":-0.5,""v"":0.13,""xi"":0.3}",derived,code/b5_thm35_387.py:315 EXP03_PAIRS_AE
Exp03__Exp03-AB3-E__ATM,Exp03,Exp03-AB3-E,ATM,heston,E,AB3,,,,,,,,24,6,,"{""T"":1.0,""kappa"":1.0,""omega"":0.2,""rho"":-0.5,""v"":0.1,""xi"":0.3}","{""T"":1.0,""kappa"":1.0,""omega"":0.2,""rho"":-0.5,""v"":0.2,""xi"":0.3}",derived,code/b5_thm35_387.py:315 EXP03_PAIRS_AE
Exp03__Exp03-AB3-E__OTM_K110,Exp03,Exp03-AB3-E,OTM_K110,heston,E,AB3,,,,,,,,24,6,,"{""T"":1.0,""kappa"":1.0,""omega"":0.2,""rho"":-0.5,""v"":0.1,""xi"":0.3}","{""T"":1.0,""kappa"":1.0,""omega"":0.2,""rho"":-0.5,""v"":0.2,""xi"":0.3}",derived,code/b5_thm35_387.py:315 EXP03_PAIRS_AE
Exp03__Exp03-AB3-E__OTM_K125,Exp03,Exp03-AB3-E,OTM_K125,heston,E,AB3,,,,,,,,24,6,,"{""T"":1.0,""kappa"":1.0,""omega"":0.2,""rho"":-0.5,""v"":0.1,""xi"":0.3}","{""T"":1.0,""kappa"":1.0,""omega"":0.2,""rho"":-0.5,""v"":0.2,""xi"":0.3}",derived,code/b5_thm35_387.py:315 EXP03_PAIRS_AE
Exp03__Exp03-B1B1-A__ATM,Exp03,Exp03-B1B1-A,ATM,heston,A,B1B1,,,,,,,,24,6,,"{""T"":1.0,""kappa"":1.0,""omega"":0.2,""rho"":-0.5,""v"":0.1,""xi"":0.3}","{""T"":1.0,""kappa"":1.0,""omega"":0.2,""rho"":-0.5,""v"":0.101,""xi"":0.3}",derived,code/b5_thm35_387.py:315 EXP03_PAIRS_AE
Exp03__Exp03-B1B1-A__OTM_K110,Exp03,Exp03-B1B1-A,OTM_K110,heston,A,B1B1,,,,,,,,24,6,,"{""T"":1.0,""kappa"":1.0,""omega"":0.2,""rho"":-0.5,""v"":0.1,""xi"":0.3}","{""T"":1.0,""kappa"":1.0,""omega"":0.2,""rho"":-0.5,""v"":0.101,""xi"":0.3}",derived,code/b5_thm35_387.py:315 EXP03_PAIRS_AE
Exp03__Exp03-B1B1-A__OTM_K125,Exp03,Exp03-B1B1-A,OTM_K125,heston,A,B1B1,,,,,,,,24,6,,"{""T"":1.0,""kappa"":1.0,""omega"":0.2,""rho"":-0.5,""v"":0.1,""xi"":0.3}","{""T"":1.0,""kappa"":1.0,""omega"":0.2,""rho"":-0.5,""v"":0.101,""xi"":0.3}",derived,code/b5_thm35_387.py:315 EXP03_PAIRS_AE
Exp03__Exp03-B1B1-B__ATM,Exp03,Exp03-B1B1-B,ATM,heston,B,B1B1,,,,,,,,24,6,,"{""T"":1.0,""kappa"":1.0,""omega"":0.2,""rho"":-0.5,""v"":0.1,""xi"":0.3}","{""T"":1.0,""kappa"":1.0,""omega"":0.2,""rho"":-0.5,""v"":0.105,""xi"":0.3}",derived,code/b5_thm35_387.py:315 EXP03_PAIRS_AE
Exp03__Exp03-B1B1-B__OTM_K110,Exp03,Exp03-B1B1-B,OTM_K110,heston,B,B1B1,,,,,,,,24,6,,"{""T"":1.0,""kappa"":1.0,""omega"":0.2,""rho"":-0.5,""v"":0.1,""xi"":0.3}","{""T"":1.0,""kappa"":1.0,""omega"":0.2,""rho"":-0.5,""v"":0.105,""xi"":0.3}",derived,code/b5_thm35_387.py:315 EXP03_PAIRS_AE
Exp03__Exp03-B1B1-B__OTM_K125,Exp03,Exp03-B1B1-B,OTM_K125,heston,B,B1B1,,,,,,,,24,6,,"{""T"":1.0,""kappa"":1.0,""omega"":0.2,""rho"":-0.5,""v"":0.1,""xi"":0.3}","{""T"":1.0,""kappa"":1.0,""omega"":0.2,""rho"":-0.5,""v"":0.105,""xi"":0.3}",derived,code/b5_thm35_387.py:315 EXP03_PAIRS_AE
Exp03__Exp03-B1B1-C__ATM,Exp03,Exp03-B1B1-C,ATM,heston,C,B1B1,,,,,,,,24,6,,"{""T"":1.0,""kappa"":1.0,""omega"":0.2,""rho"":-0.5,""v"":0.1,""xi"":0.3}","{""T"":1.0,""kappa"":1.0,""omega"":0.2,""rho"":-0.5,""v"":0.11,""xi"":0.3}",derived,code/b5_thm35_387.py:315 EXP03_PAIRS_AE
Exp03__Exp03-B1B1-C__OTM_K110,Exp03,Exp03-B1B1-C,OTM_K110,heston,C,B1B1,,,,,,,,24,6,,"{""T"":1.0,""kappa"":1.0,""omega"":0.2,""rho"":-0.5,""v"":0.1,""xi"":0.3}","{""T"":1.0,""kappa"":1.0,""omega"":0.2,""rho"":-0.5,""v"":0.11,""xi"":0.3}",derived,code/b5_thm35_387.py:315 EXP03_PAIRS_AE
Exp03__Exp03-B1B1-C__OTM_K125,Exp03,Exp03-B1B1-C,OTM_K125,heston,C,B1B1,,,,,,,,24,6,,"{""T"":1.0,""kappa"":1.0,""omega"":0.2,""rho"":-0.5,""v"":0.1,""xi"":0.3}","{""T"":1.0,""kappa"":1.0,""omega"":0.2,""rho"":-0.5,""v"":0.11,""xi"":0.3}",derived,code/b5_thm35_387.py:315 EXP03_PAIRS_AE
Exp03__Exp03-B1B1-D__ATM,Exp03,Exp03-B1B1-D,ATM,heston,D,B1B1,,,,,,,,24,6,,"{""T"":1.0,""kappa"":1.0,""omega"":0.2,""rho"":-0.5,""v"":0.1,""xi"":0.3}","{""T"":1.0,""kappa"":1.0,""omega"":0.2,""rho"":-0.5,""v"":0.13,""xi"":0.3}",derived,code/b5_thm35_387.py:315 EXP03_PAIRS_AE
Exp03__Exp03-B1B1-D__OTM_K110,Exp03,Exp03-B1B1-D,OTM_K110,heston,D,B1B1,,,,,,,,24,6,,"{""T"":1.0,""kappa"":1.0,""omega"":0.2,""rho"":-0.5,""v"":0.1,""xi"":0.3}","{""T"":1.0,""kappa"":1.0,""omega"":0.2,""rho"":-0.5,""v"":0.13,""xi"":0.3}",derived,code/b5_thm35_387.py:315 EXP03_PAIRS_AE
Exp03__Exp03-B1B1-D__OTM_K125,Exp03,Exp03-B1B1-D,OTM_K125,heston,D,B1B1,,,,,,,,24,6,,"{""T"":1.0,""kappa"":1.0,""omega"":0.2,""rho"":-0.5,""v"":0.1,""xi"":0.3}","{""T"":1.0,""kappa"":1.0,""omega"":0.2,""rho"":-0.5,""v"":0.13,""xi"":0.3}",derived,code/b5_thm35_387.py:315 EXP03_PAIRS_AE
Exp03__Exp03-B1B1-E__ATM,Exp03,Exp03-B1B1-E,ATM,heston,E,B1B1,,,,,,,,24,6,,"{""T"":1.0,""kappa"":1.0,""omega"":0.2,""rho"":-0.5,""v"":0.1,""xi"":0.3}","{""T"":1.0,""kappa"":1.0,""omega"":0.2,""rho"":-0.5,""v"":0.2,""xi"":0.3}",derived,code/b5_thm35_387.py:315 EXP03_PAIRS_AE
Exp03__Exp03-B1B1-E__OTM_K110,Exp03,Exp03-B1B1-E,OTM_K110,heston,E,B1B1,,,,,,,,24,6,,"{""T"":1.0,""kappa"":1.0,""omega"":0.2,""rho"":-0.5,""v"":0.1,""xi"":0.3}","{""T"":1.0,""kappa"":1.0,""omega"":0.2,""rho"":-0.5,""v"":0.2,""xi"":0.3}",derived,code/b5_thm35_387.py:315 EXP03_PAIRS_AE
Exp03__Exp03-B1B1-E__OTM_K125,Exp03,Exp03-B1B1-E,OTM_K125,heston,E,B1B1,,,,,,,,24,6,,"{""T"":1.0,""kappa"":1.0,""omega"":0.2,""rho"":-0.5,""v"":0.1,""xi"":0.3}","{""T"":1.0,""kappa"":1.0,""omega"":0.2,""rho"":-0.5,""v"":0.2,""xi"":0.3}",derived,code/b5_thm35_387.py:315 EXP03_PAIRS_AE
Exp03__Exp03-B2B2-A__ATM,Exp03,Exp03-B2B2-A,ATM,heston,A,B2B2,,,,,,,,24,6,,"{""T"":1.0,""kappa"":1.0,""omega"":0.2,""rho"":-0.5,""v"":0.1,""xi"":0.3}","{""T"":1.0,""kappa"":1.0,""omega"":0.2,""rho"":-0.5,""v"":0.101,""xi"":0.3}",derived,code/b5_thm35_387.py:315 EXP03_PAIRS_AE
Exp03__Exp03-B2B2-A__OTM_K110,Exp03,Exp03-B2B2-A,OTM_K110,heston,A,B2B2,,,,,,,,24,6,,"{""T"":1.0,""kappa"":1.0,""omega"":0.2,""rho"":-0.5,""v"":0.1,""xi"":0.3}","{""T"":1.0,""kappa"":1.0,""omega"":0.2,""rho"":-0.5,""v"":0.101,""xi"":0.3}",derived,code/b5_thm35_387.py:315 EXP03_PAIRS_AE
Exp03__Exp03-B2B2-A__OTM_K125,Exp03,Exp03-B2B2-A,OTM_K125,heston,A,B2B2,,,,,,,,24,6,,"{""T"":1.0,""kappa"":1.0,""omega"":0.2,""rho"":-0.5,""v"":0.1,""xi"":0.3}","{""T"":1.0,""kappa"":1.0,""omega"":0.2,""rho"":-0.5,""v"":0.101,""xi"":0.3}",derived,code/b5_thm35_387.py:315 EXP03_PAIRS_AE
Exp03__Exp03-B2B2-B__ATM,Exp03,Exp03-B2B2-B,ATM,heston,B,B2B2,,,,,,,,24,6,,"{""T"":1.0,""kappa"":1.0,""omega"":0.2,""rho"":-0.5,""v"":0.1,""xi"":0.3}","{""T"":1.0,""kappa"":1.0,""omega"":0.2,""rho"":-0.5,""v"":0.105,""xi"":0.3}",derived,code/b5_thm35_387.py:315 EXP03_PAIRS_AE
Exp03__Exp03-B2B2-B__OTM_K110,Exp03,Exp03-B2B2-B,OTM_K110,heston,B,B2B2,,,,,,,,24,6,,"{""T"":1.0,""kappa"":1.0,""omega"":0.2,""rho"":-0.5,""v"":0.1,""xi"":0.3}","{""T"":1.0,""kappa"":1.0,""omega"":0.2,""rho"":-0.5,""v"":0.105,""xi"":0.3}",derived,code/b5_thm35_387.py:315 EXP03_PAIRS_AE
Exp03__Exp03-B2B2-B__OTM_K125,Exp03,Exp03-B2B2-B,OTM_K125,heston,B,B2B2,,,,,,,,24,6,,"{""T"":1.0,""kappa"":1.0,""omega"":0.2,""rho"":-0.5,""v"":0.1,""xi"":0.3}","{""T"":1.0,""kappa"":1.0,""omega"":0.2,""rho"":-0.5,""v"":0.105,""xi"":0.3}",derived,code/b5_thm35_387.py:315 EXP03_PAIRS_AE
Exp03__Exp03-B2B2-C__ATM,Exp03,Exp03-B2B2-C,ATM,heston,C,B2B2,,,,,,,,24,6,,"{""T"":1.0,""kappa"":1.0,""omega"":0.2,""rho"":-0.5,""v"":0.1,""xi"":0.3}","{""T"":1.0,""kappa"":1.0,""omega"":0.2,""rho"":-0.5,""v"":0.11,""xi"":0.3}",derived,code/b5_thm35_387.py:315 EXP03_PAIRS_AE
Exp03__Exp03-B2B2-C__OTM_K110,Exp03,Exp03-B2B2-C,OTM_K110,heston,C,B2B2,,,,,,,,24,6,,"{""T"":1.0,""kappa"":1.0,""omega"":0.2,""rho"":-0.5,""v"":0.1,""xi"":0.3}","{""T"":1.0,""kappa"":1.0,""omega"":0.2,""rho"":-0.5,""v"":0.11,""xi"":0.3}",derived,code/b5_thm35_387.py:315 EXP03_PAIRS_AE
Exp03__Exp03-B2B2-C__OTM_K125,Exp03,Exp03-B2B2-C,OTM_K125,heston,C,B2B2,,,,,,,,24,6,,"{""T"":1.0,""kappa"":1.0,""omega"":0.2,""rho"":-0.5,""v"":0.1,""xi"":0.3}","{""T"":1.0,""kappa"":1.0,""omega"":0.2,""rho"":-0.5,""v"":0.11,""xi"":0.3}",derived,code/b5_thm35_387.py:315 EXP03_PAIRS_AE
Exp03__Exp03-B2B2-D__ATM,Exp03,Exp03-B2B2-D,ATM,heston,D,B2B2,,,,,,,,24,6,,"{""T"":1.0,""kappa"":1.0,""omega"":0.2,""rho"":-0.5,""v"":0.1,""xi"":0.3}","{""T"":1.0,""kappa"":1.0,""omega"":0.2,""rho"":-0.5,""v"":0.13,""xi"":0.3}",derived,code/b5_thm35_387.py:315 EXP03_PAIRS_AE
Exp03__Exp03-B2B2-D__OTM_K110,Exp03,Exp03-B2B2-D,OTM_K110,heston,D,B2B2,,,,,,,,24,6,,"{""T"":1.0,""kappa"":1.0,""omega"":0.2,""rho"":-0.5,""v"":0.1,""xi"":0.3}","{""T"":1.0,""kappa"":1.0,""omega"":0.2,""rho"":-0.5,""v"":0.13,""xi"":0.3}",derived,code/b5_thm35_387.py:315 EXP03_PAIRS_AE
Exp03__Exp03-B2B2-D__OTM_K125,Exp03,Exp03-B2B2-D,OTM_K125,heston,D,B2B2,,,,,,,,24,6,,"{""T"":1.0,""kappa"":1.0,""omega"":0.2,""rho"":-0.5,""v"":0.1,""xi"":0.3}","{""T"":1.0,""kappa"":1.0,""omega"":0.2,""rho"":-0.5,""v"":0.13,""xi"":0.3}",derived,code/b5_thm35_387.py:315 EXP03_PAIRS_AE
Exp03__Exp03-B2B2-E__ATM,Exp03,Exp03-B2B2-E,ATM,heston,E,B2B2,,,,,,,,24,6,,"{""T"":1.0,""kappa"":1.0,""omega"":0.2,""rho"":-0.5,""v"":0.1,""xi"":0.3}","{""T"":1.0,""kappa"":1.0,""omega"":0.2,""rho"":-0.5,""v"":0.2,""xi"":0.3}",derived,code/b5_thm35_387.py:315 EXP03_PAIRS_AE
Exp03__Exp03-B2B2-E__OTM_K110,Exp03,Exp03-B2B2-E,OTM_K110,heston,E,B2B2,,,,,,,,24,6,,"{""T"":1.0,""kappa"":1.0,""omega"":0.2,""rho"":-0.5,""v"":0.1,""xi"":0.3}","{""T"":1.0,""kappa"":1.0,""omega"":0.2,""rho"":-0.5,""v"":0.2,""xi"":0.3}",derived,code/b5_thm35_387.py:315 EXP03_PAIRS_AE
Exp03__Exp03-B2B2-E__OTM_K125,Exp03,Exp03-B2B2-E,OTM_K125,heston,E,B2B2,,,,,,,,24,6,,"{""T"":1.0,""kappa"":1.0,""omega"":0.2,""rho"":-0.5,""v"":0.1,""xi"":0.3}","{""T"":1.0,""kappa"":1.0,""omega"":0.2,""rho"":-0.5,""v"":0.2,""xi"":0.3}",derived,code/b5_thm35_387.py:315 EXP03_PAIRS_AE
Exp05_axis__Exp05ax-v1__ATM,Exp05_axis,Exp05ax-v1,ATM,heston,,,v,0.001,,,,,,150,50,,"{""T"":1.0,""kappa"":1.0,""omega"":0.2,""rho"":-0.5,""v"":0.1,""xi"":0.3}","{""T"":1.0,""kappa"":1.0,""omega"":0.2,""rho"":-0.5,""v"":0.101,""xi"":0.3}",derived,code/b5_thm35_387.py:254 BASE_H + :358 AXIS_PAIRS_DEF
Exp05_axis__Exp05ax-v1__OTM_K110,Exp05_axis,Exp05ax-v1,OTM_K110,heston,,,v,0.001,,,,,,150,50,,"{""T"":1.0,""kappa"":1.0,""omega"":0.2,""rho"":-0.5,""v"":0.1,""xi"":0.3}","{""T"":1.0,""kappa"":1.0,""omega"":0.2,""rho"":-0.5,""v"":0.101,""xi"":0.3}",derived,code/b5_thm35_387.py:254 BASE_H + :358 AXIS_PAIRS_DEF
Exp05_axis__Exp05ax-v1__OTM_K125,Exp05_axis,Exp05ax-v1,OTM_K125,heston,,,v,0.001,,,,,,150,50,,"{""T"":1.0,""kappa"":1.0,""omega"":0.2,""rho"":-0.5,""v"":0.1,""xi"":0.3}","{""T"":1.0,""kappa"":1.0,""omega"":0.2,""rho"":-0.5,""v"":0.101,""xi"":0.3}",derived,code/b5_thm35_387.py:254 BASE_H + :358 AXIS_PAIRS_DEF
Exp05_axis__Exp05ax-v2__ATM,Exp05_axis,Exp05ax-v2,ATM,heston,,,v,0.005,,,,,,150,50,,"{""T"":1.0,""kappa"":1.0,""omega"":0.2,""rho"":-0.5,""v"":0.1,""xi"":0.3}","{""T"":1.0,""kappa"":1.0,""omega"":0.2,""rho"":-0.5,""v"":0.10500000000000001,""xi"":0.3}",derived,code/b5_thm35_387.py:254 BASE_H + :358 AXIS_PAIRS_DEF
Exp05_axis__Exp05ax-v2__OTM_K110,Exp05_axis,Exp05ax-v2,OTM_K110,heston,,,v,0.005,,,,,,150,50,,"{""T"":1.0,""kappa"":1.0,""omega"":0.2,""rho"":-0.5,""v"":0.1,""xi"":0.3}","{""T"":1.0,""kappa"":1.0,""omega"":0.2,""rho"":-0.5,""v"":0.10500000000000001,""xi"":0.3}",derived,code/b5_thm35_387.py:254 BASE_H + :358 AXIS_PAIRS_DEF
Exp05_axis__Exp05ax-v2__OTM_K125,Exp05_axis,Exp05ax-v2,OTM_K125,heston,,,v,0.005,,,,,,150,50,,"{""T"":1.0,""kappa"":1.0,""omega"":0.2,""rho"":-0.5,""v"":0.1,""xi"":0.3}","{""T"":1.0,""kappa"":1.0,""omega"":0.2,""rho"":-0.5,""v"":0.10500000000000001,""xi"":0.3}",derived,code/b5_thm35_387.py:254 BASE_H + :358 AXIS_PAIRS_DEF
Exp05_axis__Exp05ax-v3__ATM,Exp05_axis,Exp05ax-v3,ATM,heston,,,v,0.01,,,,,,150,50,,"{""T"":1.0,""kappa"":1.0,""omega"":0.2,""rho"":-0.5,""v"":0.1,""xi"":0.3}","{""T"":1.0,""kappa"":1.0,""omega"":0.2,""rho"":-0.5,""v"":0.11,""xi"":0.3}",derived,code/b5_thm35_387.py:254 BASE_H + :358 AXIS_PAIRS_DEF
Exp05_axis__Exp05ax-v3__OTM_K110,Exp05_axis,Exp05ax-v3,OTM_K110,heston,,,v,0.01,,,,,,150,50,,"{""T"":1.0,""kappa"":1.0,""omega"":0.2,""rho"":-0.5,""v"":0.1,""xi"":0.3}","{""T"":1.0,""kappa"":1.0,""omega"":0.2,""rho"":-0.5,""v"":0.11,""xi"":0.3}",derived,code/b5_thm35_387.py:254 BASE_H + :358 AXIS_PAIRS_DEF
Exp05_axis__Exp05ax-v3__OTM_K125,Exp05_axis,Exp05ax-v3,OTM_K125,heston,,,v,0.01,,,,,,150,50,,"{""T"":1.0,""kappa"":1.0,""omega"":0.2,""rho"":-0.5,""v"":0.1,""xi"":0.3}","{""T"":1.0,""kappa"":1.0,""omega"":0.2,""rho"":-0.5,""v"":0.11,""xi"":0.3}",derived,code/b5_thm35_387.py:254 BASE_H + :358 AXIS_PAIRS_DEF
Exp05_axis__Exp05ax-v4__ATM,Exp05_axis,Exp05ax-v4,ATM,heston,,,v,0.03,,,,,,150,50,,"{""T"":1.0,""kappa"":1.0,""omega"":0.2,""rho"":-0.5,""v"":0.1,""xi"":0.3}","{""T"":1.0,""kappa"":1.0,""omega"":0.2,""rho"":-0.5,""v"":0.13,""xi"":0.3}",derived,code/b5_thm35_387.py:254 BASE_H + :358 AXIS_PAIRS_DEF
Exp05_axis__Exp05ax-v4__OTM_K110,Exp05_axis,Exp05ax-v4,OTM_K110,heston,,,v,0.03,,,,,,150,50,,"{""T"":1.0,""kappa"":1.0,""omega"":0.2,""rho"":-0.5,""v"":0.1,""xi"":0.3}","{""T"":1.0,""kappa"":1.0,""omega"":0.2,""rho"":-0.5,""v"":0.13,""xi"":0.3}",derived,code/b5_thm35_387.py:254 BASE_H + :358 AXIS_PAIRS_DEF
Exp05_axis__Exp05ax-v4__OTM_K125,Exp05_axis,Exp05ax-v4,OTM_K125,heston,,,v,0.03,,,,,,150,50,,"{""T"":1.0,""kappa"":1.0,""omega"":0.2,""rho"":-0.5,""v"":0.1,""xi"":0.3}","{""T"":1.0,""kappa"":1.0,""omega"":0.2,""rho"":-0.5,""v"":0.13,""xi"":0.3}",derived,code/b5_thm35_387.py:254 BASE_H + :358 AXIS_PAIRS_DEF
Exp05_axis__Exp05ax-v5__ATM,Exp05_axis,Exp05ax-v5,ATM,heston,,,v,0.1,,,,,,150,50,,"{""T"":1.0,""kappa"":1.0,""omega"":0.2,""rho"":-0.5,""v"":0.1,""xi"":0.3}","{""T"":1.0,""kappa"":1.0,""omega"":0.2,""rho"":-0.5,""v"":0.2,""xi"":0.3}",derived,code/b5_thm35_387.py:254 BASE_H + :358 AXIS_PAIRS_DEF
Exp05_axis__Exp05ax-v5__OTM_K110,Exp05_axis,Exp05ax-v5,OTM_K110,heston,,,v,0.1,,,,,,150,50,,"{""T"":1.0,""kappa"":1.0,""omega"":0.2,""rho"":-0.5,""v"":0.1,""xi"":0.3}","{""T"":1.0,""kappa"":1.0,""omega"":0.2,""rho"":-0.5,""v"":0.2,""xi"":0.3}",derived,code/b5_thm35_387.py:254 BASE_H + :358 AXIS_PAIRS_DEF
Exp05_axis__Exp05ax-v5__OTM_K125,Exp05_axis,Exp05ax-v5,OTM_K125,heston,,,v,0.1,,,,,,150,50,,"{""T"":1.0,""kappa"":1.0,""omega"":0.2,""rho"":-0.5,""v"":0.1,""xi"":0.3}","{""T"":1.0,""kappa"":1.0,""omega"":0.2,""rho"":-0.5,""v"":0.2,""xi"":0.3}",derived,code/b5_thm35_387.py:254 BASE_H + :358 AXIS_PAIRS_DEF
Exp05_axis__Exp05ax-kappa1__ATM,Exp05_axis,Exp05ax-kappa1,ATM,heston,,,kappa,0.01,,,,,,150,50,,"{""T"":1.0,""kappa"":1.0,""omega"":0.2,""rho"":-0.5,""v"":0.1,""xi"":0.3}","{""T"":1.0,""kappa"":1.01,""omega"":0.2,""rho"":-0.5,""v"":0.1,""xi"":0.3}",derived,code/b5_thm35_387.py:254 BASE_H + :358 AXIS_PAIRS_DEF
Exp05_axis__Exp05ax-kappa1__OTM_K110,Exp05_axis,Exp05ax-kappa1,OTM_K110,heston,,,kappa,0.01,,,,,,150,50,,"{""T"":1.0,""kappa"":1.0,""omega"":0.2,""rho"":-0.5,""v"":0.1,""xi"":0.3}","{""T"":1.0,""kappa"":1.01,""omega"":0.2,""rho"":-0.5,""v"":0.1,""xi"":0.3}",derived,code/b5_thm35_387.py:254 BASE_H + :358 AXIS_PAIRS_DEF
Exp05_axis__Exp05ax-kappa1__OTM_K125,Exp05_axis,Exp05ax-kappa1,OTM_K125,heston,,,kappa,0.01,,,,,,150,50,,"{""T"":1.0,""kappa"":1.0,""omega"":0.2,""rho"":-0.5,""v"":0.1,""xi"":0.3}","{""T"":1.0,""kappa"":1.01,""omega"":0.2,""rho"":-0.5,""v"":0.1,""xi"":0.3}",derived,code/b5_thm35_387.py:254 BASE_H + :358 AXIS_PAIRS_DEF
Exp05_axis__Exp05ax-kappa2__ATM,Exp05_axis,Exp05ax-kappa2,ATM,heston,,,kappa,0.05,,,,,,150,50,,"{""T"":1.0,""kappa"":1.0,""omega"":0.2,""rho"":-0.5,""v"":0.1,""xi"":0.3}","{""T"":1.0,""kappa"":1.05,""omega"":0.2,""rho"":-0.5,""v"":0.1,""xi"":0.3}",derived,code/b5_thm35_387.py:254 BASE_H + :358 AXIS_PAIRS_DEF
Exp05_axis__Exp05ax-kappa2__OTM_K110,Exp05_axis,Exp05ax-kappa2,OTM_K110,heston,,,kappa,0.05,,,,,,150,50,,"{""T"":1.0,""kappa"":1.0,""omega"":0.2,""rho"":-0.5,""v"":0.1,""xi"":0.3}","{""T"":1.0,""kappa"":1.05,""omega"":0.2,""rho"":-0.5,""v"":0.1,""xi"":0.3}",derived,code/b5_thm35_387.py:254 BASE_H + :358 AXIS_PAIRS_DEF
Exp05_axis__Exp05ax-kappa2__OTM_K125,Exp05_axis,Exp05ax-kappa2,OTM_K125,heston,,,kappa,0.05,,,,,,150,50,,"{""T"":1.0,""kappa"":1.0,""omega"":0.2,""rho"":-0.5,""v"":0.1,""xi"":0.3}","{""T"":1.0,""kappa"":1.05,""omega"":0.2,""rho"":-0.5,""v"":0.1,""xi"":0.3}",derived,code/b5_thm35_387.py:254 BASE_H + :358 AXIS_PAIRS_DEF
Exp05_axis__Exp05ax-kappa3__ATM,Exp05_axis,Exp05ax-kappa3,ATM,heston,,,kappa,0.1,,,,,,150,50,,"{""T"":1.0,""kappa"":1.0,""omega"":0.2,""rho"":-0.5,""v"":0.1,""xi"":0.3}","{""T"":1.0,""kappa"":1.1,""omega"":0.2,""rho"":-0.5,""v"":0.1,""xi"":0.3}",derived,code/b5_thm35_387.py:254 BASE_H + :358 AXIS_PAIRS_DEF
Exp05_axis__Exp05ax-kappa3__OTM_K110,Exp05_axis,Exp05ax-kappa3,OTM_K110,heston,,,kappa,0.1,,,,,,150,50,,"{""T"":1.0,""kappa"":1.0,""omega"":0.2,""rho"":-0.5,""v"":0.1,""xi"":0.3}","{""T"":1.0,""kappa"":1.1,""omega"":0.2,""rho"":-0.5,""v"":0.1,""xi"":0.3}",derived,code/b5_thm35_387.py:254 BASE_H + :358 AXIS_PAIRS_DEF
Exp05_axis__Exp05ax-kappa3__OTM_K125,Exp05_axis,Exp05ax-kappa3,OTM_K125,heston,,,kappa,0.1,,,,,,150,50,,"{""T"":1.0,""kappa"":1.0,""omega"":0.2,""rho"":-0.5,""v"":0.1,""xi"":0.3}","{""T"":1.0,""kappa"":1.1,""omega"":0.2,""rho"":-0.5,""v"":0.1,""xi"":0.3}",derived,code/b5_thm35_387.py:254 BASE_H + :358 AXIS_PAIRS_DEF
Exp05_axis__Exp05ax-kappa4__ATM,Exp05_axis,Exp05ax-kappa4,ATM,heston,,,kappa,0.3,,,,,,150,50,,"{""T"":1.0,""kappa"":1.0,""omega"":0.2,""rho"":-0.5,""v"":0.1,""xi"":0.3}","{""T"":1.0,""kappa"":1.3,""omega"":0.2,""rho"":-0.5,""v"":0.1,""xi"":0.3}",derived,code/b5_thm35_387.py:254 BASE_H + :358 AXIS_PAIRS_DEF
Exp05_axis__Exp05ax-kappa4__OTM_K110,Exp05_axis,Exp05ax-kappa4,OTM_K110,heston,,,kappa,0.3,,,,,,150,50,,"{""T"":1.0,""kappa"":1.0,""omega"":0.2,""rho"":-0.5,""v"":0.1,""xi"":0.3}","{""T"":1.0,""kappa"":1.3,""omega"":0.2,""rho"":-0.5,""v"":0.1,""xi"":0.3}",derived,code/b5_thm35_387.py:254 BASE_H + :358 AXIS_PAIRS_DEF
Exp05_axis__Exp05ax-kappa4__OTM_K125,Exp05_axis,Exp05ax-kappa4,OTM_K125,heston,,,kappa,0.3,,,,,,150,50,,"{""T"":1.0,""kappa"":1.0,""omega"":0.2,""rho"":-0.5,""v"":0.1,""xi"":0.3}","{""T"":1.0,""kappa"":1.3,""omega"":0.2,""rho"":-0.5,""v"":0.1,""xi"":0.3}",derived,code/b5_thm35_387.py:254 BASE_H + :358 AXIS_PAIRS_DEF
Exp05_axis__Exp05ax-kappa5__ATM,Exp05_axis,Exp05ax-kappa5,ATM,heston,,,kappa,1.0,,,,,,150,50,,"{""T"":1.0,""kappa"":1.0,""omega"":0.2,""rho"":-0.5,""v"":0.1,""xi"":0.3}","{""T"":1.0,""kappa"":2.0,""omega"":0.2,""rho"":-0.5,""v"":0.1,""xi"":0.3}",derived,code/b5_thm35_387.py:254 BASE_H + :358 AXIS_PAIRS_DEF
Exp05_axis__Exp05ax-kappa5__OTM_K110,Exp05_axis,Exp05ax-kappa5,OTM_K110,heston,,,kappa,1.0,,,,,,150,50,,"{""T"":1.0,""kappa"":1.0,""omega"":0.2,""rho"":-0.5,""v"":0.1,""xi"":0.3}","{""T"":1.0,""kappa"":2.0,""omega"":0.2,""rho"":-0.5,""v"":0.1,""xi"":0.3}",derived,code/b5_thm35_387.py:254 BASE_H + :358 AXIS_PAIRS_DEF
Exp05_axis__Exp05ax-kappa5__OTM_K125,Exp05_axis,Exp05ax-kappa5,OTM_K125,heston,,,kappa,1.0,,,,,,150,50,,"{""T"":1.0,""kappa"":1.0,""omega"":0.2,""rho"":-0.5,""v"":0.1,""xi"":0.3}","{""T"":1.0,""kappa"":2.0,""omega"":0.2,""rho"":-0.5,""v"":0.1,""xi"":0.3}",derived,code/b5_thm35_387.py:254 BASE_H + :358 AXIS_PAIRS_DEF
Exp05_axis__Exp05ax-omega1__ATM,Exp05_axis,Exp05ax-omega1,ATM,heston,,,omega,0.002,,,,,,150,50,,"{""T"":1.0,""kappa"":1.0,""omega"":0.2,""rho"":-0.5,""v"":0.1,""xi"":0.3}","{""T"":1.0,""kappa"":1.0,""omega"":0.202,""rho"":-0.5,""v"":0.1,""xi"":0.3}",derived,code/b5_thm35_387.py:254 BASE_H + :358 AXIS_PAIRS_DEF
Exp05_axis__Exp05ax-omega1__OTM_K110,Exp05_axis,Exp05ax-omega1,OTM_K110,heston,,,omega,0.002,,,,,,150,50,,"{""T"":1.0,""kappa"":1.0,""omega"":0.2,""rho"":-0.5,""v"":0.1,""xi"":0.3}","{""T"":1.0,""kappa"":1.0,""omega"":0.202,""rho"":-0.5,""v"":0.1,""xi"":0.3}",derived,code/b5_thm35_387.py:254 BASE_H + :358 AXIS_PAIRS_DEF
Exp05_axis__Exp05ax-omega1__OTM_K125,Exp05_axis,Exp05ax-omega1,OTM_K125,heston,,,omega,0.002,,,,,,150,50,,"{""T"":1.0,""kappa"":1.0,""omega"":0.2,""rho"":-0.5,""v"":0.1,""xi"":0.3}","{""T"":1.0,""kappa"":1.0,""omega"":0.202,""rho"":-0.5,""v"":0.1,""xi"":0.3}",derived,code/b5_thm35_387.py:254 BASE_H + :358 AXIS_PAIRS_DEF
Exp05_axis__Exp05ax-omega2__ATM,Exp05_axis,Exp05ax-omega2,ATM,heston,,,omega,0.01,,,,,,150,50,,"{""T"":1.0,""kappa"":1.0,""omega"":0.2,""rho"":-0.5,""v"":0.1,""xi"":0.3}","{""T"":1.0,""kappa"":1.0,""omega"":0.21000000000000002,""rho"":-0.5,""v"":0.1,""xi"":0.3}",derived,code/b5_thm35_387.py:254 BASE_H + :358 AXIS_PAIRS_DEF
Exp05_axis__Exp05ax-omega2__OTM_K110,Exp05_axis,Exp05ax-omega2,OTM_K110,heston,,,omega,0.01,,,,,,150,50,,"{""T"":1.0,""kappa"":1.0,""omega"":0.2,""rho"":-0.5,""v"":0.1,""xi"":0.3}","{""T"":1.0,""kappa"":1.0,""omega"":0.21000000000000002,""rho"":-0.5,""v"":0.1,""xi"":0.3}",derived,code/b5_thm35_387.py:254 BASE_H + :358 AXIS_PAIRS_DEF
Exp05_axis__Exp05ax-omega2__OTM_K125,Exp05_axis,Exp05ax-omega2,OTM_K125,heston,,,omega,0.01,,,,,,150,50,,"{""T"":1.0,""kappa"":1.0,""omega"":0.2,""rho"":-0.5,""v"":0.1,""xi"":0.3}","{""T"":1.0,""kappa"":1.0,""omega"":0.21000000000000002,""rho"":-0.5,""v"":0.1,""xi"":0.3}",derived,code/b5_thm35_387.py:254 BASE_H + :358 AXIS_PAIRS_DEF
Exp05_axis__Exp05ax-omega3__ATM,Exp05_axis,Exp05ax-omega3,ATM,heston,,,omega,0.02,,,,,,150,50,,"{""T"":1.0,""kappa"":1.0,""omega"":0.2,""rho"":-0.5,""v"":0.1,""xi"":0.3}","{""T"":1.0,""kappa"":1.0,""omega"":0.22,""rho"":-0.5,""v"":0.1,""xi"":0.3}",derived,code/b5_thm35_387.py:254 BASE_H + :358 AXIS_PAIRS_DEF
Exp05_axis__Exp05ax-omega3__OTM_K110,Exp05_axis,Exp05ax-omega3,OTM_K110,heston,,,omega,0.02,,,,,,150,50,,"{""T"":1.0,""kappa"":1.0,""omega"":0.2,""rho"":-0.5,""v"":0.1,""xi"":0.3}","{""T"":1.0,""kappa"":1.0,""omega"":0.22,""rho"":-0.5,""v"":0.1,""xi"":0.3}",derived,code/b5_thm35_387.py:254 BASE_H + :358 AXIS_PAIRS_DEF
Exp05_axis__Exp05ax-omega3__OTM_K125,Exp05_axis,Exp05ax-omega3,OTM_K125,heston,,,omega,0.02,,,,,,150,50,,"{""T"":1.0,""kappa"":1.0,""omega"":0.2,""rho"":-0.5,""v"":0.1,""xi"":0.3}","{""T"":1.0,""kappa"":1.0,""omega"":0.22,""rho"":-0.5,""v"":0.1,""xi"":0.3}",derived,code/b5_thm35_387.py:254 BASE_H + :358 AXIS_PAIRS_DEF
Exp05_axis__Exp05ax-omega4__ATM,Exp05_axis,Exp05ax-omega4,ATM,heston,,,omega,0.06,,,,,,150,50,,"{""T"":1.0,""kappa"":1.0,""omega"":0.2,""rho"":-0.5,""v"":0.1,""xi"":0.3}","{""T"":1.0,""kappa"":1.0,""omega"":0.26,""rho"":-0.5,""v"":0.1,""xi"":0.3}",derived,code/b5_thm35_387.py:254 BASE_H + :358 AXIS_PAIRS_DEF
Exp05_axis__Exp05ax-omega4__OTM_K110,Exp05_axis,Exp05ax-omega4,OTM_K110,heston,,,omega,0.06,,,,,,150,50,,"{""T"":1.0,""kappa"":1.0,""omega"":0.2,""rho"":-0.5,""v"":0.1,""xi"":0.3}","{""T"":1.0,""kappa"":1.0,""omega"":0.26,""rho"":-0.5,""v"":0.1,""xi"":0.3}",derived,code/b5_thm35_387.py:254 BASE_H + :358 AXIS_PAIRS_DEF
Exp05_axis__Exp05ax-omega4__OTM_K125,Exp05_axis,Exp05ax-omega4,OTM_K125,heston,,,omega,0.06,,,,,,150,50,,"{""T"":1.0,""kappa"":1.0,""omega"":0.2,""rho"":-0.5,""v"":0.1,""xi"":0.3}","{""T"":1.0,""kappa"":1.0,""omega"":0.26,""rho"":-0.5,""v"":0.1,""xi"":0.3}",derived,code/b5_thm35_387.py:254 BASE_H + :358 AXIS_PAIRS_DEF
Exp05_axis__Exp05ax-omega5__ATM,Exp05_axis,Exp05ax-omega5,ATM,heston,,,omega,0.2,,,,,,150,50,,"{""T"":1.0,""kappa"":1.0,""omega"":0.2,""rho"":-0.5,""v"":0.1,""xi"":0.3}","{""T"":1.0,""kappa"":1.0,""omega"":0.4,""rho"":-0.5,""v"":0.1,""xi"":0.3}",derived,code/b5_thm35_387.py:254 BASE_H + :358 AXIS_PAIRS_DEF
Exp05_axis__Exp05ax-omega5__OTM_K110,Exp05_axis,Exp05ax-omega5,OTM_K110,heston,,,omega,0.2,,,,,,150,50,,"{""T"":1.0,""kappa"":1.0,""omega"":0.2,""rho"":-0.5,""v"":0.1,""xi"":0.3}","{""T"":1.0,""kappa"":1.0,""omega"":0.4,""rho"":-0.5,""v"":0.1,""xi"":0.3}",derived,code/b5_thm35_387.py:254 BASE_H + :358 AXIS_PAIRS_DEF
Exp05_axis__Exp05ax-omega5__OTM_K125,Exp05_axis,Exp05ax-omega5,OTM_K125,heston,,,omega,0.2,,,,,,150,50,,"{""T"":1.0,""kappa"":1.0,""omega"":0.2,""rho"":-0.5,""v"":0.1,""xi"":0.3}","{""T"":1.0,""kappa"":1.0,""omega"":0.4,""rho"":-0.5,""v"":0.1,""xi"":0.3}",derived,code/b5_thm35_387.py:254 BASE_H + :358 AXIS_PAIRS_DEF
Exp05_axis__Exp05ax-xi1__ATM,Exp05_axis,Exp05ax-xi1,ATM,heston,,,xi,0.003,,,,,,150,50,,"{""T"":1.0,""kappa"":1.0,""omega"":0.2,""rho"":-0.5,""v"":0.1,""xi"":0.3}","{""T"":1.0,""kappa"":1.0,""omega"":0.2,""rho"":-0.5,""v"":0.1,""xi"":0.303}",derived,code/b5_thm35_387.py:254 BASE_H + :358 AXIS_PAIRS_DEF
Exp05_axis__Exp05ax-xi1__OTM_K110,Exp05_axis,Exp05ax-xi1,OTM_K110,heston,,,xi,0.003,,,,,,150,50,,"{""T"":1.0,""kappa"":1.0,""omega"":0.2,""rho"":-0.5,""v"":0.1,""xi"":0.3}","{""T"":1.0,""kappa"":1.0,""omega"":0.2,""rho"":-0.5,""v"":0.1,""xi"":0.303}",derived,code/b5_thm35_387.py:254 BASE_H + :358 AXIS_PAIRS_DEF
Exp05_axis__Exp05ax-xi1__OTM_K125,Exp05_axis,Exp05ax-xi1,OTM_K125,heston,,,xi,0.003,,,,,,150,50,,"{""T"":1.0,""kappa"":1.0,""omega"":0.2,""rho"":-0.5,""v"":0.1,""xi"":0.3}","{""T"":1.0,""kappa"":1.0,""omega"":0.2,""rho"":-0.5,""v"":0.1,""xi"":0.303}",derived,code/b5_thm35_387.py:254 BASE_H + :358 AXIS_PAIRS_DEF
Exp05_axis__Exp05ax-xi2__ATM,Exp05_axis,Exp05ax-xi2,ATM,heston,,,xi,0.015,,,,,,150,50,,"{""T"":1.0,""kappa"":1.0,""omega"":0.2,""rho"":-0.5,""v"":0.1,""xi"":0.3}","{""T"":1.0,""kappa"":1.0,""omega"":0.2,""rho"":-0.5,""v"":0.1,""xi"":0.315}",derived,code/b5_thm35_387.py:254 BASE_H + :358 AXIS_PAIRS_DEF
Exp05_axis__Exp05ax-xi2__OTM_K110,Exp05_axis,Exp05ax-xi2,OTM_K110,heston,,,xi,0.015,,,,,,150,50,,"{""T"":1.0,""kappa"":1.0,""omega"":0.2,""rho"":-0.5,""v"":0.1,""xi"":0.3}","{""T"":1.0,""kappa"":1.0,""omega"":0.2,""rho"":-0.5,""v"":0.1,""xi"":0.315}",derived,code/b5_thm35_387.py:254 BASE_H + :358 AXIS_PAIRS_DEF
Exp05_axis__Exp05ax-xi2__OTM_K125,Exp05_axis,Exp05ax-xi2,OTM_K125,heston,,,xi,0.015,,,,,,150,50,,"{""T"":1.0,""kappa"":1.0,""omega"":0.2,""rho"":-0.5,""v"":0.1,""xi"":0.3}","{""T"":1.0,""kappa"":1.0,""omega"":0.2,""rho"":-0.5,""v"":0.1,""xi"":0.315}",derived,code/b5_thm35_387.py:254 BASE_H + :358 AXIS_PAIRS_DEF
Exp05_axis__Exp05ax-xi3__ATM,Exp05_axis,Exp05ax-xi3,ATM,heston,,,xi,0.03,,,,,,150,50,,"{""T"":1.0,""kappa"":1.0,""omega"":0.2,""rho"":-0.5,""v"":0.1,""xi"":0.3}","{""T"":1.0,""kappa"":1.0,""omega"":0.2,""rho"":-0.5,""v"":0.1,""xi"":0.32999999999999996}",derived,code/b5_thm35_387.py:254 BASE_H + :358 AXIS_PAIRS_DEF
Exp05_axis__Exp05ax-xi3__OTM_K110,Exp05_axis,Exp05ax-xi3,OTM_K110,heston,,,xi,0.03,,,,,,150,50,,"{""T"":1.0,""kappa"":1.0,""omega"":0.2,""rho"":-0.5,""v"":0.1,""xi"":0.3}","{""T"":1.0,""kappa"":1.0,""omega"":0.2,""rho"":-0.5,""v"":0.1,""xi"":0.32999999999999996}",derived,code/b5_thm35_387.py:254 BASE_H + :358 AXIS_PAIRS_DEF
Exp05_axis__Exp05ax-xi3__OTM_K125,Exp05_axis,Exp05ax-xi3,OTM_K125,heston,,,xi,0.03,,,,,,150,50,,"{""T"":1.0,""kappa"":1.0,""omega"":0.2,""rho"":-0.5,""v"":0.1,""xi"":0.3}","{""T"":1.0,""kappa"":1.0,""omega"":0.2,""rho"":-0.5,""v"":0.1,""xi"":0.32999999999999996}",derived,code/b5_thm35_387.py:254 BASE_H + :358 AXIS_PAIRS_DEF
Exp05_axis__Exp05ax-xi4__ATM,Exp05_axis,Exp05ax-xi4,ATM,heston,,,xi,0.09,,,,,,150,50,,"{""T"":1.0,""kappa"":1.0,""omega"":0.2,""rho"":-0.5,""v"":0.1,""xi"":0.3}","{""T"":1.0,""kappa"":1.0,""omega"":0.2,""rho"":-0.5,""v"":0.1,""xi"":0.39}",derived,code/b5_thm35_387.py:254 BASE_H + :358 AXIS_PAIRS_DEF
Exp05_axis__Exp05ax-xi4__OTM_K110,Exp05_axis,Exp05ax-xi4,OTM_K110,heston,,,xi,0.09,,,,,,150,50,,"{""T"":1.0,""kappa"":1.0,""omega"":0.2,""rho"":-0.5,""v"":0.1,""xi"":0.3}","{""T"":1.0,""kappa"":1.0,""omega"":0.2,""rho"":-0.5,""v"":0.1,""xi"":0.39}",derived,code/b5_thm35_387.py:254 BASE_H + :358 AXIS_PAIRS_DEF
Exp05_axis__Exp05ax-xi4__OTM_K125,Exp05_axis,Exp05ax-xi4,OTM_K125,heston,,,xi,0.09,,,,,,150,50,,"{""T"":1.0,""kappa"":1.0,""omega"":0.2,""rho"":-0.5,""v"":0.1,""xi"":0.3}","{""T"":1.0,""kappa"":1.0,""omega"":0.2,""rho"":-0.5,""v"":0.1,""xi"":0.39}",derived,code/b5_thm35_387.py:254 BASE_H + :358 AXIS_PAIRS_DEF
Exp05_axis__Exp05ax-xi5__ATM,Exp05_axis,Exp05ax-xi5,ATM,heston,,,xi,0.3,,,,,,150,50,,"{""T"":1.0,""kappa"":1.0,""omega"":0.2,""rho"":-0.5,""v"":0.1,""xi"":0.3}","{""T"":1.0,""kappa"":1.0,""omega"":0.2,""rho"":-0.5,""v"":0.1,""xi"":0.6}",derived,code/b5_thm35_387.py:254 BASE_H + :358 AXIS_PAIRS_DEF
Exp05_axis__Exp05ax-xi5__OTM_K110,Exp05_axis,Exp05ax-xi5,OTM_K110,heston,,,xi,0.3,,,,,,150,50,,"{""T"":1.0,""kappa"":1.0,""omega"":0.2,""rho"":-0.5,""v"":0.1,""xi"":0.3}","{""T"":1.0,""kappa"":1.0,""omega"":0.2,""rho"":-0.5,""v"":0.1,""xi"":0.6}",derived,code/b5_thm35_387.py:254 BASE_H + :358 AXIS_PAIRS_DEF
Exp05_axis__Exp05ax-xi5__OTM_K125,Exp05_axis,Exp05ax-xi5,OTM_K125,heston,,,xi,0.3,,,,,,150,50,,"{""T"":1.0,""kappa"":1.0,""omega"":0.2,""rho"":-0.5,""v"":0.1,""xi"":0.3}","{""T"":1.0,""kappa"":1.0,""omega"":0.2,""rho"":-0.5,""v"":0.1,""xi"":0.6}",derived,code/b5_thm35_387.py:254 BASE_H + :358 AXIS_PAIRS_DEF
Exp05_axis__Exp05ax-rho1__ATM,Exp05_axis,Exp05ax-rho1,ATM,heston,,,rho,0.005,,,,,,150,50,,"{""T"":1.0,""kappa"":1.0,""omega"":0.2,""rho"":-0.5,""v"":0.1,""xi"":0.3}","{""T"":1.0,""kappa"":1.0,""omega"":0.2,""rho"":-0.495,""v"":0.1,""xi"":0.3}",derived,code/b5_thm35_387.py:254 BASE_H + :358 AXIS_PAIRS_DEF
Exp05_axis__Exp05ax-rho1__OTM_K110,Exp05_axis,Exp05ax-rho1,OTM_K110,heston,,,rho,0.005,,,,,,150,50,,"{""T"":1.0,""kappa"":1.0,""omega"":0.2,""rho"":-0.5,""v"":0.1,""xi"":0.3}","{""T"":1.0,""kappa"":1.0,""omega"":0.2,""rho"":-0.495,""v"":0.1,""xi"":0.3}",derived,code/b5_thm35_387.py:254 BASE_H + :358 AXIS_PAIRS_DEF
Exp05_axis__Exp05ax-rho1__OTM_K125,Exp05_axis,Exp05ax-rho1,OTM_K125,heston,,,rho,0.005,,,,,,150,50,,"{""T"":1.0,""kappa"":1.0,""omega"":0.2,""rho"":-0.5,""v"":0.1,""xi"":0.3}","{""T"":1.0,""kappa"":1.0,""omega"":0.2,""rho"":-0.495,""v"":0.1,""xi"":0.3}",derived,code/b5_thm35_387.py:254 BASE_H + :358 AXIS_PAIRS_DEF
Exp05_axis__Exp05ax-rho2__ATM,Exp05_axis,Exp05ax-rho2,ATM,heston,,,rho,0.025,,,,,,150,50,,"{""T"":1.0,""kappa"":1.0,""omega"":0.2,""rho"":-0.5,""v"":0.1,""xi"":0.3}","{""T"":1.0,""kappa"":1.0,""omega"":0.2,""rho"":-0.475,""v"":0.1,""xi"":0.3}",derived,code/b5_thm35_387.py:254 BASE_H + :358 AXIS_PAIRS_DEF
Exp05_axis__Exp05ax-rho2__OTM_K110,Exp05_axis,Exp05ax-rho2,OTM_K110,heston,,,rho,0.025,,,,,,150,50,,"{""T"":1.0,""kappa"":1.0,""omega"":0.2,""rho"":-0.5,""v"":0.1,""xi"":0.3}","{""T"":1.0,""kappa"":1.0,""omega"":0.2,""rho"":-0.475,""v"":0.1,""xi"":0.3}",derived,code/b5_thm35_387.py:254 BASE_H + :358 AXIS_PAIRS_DEF
Exp05_axis__Exp05ax-rho2__OTM_K125,Exp05_axis,Exp05ax-rho2,OTM_K125,heston,,,rho,0.025,,,,,,150,50,,"{""T"":1.0,""kappa"":1.0,""omega"":0.2,""rho"":-0.5,""v"":0.1,""xi"":0.3}","{""T"":1.0,""kappa"":1.0,""omega"":0.2,""rho"":-0.475,""v"":0.1,""xi"":0.3}",derived,code/b5_thm35_387.py:254 BASE_H + :358 AXIS_PAIRS_DEF
Exp05_axis__Exp05ax-rho3__ATM,Exp05_axis,Exp05ax-rho3,ATM,heston,,,rho,0.05,,,,,,150,50,,"{""T"":1.0,""kappa"":1.0,""omega"":0.2,""rho"":-0.5,""v"":0.1,""xi"":0.3}","{""T"":1.0,""kappa"":1.0,""omega"":0.2,""rho"":-0.45,""v"":0.1,""xi"":0.3}",derived,code/b5_thm35_387.py:254 BASE_H + :358 AXIS_PAIRS_DEF
Exp05_axis__Exp05ax-rho3__OTM_K110,Exp05_axis,Exp05ax-rho3,OTM_K110,heston,,,rho,0.05,,,,,,150,50,,"{""T"":1.0,""kappa"":1.0,""omega"":0.2,""rho"":-0.5,""v"":0.1,""xi"":0.3}","{""T"":1.0,""kappa"":1.0,""omega"":0.2,""rho"":-0.45,""v"":0.1,""xi"":0.3}",derived,code/b5_thm35_387.py:254 BASE_H + :358 AXIS_PAIRS_DEF
Exp05_axis__Exp05ax-rho3__OTM_K125,Exp05_axis,Exp05ax-rho3,OTM_K125,heston,,,rho,0.05,,,,,,150,50,,"{""T"":1.0,""kappa"":1.0,""omega"":0.2,""rho"":-0.5,""v"":0.1,""xi"":0.3}","{""T"":1.0,""kappa"":1.0,""omega"":0.2,""rho"":-0.45,""v"":0.1,""xi"":0.3}",derived,code/b5_thm35_387.py:254 BASE_H + :358 AXIS_PAIRS_DEF
Exp05_axis__Exp05ax-rho4__ATM,Exp05_axis,Exp05ax-rho4,ATM,heston,,,rho,0.15,,,,,,150,50,,"{""T"":1.0,""kappa"":1.0,""omega"":0.2,""rho"":-0.5,""v"":0.1,""xi"":0.3}","{""T"":1.0,""kappa"":1.0,""omega"":0.2,""rho"":-0.35,""v"":0.1,""xi"":0.3}",derived,code/b5_thm35_387.py:254 BASE_H + :358 AXIS_PAIRS_DEF
Exp05_axis__Exp05ax-rho4__OTM_K110,Exp05_axis,Exp05ax-rho4,OTM_K110,heston,,,rho,0.15,,,,,,150,50,,"{""T"":1.0,""kappa"":1.0,""omega"":0.2,""rho"":-0.5,""v"":0.1,""xi"":0.3}","{""T"":1.0,""kappa"":1.0,""omega"":0.2,""rho"":-0.35,""v"":0.1,""xi"":0.3}",derived,code/b5_thm35_387.py:254 BASE_H + :358 AXIS_PAIRS_DEF
Exp05_axis__Exp05ax-rho4__OTM_K125,Exp05_axis,Exp05ax-rho4,OTM_K125,heston,,,rho,0.15,,,,,,150,50,,"{""T"":1.0,""kappa"":1.0,""omega"":0.2,""rho"":-0.5,""v"":0.1,""xi"":0.3}","{""T"":1.0,""kappa"":1.0,""omega"":0.2,""rho"":-0.35,""v"":0.1,""xi"":0.3}",derived,code/b5_thm35_387.py:254 BASE_H + :358 AXIS_PAIRS_DEF
Exp05_axis__Exp05ax-rho5__ATM,Exp05_axis,Exp05ax-rho5,ATM,heston,,,rho,0.5,,,,,,150,50,,"{""T"":1.0,""kappa"":1.0,""omega"":0.2,""rho"":-0.5,""v"":0.1,""xi"":0.3}","{""T"":1.0,""kappa"":1.0,""omega"":0.2,""rho"":0.0,""v"":0.1,""xi"":0.3}",derived,code/b5_thm35_387.py:254 BASE_H + :358 AXIS_PAIRS_DEF
Exp05_axis__Exp05ax-rho5__OTM_K110,Exp05_axis,Exp05ax-rho5,OTM_K110,heston,,,rho,0.5,,,,,,150,50,,"{""T"":1.0,""kappa"":1.0,""omega"":0.2,""rho"":-0.5,""v"":0.1,""xi"":0.3}","{""T"":1.0,""kappa"":1.0,""omega"":0.2,""rho"":0.0,""v"":0.1,""xi"":0.3}",derived,code/b5_thm35_387.py:254 BASE_H + :358 AXIS_PAIRS_DEF
Exp05_axis__Exp05ax-rho5__OTM_K125,Exp05_axis,Exp05ax-rho5,OTM_K125,heston,,,rho,0.5,,,,,,150,50,,"{""T"":1.0,""kappa"":1.0,""omega"":0.2,""rho"":-0.5,""v"":0.1,""xi"":0.3}","{""T"":1.0,""kappa"":1.0,""omega"":0.2,""rho"":0.0,""v"":0.1,""xi"":0.3}",derived,code/b5_thm35_387.py:254 BASE_H + :358 AXIS_PAIRS_DEF
Exp05_diag__Exp05dg-vkappa_s1__ATM,Exp05_diag,Exp05dg-vkappa_s1,ATM,heston,,,,,vkappa,1.0,,,,150,50,,"{""T"":1.0,""kappa"":1.0,""omega"":0.2,""rho"":-0.5,""v"":0.1,""xi"":0.3}","{""T"":1.0,""kappa"":1.01,""omega"":0.2,""rho"":-0.5,""v"":0.101,""xi"":0.3}",derived,"code/b5_thm35_387.py:387 DIAG_BASE_STEPS × :395 DIAG_SCALES, clip :372-373"
Exp05_diag__Exp05dg-vkappa_s1__OTM_K110,Exp05_diag,Exp05dg-vkappa_s1,OTM_K110,heston,,,,,vkappa,1.0,,,,150,50,,"{""T"":1.0,""kappa"":1.0,""omega"":0.2,""rho"":-0.5,""v"":0.1,""xi"":0.3}","{""T"":1.0,""kappa"":1.01,""omega"":0.2,""rho"":-0.5,""v"":0.101,""xi"":0.3}",derived,"code/b5_thm35_387.py:387 DIAG_BASE_STEPS × :395 DIAG_SCALES, clip :372-373"
Exp05_diag__Exp05dg-vkappa_s1__OTM_K125,Exp05_diag,Exp05dg-vkappa_s1,OTM_K125,heston,,,,,vkappa,1.0,,,,150,50,,"{""T"":1.0,""kappa"":1.0,""omega"":0.2,""rho"":-0.5,""v"":0.1,""xi"":0.3}","{""T"":1.0,""kappa"":1.01,""omega"":0.2,""rho"":-0.5,""v"":0.101,""xi"":0.3}",derived,"code/b5_thm35_387.py:387 DIAG_BASE_STEPS × :395 DIAG_SCALES, clip :372-373"
Exp05_diag__Exp05dg-vkappa_s2__ATM,Exp05_diag,Exp05dg-vkappa_s2,ATM,heston,,,,,vkappa,2.0,,,,150,50,,"{""T"":1.0,""kappa"":1.0,""omega"":0.2,""rho"":-0.5,""v"":0.1,""xi"":0.3}","{""T"":1.0,""kappa"":1.02,""omega"":0.2,""rho"":-0.5,""v"":0.10200000000000001,""xi"":0.3}",derived,"code/b5_thm35_387.py:387 DIAG_BASE_STEPS × :395 DIAG_SCALES, clip :372-373"
Exp05_diag__Exp05dg-vkappa_s2__OTM_K110,Exp05_diag,Exp05dg-vkappa_s2,OTM_K110,heston,,,,,vkappa,2.0,,,,150,50,,"{""T"":1.0,""kappa"":1.0,""omega"":0.2,""rho"":-0.5,""v"":0.1,""xi"":0.3}","{""T"":1.0,""kappa"":1.02,""omega"":0.2,""rho"":-0.5,""v"":0.10200000000000001,""xi"":0.3}",derived,"code/b5_thm35_387.py:387 DIAG_BASE_STEPS × :395 DIAG_SCALES, clip :372-373"
Exp05_diag__Exp05dg-vkappa_s2__OTM_K125,Exp05_diag,Exp05dg-vkappa_s2,OTM_K125,heston,,,,,vkappa,2.0,,,,150,50,,"{""T"":1.0,""kappa"":1.0,""omega"":0.2,""rho"":-0.5,""v"":0.1,""xi"":0.3}","{""T"":1.0,""kappa"":1.02,""omega"":0.2,""rho"":-0.5,""v"":0.10200000000000001,""xi"":0.3}",derived,"code/b5_thm35_387.py:387 DIAG_BASE_STEPS × :395 DIAG_SCALES, clip :372-373"
Exp05_diag__Exp05dg-vkappa_s4__ATM,Exp05_diag,Exp05dg-vkappa_s4,ATM,heston,,,,,vkappa,4.0,,,,150,50,,"{""T"":1.0,""kappa"":1.0,""omega"":0.2,""rho"":-0.5,""v"":0.1,""xi"":0.3}","{""T"":1.0,""kappa"":1.04,""omega"":0.2,""rho"":-0.5,""v"":0.10400000000000001,""xi"":0.3}",derived,"code/b5_thm35_387.py:387 DIAG_BASE_STEPS × :395 DIAG_SCALES, clip :372-373"
Exp05_diag__Exp05dg-vkappa_s4__OTM_K110,Exp05_diag,Exp05dg-vkappa_s4,OTM_K110,heston,,,,,vkappa,4.0,,,,150,50,,"{""T"":1.0,""kappa"":1.0,""omega"":0.2,""rho"":-0.5,""v"":0.1,""xi"":0.3}","{""T"":1.0,""kappa"":1.04,""omega"":0.2,""rho"":-0.5,""v"":0.10400000000000001,""xi"":0.3}",derived,"code/b5_thm35_387.py:387 DIAG_BASE_STEPS × :395 DIAG_SCALES, clip :372-373"
Exp05_diag__Exp05dg-vkappa_s4__OTM_K125,Exp05_diag,Exp05dg-vkappa_s4,OTM_K125,heston,,,,,vkappa,4.0,,,,150,50,,"{""T"":1.0,""kappa"":1.0,""omega"":0.2,""rho"":-0.5,""v"":0.1,""xi"":0.3}","{""T"":1.0,""kappa"":1.04,""omega"":0.2,""rho"":-0.5,""v"":0.10400000000000001,""xi"":0.3}",derived,"code/b5_thm35_387.py:387 DIAG_BASE_STEPS × :395 DIAG_SCALES, clip :372-373"
Exp05_diag__Exp05dg-vkappa_s8__ATM,Exp05_diag,Exp05dg-vkappa_s8,ATM,heston,,,,,vkappa,8.0,,,,150,50,,"{""T"":1.0,""kappa"":1.0,""omega"":0.2,""rho"":-0.5,""v"":0.1,""xi"":0.3}","{""T"":1.0,""kappa"":1.08,""omega"":0.2,""rho"":-0.5,""v"":0.10800000000000001,""xi"":0.3}",derived,"code/b5_thm35_387.py:387 DIAG_BASE_STEPS × :395 DIAG_SCALES, clip :372-373"
Exp05_diag__Exp05dg-vkappa_s8__OTM_K110,Exp05_diag,Exp05dg-vkappa_s8,OTM_K110,heston,,,,,vkappa,8.0,,,,150,50,,"{""T"":1.0,""kappa"":1.0,""omega"":0.2,""rho"":-0.5,""v"":0.1,""xi"":0.3}","{""T"":1.0,""kappa"":1.08,""omega"":0.2,""rho"":-0.5,""v"":0.10800000000000001,""xi"":0.3}",derived,"code/b5_thm35_387.py:387 DIAG_BASE_STEPS × :395 DIAG_SCALES, clip :372-373"
Exp05_diag__Exp05dg-vkappa_s8__OTM_K125,Exp05_diag,Exp05dg-vkappa_s8,OTM_K125,heston,,,,,vkappa,8.0,,,,150,50,,"{""T"":1.0,""kappa"":1.0,""omega"":0.2,""rho"":-0.5,""v"":0.1,""xi"":0.3}","{""T"":1.0,""kappa"":1.08,""omega"":0.2,""rho"":-0.5,""v"":0.10800000000000001,""xi"":0.3}",derived,"code/b5_thm35_387.py:387 DIAG_BASE_STEPS × :395 DIAG_SCALES, clip :372-373"
Exp05_diag__Exp05dg-vkappa_s16__ATM,Exp05_diag,Exp05dg-vkappa_s16,ATM,heston,,,,,vkappa,16.0,,,,150,50,,"{""T"":1.0,""kappa"":1.0,""omega"":0.2,""rho"":-0.5,""v"":0.1,""xi"":0.3}","{""T"":1.0,""kappa"":1.16,""omega"":0.2,""rho"":-0.5,""v"":0.116,""xi"":0.3}",derived,"code/b5_thm35_387.py:387 DIAG_BASE_STEPS × :395 DIAG_SCALES, clip :372-373"
Exp05_diag__Exp05dg-vkappa_s16__OTM_K110,Exp05_diag,Exp05dg-vkappa_s16,OTM_K110,heston,,,,,vkappa,16.0,,,,150,50,,"{""T"":1.0,""kappa"":1.0,""omega"":0.2,""rho"":-0.5,""v"":0.1,""xi"":0.3}","{""T"":1.0,""kappa"":1.16,""omega"":0.2,""rho"":-0.5,""v"":0.116,""xi"":0.3}",derived,"code/b5_thm35_387.py:387 DIAG_BASE_STEPS × :395 DIAG_SCALES, clip :372-373"
Exp05_diag__Exp05dg-vkappa_s16__OTM_K125,Exp05_diag,Exp05dg-vkappa_s16,OTM_K125,heston,,,,,vkappa,16.0,,,,150,50,,"{""T"":1.0,""kappa"":1.0,""omega"":0.2,""rho"":-0.5,""v"":0.1,""xi"":0.3}","{""T"":1.0,""kappa"":1.16,""omega"":0.2,""rho"":-0.5,""v"":0.116,""xi"":0.3}",derived,"code/b5_thm35_387.py:387 DIAG_BASE_STEPS × :395 DIAG_SCALES, clip :372-373"
Exp05_diag__Exp05dg-vomega_s1__ATM,Exp05_diag,Exp05dg-vomega_s1,ATM,heston,,,,,vomega,1.0,,,,150,50,,"{""T"":1.0,""kappa"":1.0,""omega"":0.2,""rho"":-0.5,""v"":0.1,""xi"":0.3}","{""T"":1.0,""kappa"":1.0,""omega"":0.202,""rho"":-0.5,""v"":0.101,""xi"":0.3}",derived,"code/b5_thm35_387.py:387 DIAG_BASE_STEPS × :395 DIAG_SCALES, clip :372-373"
Exp05_diag__Exp05dg-vomega_s1__OTM_K110,Exp05_diag,Exp05dg-vomega_s1,OTM_K110,heston,,,,,vomega,1.0,,,,150,50,,"{""T"":1.0,""kappa"":1.0,""omega"":0.2,""rho"":-0.5,""v"":0.1,""xi"":0.3}","{""T"":1.0,""kappa"":1.0,""omega"":0.202,""rho"":-0.5,""v"":0.101,""xi"":0.3}",derived,"code/b5_thm35_387.py:387 DIAG_BASE_STEPS × :395 DIAG_SCALES, clip :372-373"
Exp05_diag__Exp05dg-vomega_s1__OTM_K125,Exp05_diag,Exp05dg-vomega_s1,OTM_K125,heston,,,,,vomega,1.0,,,,150,50,,"{""T"":1.0,""kappa"":1.0,""omega"":0.2,""rho"":-0.5,""v"":0.1,""xi"":0.3}","{""T"":1.0,""kappa"":1.0,""omega"":0.202,""rho"":-0.5,""v"":0.101,""xi"":0.3}",derived,"code/b5_thm35_387.py:387 DIAG_BASE_STEPS × :395 DIAG_SCALES, clip :372-373"
Exp05_diag__Exp05dg-vomega_s2__ATM,Exp05_diag,Exp05dg-vomega_s2,ATM,heston,,,,,vomega,2.0,,,,150,50,,"{""T"":1.0,""kappa"":1.0,""omega"":0.2,""rho"":-0.5,""v"":0.1,""xi"":0.3}","{""T"":1.0,""kappa"":1.0,""omega"":0.20400000000000001,""rho"":-0.5,""v"":0.10200000000000001,""xi"":0.3}",derived,"code/b5_thm35_387.py:387 DIAG_BASE_STEPS × :395 DIAG_SCALES, clip :372-373"
Exp05_diag__Exp05dg-vomega_s2__OTM_K110,Exp05_diag,Exp05dg-vomega_s2,OTM_K110,heston,,,,,vomega,2.0,,,,150,50,,"{""T"":1.0,""kappa"":1.0,""omega"":0.2,""rho"":-0.5,""v"":0.1,""xi"":0.3}","{""T"":1.0,""kappa"":1.0,""omega"":0.20400000000000001,""rho"":-0.5,""v"":0.10200000000000001,""xi"":0.3}",derived,"code/b5_thm35_387.py:387 DIAG_BASE_STEPS × :395 DIAG_SCALES, clip :372-373"
Exp05_diag__Exp05dg-vomega_s2__OTM_K125,Exp05_diag,Exp05dg-vomega_s2,OTM_K125,heston,,,,,vomega,2.0,,,,150,50,,"{""T"":1.0,""kappa"":1.0,""omega"":0.2,""rho"":-0.5,""v"":0.1,""xi"":0.3}","{""T"":1.0,""kappa"":1.0,""omega"":0.20400000000000001,""rho"":-0.5,""v"":0.10200000000000001,""xi"":0.3}",derived,"code/b5_thm35_387.py:387 DIAG_BASE_STEPS × :395 DIAG_SCALES, clip :372-373"
Exp05_diag__Exp05dg-vomega_s4__ATM,Exp05_diag,Exp05dg-vomega_s4,ATM,heston,,,,,vomega,4.0,,,,150,50,,"{""T"":1.0,""kappa"":1.0,""omega"":0.2,""rho"":-0.5,""v"":0.1,""xi"":0.3}","{""T"":1.0,""kappa"":1.0,""omega"":0.20800000000000002,""rho"":-0.5,""v"":0.10400000000000001,""xi"":0.3}",derived,"code/b5_thm35_387.py:387 DIAG_BASE_STEPS × :395 DIAG_SCALES, clip :372-373"
Exp05_diag__Exp05dg-vomega_s4__OTM_K110,Exp05_diag,Exp05dg-vomega_s4,OTM_K110,heston,,,,,vomega,4.0,,,,150,50,,"{""T"":1.0,""kappa"":1.0,""omega"":0.2,""rho"":-0.5,""v"":0.1,""xi"":0.3}","{""T"":1.0,""kappa"":1.0,""omega"":0.20800000000000002,""rho"":-0.5,""v"":0.10400000000000001,""xi"":0.3}",derived,"code/b5_thm35_387.py:387 DIAG_BASE_STEPS × :395 DIAG_SCALES, clip :372-373"
Exp05_diag__Exp05dg-vomega_s4__OTM_K125,Exp05_diag,Exp05dg-vomega_s4,OTM_K125,heston,,,,,vomega,4.0,,,,150,50,,"{""T"":1.0,""kappa"":1.0,""omega"":0.2,""rho"":-0.5,""v"":0.1,""xi"":0.3}","{""T"":1.0,""kappa"":1.0,""omega"":0.20800000000000002,""rho"":-0.5,""v"":0.10400000000000001,""xi"":0.3}",derived,"code/b5_thm35_387.py:387 DIAG_BASE_STEPS × :395 DIAG_SCALES, clip :372-373"
Exp05_diag__Exp05dg-vomega_s8__ATM,Exp05_diag,Exp05dg-vomega_s8,ATM,heston,,,,,vomega,8.0,,,,150,50,,"{""T"":1.0,""kappa"":1.0,""omega"":0.2,""rho"":-0.5,""v"":0.1,""xi"":0.3}","{""T"":1.0,""kappa"":1.0,""omega"":0.21600000000000003,""rho"":-0.5,""v"":0.10800000000000001,""xi"":0.3}",derived,"code/b5_thm35_387.py:387 DIAG_BASE_STEPS × :395 DIAG_SCALES, clip :372-373"
Exp05_diag__Exp05dg-vomega_s8__OTM_K110,Exp05_diag,Exp05dg-vomega_s8,OTM_K110,heston,,,,,vomega,8.0,,,,150,50,,"{""T"":1.0,""kappa"":1.0,""omega"":0.2,""rho"":-0.5,""v"":0.1,""xi"":0.3}","{""T"":1.0,""kappa"":1.0,""omega"":0.21600000000000003,""rho"":-0.5,""v"":0.10800000000000001,""xi"":0.3}",derived,"code/b5_thm35_387.py:387 DIAG_BASE_STEPS × :395 DIAG_SCALES, clip :372-373"
Exp05_diag__Exp05dg-vomega_s8__OTM_K125,Exp05_diag,Exp05dg-vomega_s8,OTM_K125,heston,,,,,vomega,8.0,,,,150,50,,"{""T"":1.0,""kappa"":1.0,""omega"":0.2,""rho"":-0.5,""v"":0.1,""xi"":0.3}","{""T"":1.0,""kappa"":1.0,""omega"":0.21600000000000003,""rho"":-0.5,""v"":0.10800000000000001,""xi"":0.3}",derived,"code/b5_thm35_387.py:387 DIAG_BASE_STEPS × :395 DIAG_SCALES, clip :372-373"
Exp05_diag__Exp05dg-vomega_s16__ATM,Exp05_diag,Exp05dg-vomega_s16,ATM,heston,,,,,vomega,16.0,,,,150,50,,"{""T"":1.0,""kappa"":1.0,""omega"":0.2,""rho"":-0.5,""v"":0.1,""xi"":0.3}","{""T"":1.0,""kappa"":1.0,""omega"":0.232,""rho"":-0.5,""v"":0.116,""xi"":0.3}",derived,"code/b5_thm35_387.py:387 DIAG_BASE_STEPS × :395 DIAG_SCALES, clip :372-373"
Exp05_diag__Exp05dg-vomega_s16__OTM_K110,Exp05_diag,Exp05dg-vomega_s16,OTM_K110,heston,,,,,vomega,16.0,,,,150,50,,"{""T"":1.0,""kappa"":1.0,""omega"":0.2,""rho"":-0.5,""v"":0.1,""xi"":0.3}","{""T"":1.0,""kappa"":1.0,""omega"":0.232,""rho"":-0.5,""v"":0.116,""xi"":0.3}",derived,"code/b5_thm35_387.py:387 DIAG_BASE_STEPS × :395 DIAG_SCALES, clip :372-373"
Exp05_diag__Exp05dg-vomega_s16__OTM_K125,Exp05_diag,Exp05dg-vomega_s16,OTM_K125,heston,,,,,vomega,16.0,,,,150,50,,"{""T"":1.0,""kappa"":1.0,""omega"":0.2,""rho"":-0.5,""v"":0.1,""xi"":0.3}","{""T"":1.0,""kappa"":1.0,""omega"":0.232,""rho"":-0.5,""v"":0.116,""xi"":0.3}",derived,"code/b5_thm35_387.py:387 DIAG_BASE_STEPS × :395 DIAG_SCALES, clip :372-373"
Exp05_diag__Exp05dg-vxi_s1__ATM,Exp05_diag,Exp05dg-vxi_s1,ATM,heston,,,,,vxi,1.0,,,,150,50,,"{""T"":1.0,""kappa"":1.0,""omega"":0.2,""rho"":-0.5,""v"":0.1,""xi"":0.3}","{""T"":1.0,""kappa"":1.0,""omega"":0.2,""rho"":-0.5,""v"":0.101,""xi"":0.303}",derived,"code/b5_thm35_387.py:387 DIAG_BASE_STEPS × :395 DIAG_SCALES, clip :372-373"
Exp05_diag__Exp05dg-vxi_s1__OTM_K110,Exp05_diag,Exp05dg-vxi_s1,OTM_K110,heston,,,,,vxi,1.0,,,,150,50,,"{""T"":1.0,""kappa"":1.0,""omega"":0.2,""rho"":-0.5,""v"":0.1,""xi"":0.3}","{""T"":1.0,""kappa"":1.0,""omega"":0.2,""rho"":-0.5,""v"":0.101,""xi"":0.303}",derived,"code/b5_thm35_387.py:387 DIAG_BASE_STEPS × :395 DIAG_SCALES, clip :372-373"
Exp05_diag__Exp05dg-vxi_s1__OTM_K125,Exp05_diag,Exp05dg-vxi_s1,OTM_K125,heston,,,,,vxi,1.0,,,,150,50,,"{""T"":1.0,""kappa"":1.0,""omega"":0.2,""rho"":-0.5,""v"":0.1,""xi"":0.3}","{""T"":1.0,""kappa"":1.0,""omega"":0.2,""rho"":-0.5,""v"":0.101,""xi"":0.303}",derived,"code/b5_thm35_387.py:387 DIAG_BASE_STEPS × :395 DIAG_SCALES, clip :372-373"
Exp05_diag__Exp05dg-vxi_s2__ATM,Exp05_diag,Exp05dg-vxi_s2,ATM,heston,,,,,vxi,2.0,,,,150,50,,"{""T"":1.0,""kappa"":1.0,""omega"":0.2,""rho"":-0.5,""v"":0.1,""xi"":0.3}","{""T"":1.0,""kappa"":1.0,""omega"":0.2,""rho"":-0.5,""v"":0.10200000000000001,""xi"":0.306}",derived,"code/b5_thm35_387.py:387 DIAG_BASE_STEPS × :395 DIAG_SCALES, clip :372-373"
Exp05_diag__Exp05dg-vxi_s2__OTM_K110,Exp05_diag,Exp05dg-vxi_s2,OTM_K110,heston,,,,,vxi,2.0,,,,150,50,,"{""T"":1.0,""kappa"":1.0,""omega"":0.2,""rho"":-0.5,""v"":0.1,""xi"":0.3}","{""T"":1.0,""kappa"":1.0,""omega"":0.2,""rho"":-0.5,""v"":0.10200000000000001,""xi"":0.306}",derived,"code/b5_thm35_387.py:387 DIAG_BASE_STEPS × :395 DIAG_SCALES, clip :372-373"
Exp05_diag__Exp05dg-vxi_s2__OTM_K125,Exp05_diag,Exp05dg-vxi_s2,OTM_K125,heston,,,,,vxi,2.0,,,,150,50,,"{""T"":1.0,""kappa"":1.0,""omega"":0.2,""rho"":-0.5,""v"":0.1,""xi"":0.3}","{""T"":1.0,""kappa"":1.0,""omega"":0.2,""rho"":-0.5,""v"":0.10200000000000001,""xi"":0.306}",derived,"code/b5_thm35_387.py:387 DIAG_BASE_STEPS × :395 DIAG_SCALES, clip :372-373"
Exp05_diag__Exp05dg-vxi_s4__ATM,Exp05_diag,Exp05dg-vxi_s4,ATM,heston,,,,,vxi,4.0,,,,150,50,,"{""T"":1.0,""kappa"":1.0,""omega"":0.2,""rho"":-0.5,""v"":0.1,""xi"":0.3}","{""T"":1.0,""kappa"":1.0,""omega"":0.2,""rho"":-0.5,""v"":0.10400000000000001,""xi"":0.312}",derived,"code/b5_thm35_387.py:387 DIAG_BASE_STEPS × :395 DIAG_SCALES, clip :372-373"
Exp05_diag__Exp05dg-vxi_s4__OTM_K110,Exp05_diag,Exp05dg-vxi_s4,OTM_K110,heston,,,,,vxi,4.0,,,,150,50,,"{""T"":1.0,""kappa"":1.0,""omega"":0.2,""rho"":-0.5,""v"":0.1,""xi"":0.3}","{""T"":1.0,""kappa"":1.0,""omega"":0.2,""rho"":-0.5,""v"":0.10400000000000001,""xi"":0.312}",derived,"code/b5_thm35_387.py:387 DIAG_BASE_STEPS × :395 DIAG_SCALES, clip :372-373"
Exp05_diag__Exp05dg-vxi_s4__OTM_K125,Exp05_diag,Exp05dg-vxi_s4,OTM_K125,heston,,,,,vxi,4.0,,,,150,50,,"{""T"":1.0,""kappa"":1.0,""omega"":0.2,""rho"":-0.5,""v"":0.1,""xi"":0.3}","{""T"":1.0,""kappa"":1.0,""omega"":0.2,""rho"":-0.5,""v"":0.10400000000000001,""xi"":0.312}",derived,"code/b5_thm35_387.py:387 DIAG_BASE_STEPS × :395 DIAG_SCALES, clip :372-373"
Exp05_diag__Exp05dg-vxi_s8__ATM,Exp05_diag,Exp05dg-vxi_s8,ATM,heston,,,,,vxi,8.0,,,,150,50,,"{""T"":1.0,""kappa"":1.0,""omega"":0.2,""rho"":-0.5,""v"":0.1,""xi"":0.3}","{""T"":1.0,""kappa"":1.0,""omega"":0.2,""rho"":-0.5,""v"":0.10800000000000001,""xi"":0.324}",derived,"code/b5_thm35_387.py:387 DIAG_BASE_STEPS × :395 DIAG_SCALES, clip :372-373"
Exp05_diag__Exp05dg-vxi_s8__OTM_K110,Exp05_diag,Exp05dg-vxi_s8,OTM_K110,heston,,,,,vxi,8.0,,,,150,50,,"{""T"":1.0,""kappa"":1.0,""omega"":0.2,""rho"":-0.5,""v"":0.1,""xi"":0.3}","{""T"":1.0,""kappa"":1.0,""omega"":0.2,""rho"":-0.5,""v"":0.10800000000000001,""xi"":0.324}",derived,"code/b5_thm35_387.py:387 DIAG_BASE_STEPS × :395 DIAG_SCALES, clip :372-373"
Exp05_diag__Exp05dg-vxi_s8__OTM_K125,Exp05_diag,Exp05dg-vxi_s8,OTM_K125,heston,,,,,vxi,8.0,,,,150,50,,"{""T"":1.0,""kappa"":1.0,""omega"":0.2,""rho"":-0.5,""v"":0.1,""xi"":0.3}","{""T"":1.0,""kappa"":1.0,""omega"":0.2,""rho"":-0.5,""v"":0.10800000000000001,""xi"":0.324}",derived,"code/b5_thm35_387.py:387 DIAG_BASE_STEPS × :395 DIAG_SCALES, clip :372-373"
Exp05_diag__Exp05dg-vxi_s16__ATM,Exp05_diag,Exp05dg-vxi_s16,ATM,heston,,,,,vxi,16.0,,,,150,50,,"{""T"":1.0,""kappa"":1.0,""omega"":0.2,""rho"":-0.5,""v"":0.1,""xi"":0.3}","{""T"":1.0,""kappa"":1.0,""omega"":0.2,""rho"":-0.5,""v"":0.116,""xi"":0.348}",derived,"code/b5_thm35_387.py:387 DIAG_BASE_STEPS × :395 DIAG_SCALES, clip :372-373"
Exp05_diag__Exp05dg-vxi_s16__OTM_K110,Exp05_diag,Exp05dg-vxi_s16,OTM_K110,heston,,,,,vxi,16.0,,,,150,50,,"{""T"":1.0,""kappa"":1.0,""omega"":0.2,""rho"":-0.5,""v"":0.1,""xi"":0.3}","{""T"":1.0,""kappa"":1.0,""omega"":0.2,""rho"":-0.5,""v"":0.116,""xi"":0.348}",derived,"code/b5_thm35_387.py:387 DIAG_BASE_STEPS × :395 DIAG_SCALES, clip :372-373"
Exp05_diag__Exp05dg-vxi_s16__OTM_K125,Exp05_diag,Exp05dg-vxi_s16,OTM_K125,heston,,,,,vxi,16.0,,,,150,50,,"{""T"":1.0,""kappa"":1.0,""omega"":0.2,""rho"":-0.5,""v"":0.1,""xi"":0.3}","{""T"":1.0,""kappa"":1.0,""omega"":0.2,""rho"":-0.5,""v"":0.116,""xi"":0.348}",derived,"code/b5_thm35_387.py:387 DIAG_BASE_STEPS × :395 DIAG_SCALES, clip :372-373"
Exp05_diag__Exp05dg-kappaxi_s1__ATM,Exp05_diag,Exp05dg-kappaxi_s1,ATM,heston,,,,,kappaxi,1.0,,,,150,50,,"{""T"":1.0,""kappa"":1.0,""omega"":0.2,""rho"":-0.5,""v"":0.1,""xi"":0.3}","{""T"":1.0,""kappa"":1.01,""omega"":0.2,""rho"":-0.5,""v"":0.1,""xi"":0.303}",derived,"code/b5_thm35_387.py:387 DIAG_BASE_STEPS × :395 DIAG_SCALES, clip :372-373"
Exp05_diag__Exp05dg-kappaxi_s1__OTM_K110,Exp05_diag,Exp05dg-kappaxi_s1,OTM_K110,heston,,,,,kappaxi,1.0,,,,150,50,,"{""T"":1.0,""kappa"":1.0,""omega"":0.2,""rho"":-0.5,""v"":0.1,""xi"":0.3}","{""T"":1.0,""kappa"":1.01,""omega"":0.2,""rho"":-0.5,""v"":0.1,""xi"":0.303}",derived,"code/b5_thm35_387.py:387 DIAG_BASE_STEPS × :395 DIAG_SCALES, clip :372-373"
Exp05_diag__Exp05dg-kappaxi_s1__OTM_K125,Exp05_diag,Exp05dg-kappaxi_s1,OTM_K125,heston,,,,,kappaxi,1.0,,,,150,50,,"{""T"":1.0,""kappa"":1.0,""omega"":0.2,""rho"":-0.5,""v"":0.1,""xi"":0.3}","{""T"":1.0,""kappa"":1.01,""omega"":0.2,""rho"":-0.5,""v"":0.1,""xi"":0.303}",derived,"code/b5_thm35_387.py:387 DIAG_BASE_STEPS × :395 DIAG_SCALES, clip :372-373"
Exp05_diag__Exp05dg-kappaxi_s2__ATM,Exp05_diag,Exp05dg-kappaxi_s2,ATM,heston,,,,,kappaxi,2.0,,,,150,50,,"{""T"":1.0,""kappa"":1.0,""omega"":0.2,""rho"":-0.5,""v"":0.1,""xi"":0.3}","{""T"":1.0,""kappa"":1.02,""omega"":0.2,""rho"":-0.5,""v"":0.1,""xi"":0.306}",derived,"code/b5_thm35_387.py:387 DIAG_BASE_STEPS × :395 DIAG_SCALES, clip :372-373"
Exp05_diag__Exp05dg-kappaxi_s2__OTM_K110,Exp05_diag,Exp05dg-kappaxi_s2,OTM_K110,heston,,,,,kappaxi,2.0,,,,150,50,,"{""T"":1.0,""kappa"":1.0,""omega"":0.2,""rho"":-0.5,""v"":0.1,""xi"":0.3}","{""T"":1.0,""kappa"":1.02,""omega"":0.2,""rho"":-0.5,""v"":0.1,""xi"":0.306}",derived,"code/b5_thm35_387.py:387 DIAG_BASE_STEPS × :395 DIAG_SCALES, clip :372-373"
Exp05_diag__Exp05dg-kappaxi_s2__OTM_K125,Exp05_diag,Exp05dg-kappaxi_s2,OTM_K125,heston,,,,,kappaxi,2.0,,,,150,50,,"{""T"":1.0,""kappa"":1.0,""omega"":0.2,""rho"":-0.5,""v"":0.1,""xi"":0.3}","{""T"":1.0,""kappa"":1.02,""omega"":0.2,""rho"":-0.5,""v"":0.1,""xi"":0.306}",derived,"code/b5_thm35_387.py:387 DIAG_BASE_STEPS × :395 DIAG_SCALES, clip :372-373"
Exp05_diag__Exp05dg-kappaxi_s4__ATM,Exp05_diag,Exp05dg-kappaxi_s4,ATM,heston,,,,,kappaxi,4.0,,,,150,50,,"{""T"":1.0,""kappa"":1.0,""omega"":0.2,""rho"":-0.5,""v"":0.1,""xi"":0.3}","{""T"":1.0,""kappa"":1.04,""omega"":0.2,""rho"":-0.5,""v"":0.1,""xi"":0.312}",derived,"code/b5_thm35_387.py:387 DIAG_BASE_STEPS × :395 DIAG_SCALES, clip :372-373"
Exp05_diag__Exp05dg-kappaxi_s4__OTM_K110,Exp05_diag,Exp05dg-kappaxi_s4,OTM_K110,heston,,,,,kappaxi,4.0,,,,150,50,,"{""T"":1.0,""kappa"":1.0,""omega"":0.2,""rho"":-0.5,""v"":0.1,""xi"":0.3}","{""T"":1.0,""kappa"":1.04,""omega"":0.2,""rho"":-0.5,""v"":0.1,""xi"":0.312}",derived,"code/b5_thm35_387.py:387 DIAG_BASE_STEPS × :395 DIAG_SCALES, clip :372-373"
Exp05_diag__Exp05dg-kappaxi_s4__OTM_K125,Exp05_diag,Exp05dg-kappaxi_s4,OTM_K125,heston,,,,,kappaxi,4.0,,,,150,50,,"{""T"":1.0,""kappa"":1.0,""omega"":0.2,""rho"":-0.5,""v"":0.1,""xi"":0.3}","{""T"":1.0,""kappa"":1.04,""omega"":0.2,""rho"":-0.5,""v"":0.1,""xi"":0.312}",derived,"code/b5_thm35_387.py:387 DIAG_BASE_STEPS × :395 DIAG_SCALES, clip :372-373"
Exp05_diag__Exp05dg-kappaxi_s8__ATM,Exp05_diag,Exp05dg-kappaxi_s8,ATM,heston,,,,,kappaxi,8.0,,,,150,50,,"{""T"":1.0,""kappa"":1.0,""omega"":0.2,""rho"":-0.5,""v"":0.1,""xi"":0.3}","{""T"":1.0,""kappa"":1.08,""omega"":0.2,""rho"":-0.5,""v"":0.1,""xi"":0.324}",derived,"code/b5_thm35_387.py:387 DIAG_BASE_STEPS × :395 DIAG_SCALES, clip :372-373"
Exp05_diag__Exp05dg-kappaxi_s8__OTM_K110,Exp05_diag,Exp05dg-kappaxi_s8,OTM_K110,heston,,,,,kappaxi,8.0,,,,150,50,,"{""T"":1.0,""kappa"":1.0,""omega"":0.2,""rho"":-0.5,""v"":0.1,""xi"":0.3}","{""T"":1.0,""kappa"":1.08,""omega"":0.2,""rho"":-0.5,""v"":0.1,""xi"":0.324}",derived,"code/b5_thm35_387.py:387 DIAG_BASE_STEPS × :395 DIAG_SCALES, clip :372-373"
Exp05_diag__Exp05dg-kappaxi_s8__OTM_K125,Exp05_diag,Exp05dg-kappaxi_s8,OTM_K125,heston,,,,,kappaxi,8.0,,,,150,50,,"{""T"":1.0,""kappa"":1.0,""omega"":0.2,""rho"":-0.5,""v"":0.1,""xi"":0.3}","{""T"":1.0,""kappa"":1.08,""omega"":0.2,""rho"":-0.5,""v"":0.1,""xi"":0.324}",derived,"code/b5_thm35_387.py:387 DIAG_BASE_STEPS × :395 DIAG_SCALES, clip :372-373"
Exp05_diag__Exp05dg-kappaxi_s16__ATM,Exp05_diag,Exp05dg-kappaxi_s16,ATM,heston,,,,,kappaxi,16.0,,,,150,50,,"{""T"":1.0,""kappa"":1.0,""omega"":0.2,""rho"":-0.5,""v"":0.1,""xi"":0.3}","{""T"":1.0,""kappa"":1.16,""omega"":0.2,""rho"":-0.5,""v"":0.1,""xi"":0.348}",derived,"code/b5_thm35_387.py:387 DIAG_BASE_STEPS × :395 DIAG_SCALES, clip :372-373"
Exp05_diag__Exp05dg-kappaxi_s16__OTM_K110,Exp05_diag,Exp05dg-kappaxi_s16,OTM_K110,heston,,,,,kappaxi,16.0,,,,150,50,,"{""T"":1.0,""kappa"":1.0,""omega"":0.2,""rho"":-0.5,""v"":0.1,""xi"":0.3}","{""T"":1.0,""kappa"":1.16,""omega"":0.2,""rho"":-0.5,""v"":0.1,""xi"":0.348}",derived,"code/b5_thm35_387.py:387 DIAG_BASE_STEPS × :395 DIAG_SCALES, clip :372-373"
Exp05_diag__Exp05dg-kappaxi_s16__OTM_K125,Exp05_diag,Exp05dg-kappaxi_s16,OTM_K125,heston,,,,,kappaxi,16.0,,,,150,50,,"{""T"":1.0,""kappa"":1.0,""omega"":0.2,""rho"":-0.5,""v"":0.1,""xi"":0.3}","{""T"":1.0,""kappa"":1.16,""omega"":0.2,""rho"":-0.5,""v"":0.1,""xi"":0.348}",derived,"code/b5_thm35_387.py:387 DIAG_BASE_STEPS × :395 DIAG_SCALES, clip :372-373"
Exp05_diag__Exp05dg-vrho_s1__ATM,Exp05_diag,Exp05dg-vrho_s1,ATM,heston,,,,,vrho,1.0,,,,150,50,,"{""T"":1.0,""kappa"":1.0,""omega"":0.2,""rho"":-0.5,""v"":0.1,""xi"":0.3}","{""T"":1.0,""kappa"":1.0,""omega"":0.2,""rho"":-0.495,""v"":0.101,""xi"":0.3}",derived,"code/b5_thm35_387.py:387 DIAG_BASE_STEPS × :395 DIAG_SCALES, clip :372-373"
Exp05_diag__Exp05dg-vrho_s1__OTM_K110,Exp05_diag,Exp05dg-vrho_s1,OTM_K110,heston,,,,,vrho,1.0,,,,150,50,,"{""T"":1.0,""kappa"":1.0,""omega"":0.2,""rho"":-0.5,""v"":0.1,""xi"":0.3}","{""T"":1.0,""kappa"":1.0,""omega"":0.2,""rho"":-0.495,""v"":0.101,""xi"":0.3}",derived,"code/b5_thm35_387.py:387 DIAG_BASE_STEPS × :395 DIAG_SCALES, clip :372-373"
Exp05_diag__Exp05dg-vrho_s1__OTM_K125,Exp05_diag,Exp05dg-vrho_s1,OTM_K125,heston,,,,,vrho,1.0,,,,150,50,,"{""T"":1.0,""kappa"":1.0,""omega"":0.2,""rho"":-0.5,""v"":0.1,""xi"":0.3}","{""T"":1.0,""kappa"":1.0,""omega"":0.2,""rho"":-0.495,""v"":0.101,""xi"":0.3}",derived,"code/b5_thm35_387.py:387 DIAG_BASE_STEPS × :395 DIAG_SCALES, clip :372-373"
Exp05_diag__Exp05dg-vrho_s2__ATM,Exp05_diag,Exp05dg-vrho_s2,ATM,heston,,,,,vrho,2.0,,,,150,50,,"{""T"":1.0,""kappa"":1.0,""omega"":0.2,""rho"":-0.5,""v"":0.1,""xi"":0.3}","{""T"":1.0,""kappa"":1.0,""omega"":0.2,""rho"":-0.49,""v"":0.10200000000000001,""xi"":0.3}",derived,"code/b5_thm35_387.py:387 DIAG_BASE_STEPS × :395 DIAG_SCALES, clip :372-373"
Exp05_diag__Exp05dg-vrho_s2__OTM_K110,Exp05_diag,Exp05dg-vrho_s2,OTM_K110,heston,,,,,vrho,2.0,,,,150,50,,"{""T"":1.0,""kappa"":1.0,""omega"":0.2,""rho"":-0.5,""v"":0.1,""xi"":0.3}","{""T"":1.0,""kappa"":1.0,""omega"":0.2,""rho"":-0.49,""v"":0.10200000000000001,""xi"":0.3}",derived,"code/b5_thm35_387.py:387 DIAG_BASE_STEPS × :395 DIAG_SCALES, clip :372-373"
Exp05_diag__Exp05dg-vrho_s2__OTM_K125,Exp05_diag,Exp05dg-vrho_s2,OTM_K125,heston,,,,,vrho,2.0,,,,150,50,,"{""T"":1.0,""kappa"":1.0,""omega"":0.2,""rho"":-0.5,""v"":0.1,""xi"":0.3}","{""T"":1.0,""kappa"":1.0,""omega"":0.2,""rho"":-0.49,""v"":0.10200000000000001,""xi"":0.3}",derived,"code/b5_thm35_387.py:387 DIAG_BASE_STEPS × :395 DIAG_SCALES, clip :372-373"
Exp05_diag__Exp05dg-vrho_s4__ATM,Exp05_diag,Exp05dg-vrho_s4,ATM,heston,,,,,vrho,4.0,,,,150,50,,"{""T"":1.0,""kappa"":1.0,""omega"":0.2,""rho"":-0.5,""v"":0.1,""xi"":0.3}","{""T"":1.0,""kappa"":1.0,""omega"":0.2,""rho"":-0.48,""v"":0.10400000000000001,""xi"":0.3}",derived,"code/b5_thm35_387.py:387 DIAG_BASE_STEPS × :395 DIAG_SCALES, clip :372-373"
Exp05_diag__Exp05dg-vrho_s4__OTM_K110,Exp05_diag,Exp05dg-vrho_s4,OTM_K110,heston,,,,,vrho,4.0,,,,150,50,,"{""T"":1.0,""kappa"":1.0,""omega"":0.2,""rho"":-0.5,""v"":0.1,""xi"":0.3}","{""T"":1.0,""kappa"":1.0,""omega"":0.2,""rho"":-0.48,""v"":0.10400000000000001,""xi"":0.3}",derived,"code/b5_thm35_387.py:387 DIAG_BASE_STEPS × :395 DIAG_SCALES, clip :372-373"
Exp05_diag__Exp05dg-vrho_s4__OTM_K125,Exp05_diag,Exp05dg-vrho_s4,OTM_K125,heston,,,,,vrho,4.0,,,,150,50,,"{""T"":1.0,""kappa"":1.0,""omega"":0.2,""rho"":-0.5,""v"":0.1,""xi"":0.3}","{""T"":1.0,""kappa"":1.0,""omega"":0.2,""rho"":-0.48,""v"":0.10400000000000001,""xi"":0.3}",derived,"code/b5_thm35_387.py:387 DIAG_BASE_STEPS × :395 DIAG_SCALES, clip :372-373"
Exp05_diag__Exp05dg-vrho_s8__ATM,Exp05_diag,Exp05dg-vrho_s8,ATM,heston,,,,,vrho,8.0,,,,150,50,,"{""T"":1.0,""kappa"":1.0,""omega"":0.2,""rho"":-0.5,""v"":0.1,""xi"":0.3}","{""T"":1.0,""kappa"":1.0,""omega"":0.2,""rho"":-0.46,""v"":0.10800000000000001,""xi"":0.3}",derived,"code/b5_thm35_387.py:387 DIAG_BASE_STEPS × :395 DIAG_SCALES, clip :372-373"
Exp05_diag__Exp05dg-vrho_s8__OTM_K110,Exp05_diag,Exp05dg-vrho_s8,OTM_K110,heston,,,,,vrho,8.0,,,,150,50,,"{""T"":1.0,""kappa"":1.0,""omega"":0.2,""rho"":-0.5,""v"":0.1,""xi"":0.3}","{""T"":1.0,""kappa"":1.0,""omega"":0.2,""rho"":-0.46,""v"":0.10800000000000001,""xi"":0.3}",derived,"code/b5_thm35_387.py:387 DIAG_BASE_STEPS × :395 DIAG_SCALES, clip :372-373"
Exp05_diag__Exp05dg-vrho_s8__OTM_K125,Exp05_diag,Exp05dg-vrho_s8,OTM_K125,heston,,,,,vrho,8.0,,,,150,50,,"{""T"":1.0,""kappa"":1.0,""omega"":0.2,""rho"":-0.5,""v"":0.1,""xi"":0.3}","{""T"":1.0,""kappa"":1.0,""omega"":0.2,""rho"":-0.46,""v"":0.10800000000000001,""xi"":0.3}",derived,"code/b5_thm35_387.py:387 DIAG_BASE_STEPS × :395 DIAG_SCALES, clip :372-373"
Exp05_diag__Exp05dg-vrho_s16__ATM,Exp05_diag,Exp05dg-vrho_s16,ATM,heston,,,,,vrho,16.0,,,,150,50,,"{""T"":1.0,""kappa"":1.0,""omega"":0.2,""rho"":-0.5,""v"":0.1,""xi"":0.3}","{""T"":1.0,""kappa"":1.0,""omega"":0.2,""rho"":-0.42,""v"":0.116,""xi"":0.3}",derived,"code/b5_thm35_387.py:387 DIAG_BASE_STEPS × :395 DIAG_SCALES, clip :372-373"
Exp05_diag__Exp05dg-vrho_s16__OTM_K110,Exp05_diag,Exp05dg-vrho_s16,OTM_K110,heston,,,,,vrho,16.0,,,,150,50,,"{""T"":1.0,""kappa"":1.0,""omega"":0.2,""rho"":-0.5,""v"":0.1,""xi"":0.3}","{""T"":1.0,""kappa"":1.0,""omega"":0.2,""rho"":-0.42,""v"":0.116,""xi"":0.3}",derived,"code/b5_thm35_387.py:387 DIAG_BASE_STEPS × :395 DIAG_SCALES, clip :372-373"
Exp05_diag__Exp05dg-vrho_s16__OTM_K125,Exp05_diag,Exp05dg-vrho_s16,OTM_K125,heston,,,,,vrho,16.0,,,,150,50,,"{""T"":1.0,""kappa"":1.0,""omega"":0.2,""rho"":-0.5,""v"":0.1,""xi"":0.3}","{""T"":1.0,""kappa"":1.0,""omega"":0.2,""rho"":-0.42,""v"":0.116,""xi"":0.3}",derived,"code/b5_thm35_387.py:387 DIAG_BASE_STEPS × :395 DIAG_SCALES, clip :372-373"
Exp05_diag__Exp05dg-all5_s1__ATM,Exp05_diag,Exp05dg-all5_s1,ATM,heston,,,,,all5,1.0,,,,150,50,,"{""T"":1.0,""kappa"":1.0,""omega"":0.2,""rho"":-0.5,""v"":0.1,""xi"":0.3}","{""T"":1.0,""kappa"":1.01,""omega"":0.202,""rho"":-0.495,""v"":0.101,""xi"":0.303}",derived,"code/b5_thm35_387.py:387 DIAG_BASE_STEPS × :395 DIAG_SCALES, clip :372-373"
Exp05_diag__Exp05dg-all5_s1__OTM_K110,Exp05_diag,Exp05dg-all5_s1,OTM_K110,heston,,,,,all5,1.0,,,,150,50,,"{""T"":1.0,""kappa"":1.0,""omega"":0.2,""rho"":-0.5,""v"":0.1,""xi"":0.3}","{""T"":1.0,""kappa"":1.01,""omega"":0.202,""rho"":-0.495,""v"":0.101,""xi"":0.303}",derived,"code/b5_thm35_387.py:387 DIAG_BASE_STEPS × :395 DIAG_SCALES, clip :372-373"
Exp05_diag__Exp05dg-all5_s1__OTM_K125,Exp05_diag,Exp05dg-all5_s1,OTM_K125,heston,,,,,all5,1.0,,,,150,50,,"{""T"":1.0,""kappa"":1.0,""omega"":0.2,""rho"":-0.5,""v"":0.1,""xi"":0.3}","{""T"":1.0,""kappa"":1.01,""omega"":0.202,""rho"":-0.495,""v"":0.101,""xi"":0.303}",derived,"code/b5_thm35_387.py:387 DIAG_BASE_STEPS × :395 DIAG_SCALES, clip :372-373"
Exp05_diag__Exp05dg-all5_s2__ATM,Exp05_diag,Exp05dg-all5_s2,ATM,heston,,,,,all5,2.0,,,,150,50,,"{""T"":1.0,""kappa"":1.0,""omega"":0.2,""rho"":-0.5,""v"":0.1,""xi"":0.3}","{""T"":1.0,""kappa"":1.02,""omega"":0.20400000000000001,""rho"":-0.49,""v"":0.10200000000000001,""xi"":0.306}",derived,"code/b5_thm35_387.py:387 DIAG_BASE_STEPS × :395 DIAG_SCALES, clip :372-373"
Exp05_diag__Exp05dg-all5_s2__OTM_K110,Exp05_diag,Exp05dg-all5_s2,OTM_K110,heston,,,,,all5,2.0,,,,150,50,,"{""T"":1.0,""kappa"":1.0,""omega"":0.2,""rho"":-0.5,""v"":0.1,""xi"":0.3}","{""T"":1.0,""kappa"":1.02,""omega"":0.20400000000000001,""rho"":-0.49,""v"":0.10200000000000001,""xi"":0.306}",derived,"code/b5_thm35_387.py:387 DIAG_BASE_STEPS × :395 DIAG_SCALES, clip :372-373"
Exp05_diag__Exp05dg-all5_s2__OTM_K125,Exp05_diag,Exp05dg-all5_s2,OTM_K125,heston,,,,,all5,2.0,,,,150,50,,"{""T"":1.0,""kappa"":1.0,""omega"":0.2,""rho"":-0.5,""v"":0.1,""xi"":0.3}","{""T"":1.0,""kappa"":1.02,""omega"":0.20400000000000001,""rho"":-0.49,""v"":0.10200000000000001,""xi"":0.306}",derived,"code/b5_thm35_387.py:387 DIAG_BASE_STEPS × :395 DIAG_SCALES, clip :372-373"
Exp05_diag__Exp05dg-all5_s4__ATM,Exp05_diag,Exp05dg-all5_s4,ATM,heston,,,,,all5,4.0,,,,150,50,,"{""T"":1.0,""kappa"":1.0,""omega"":0.2,""rho"":-0.5,""v"":0.1,""xi"":0.3}","{""T"":1.0,""kappa"":1.04,""omega"":0.20800000000000002,""rho"":-0.48,""v"":0.10400000000000001,""xi"":0.312}",derived,"code/b5_thm35_387.py:387 DIAG_BASE_STEPS × :395 DIAG_SCALES, clip :372-373"
Exp05_diag__Exp05dg-all5_s4__OTM_K110,Exp05_diag,Exp05dg-all5_s4,OTM_K110,heston,,,,,all5,4.0,,,,150,50,,"{""T"":1.0,""kappa"":1.0,""omega"":0.2,""rho"":-0.5,""v"":0.1,""xi"":0.3}","{""T"":1.0,""kappa"":1.04,""omega"":0.20800000000000002,""rho"":-0.48,""v"":0.10400000000000001,""xi"":0.312}",derived,"code/b5_thm35_387.py:387 DIAG_BASE_STEPS × :395 DIAG_SCALES, clip :372-373"
Exp05_diag__Exp05dg-all5_s4__OTM_K125,Exp05_diag,Exp05dg-all5_s4,OTM_K125,heston,,,,,all5,4.0,,,,150,50,,"{""T"":1.0,""kappa"":1.0,""omega"":0.2,""rho"":-0.5,""v"":0.1,""xi"":0.3}","{""T"":1.0,""kappa"":1.04,""omega"":0.20800000000000002,""rho"":-0.48,""v"":0.10400000000000001,""xi"":0.312}",derived,"code/b5_thm35_387.py:387 DIAG_BASE_STEPS × :395 DIAG_SCALES, clip :372-373"
Exp05_diag__Exp05dg-all5_s8__ATM,Exp05_diag,Exp05dg-all5_s8,ATM,heston,,,,,all5,8.0,,,,150,50,,"{""T"":1.0,""kappa"":1.0,""omega"":0.2,""rho"":-0.5,""v"":0.1,""xi"":0.3}","{""T"":1.0,""kappa"":1.08,""omega"":0.21600000000000003,""rho"":-0.46,""v"":0.10800000000000001,""xi"":0.324}",derived,"code/b5_thm35_387.py:387 DIAG_BASE_STEPS × :395 DIAG_SCALES, clip :372-373"
Exp05_diag__Exp05dg-all5_s8__OTM_K110,Exp05_diag,Exp05dg-all5_s8,OTM_K110,heston,,,,,all5,8.0,,,,150,50,,"{""T"":1.0,""kappa"":1.0,""omega"":0.2,""rho"":-0.5,""v"":0.1,""xi"":0.3}","{""T"":1.0,""kappa"":1.08,""omega"":0.21600000000000003,""rho"":-0.46,""v"":0.10800000000000001,""xi"":0.324}",derived,"code/b5_thm35_387.py:387 DIAG_BASE_STEPS × :395 DIAG_SCALES, clip :372-373"
Exp05_diag__Exp05dg-all5_s8__OTM_K125,Exp05_diag,Exp05dg-all5_s8,OTM_K125,heston,,,,,all5,8.0,,,,150,50,,"{""T"":1.0,""kappa"":1.0,""omega"":0.2,""rho"":-0.5,""v"":0.1,""xi"":0.3}","{""T"":1.0,""kappa"":1.08,""omega"":0.21600000000000003,""rho"":-0.46,""v"":0.10800000000000001,""xi"":0.324}",derived,"code/b5_thm35_387.py:387 DIAG_BASE_STEPS × :395 DIAG_SCALES, clip :372-373"
Exp05_diag__Exp05dg-all5_s16__ATM,Exp05_diag,Exp05dg-all5_s16,ATM,heston,,,,,all5,16.0,,,,150,50,,"{""T"":1.0,""kappa"":1.0,""omega"":0.2,""rho"":-0.5,""v"":0.1,""xi"":0.3}","{""T"":1.0,""kappa"":1.16,""omega"":0.232,""rho"":-0.42,""v"":0.116,""xi"":0.348}",derived,"code/b5_thm35_387.py:387 DIAG_BASE_STEPS × :395 DIAG_SCALES, clip :372-373"
Exp05_diag__Exp05dg-all5_s16__OTM_K110,Exp05_diag,Exp05dg-all5_s16,OTM_K110,heston,,,,,all5,16.0,,,,150,50,,"{""T"":1.0,""kappa"":1.0,""omega"":0.2,""rho"":-0.5,""v"":0.1,""xi"":0.3}","{""T"":1.0,""kappa"":1.16,""omega"":0.232,""rho"":-0.42,""v"":0.116,""xi"":0.348}",derived,"code/b5_thm35_387.py:387 DIAG_BASE_STEPS × :395 DIAG_SCALES, clip :372-373"
Exp05_diag__Exp05dg-all5_s16__OTM_K125,Exp05_diag,Exp05dg-all5_s16,OTM_K125,heston,,,,,all5,16.0,,,,150,50,,"{""T"":1.0,""kappa"":1.0,""omega"":0.2,""rho"":-0.5,""v"":0.1,""xi"":0.3}","{""T"":1.0,""kappa"":1.16,""omega"":0.232,""rho"":-0.42,""v"":0.116,""xi"":0.348}",derived,"code/b5_thm35_387.py:387 DIAG_BASE_STEPS × :395 DIAG_SCALES, clip :372-373"
Exp06__Exp06-G1__ATM,Exp06,Exp06-G1,ATM,heston,G1,,,,,,,,,150,50,,"{""T"":1.0,""kappa"":1.0,""omega"":0.2,""rho"":-0.5,""v"":0.1,""xi"":0.3}","{""T"":1.0,""kappa"":1.005,""omega"":0.2,""rho"":-0.5,""v"":0.1,""xi"":0.3}",derived,code/b5_thm35_387.py:416 EXP06_PAIRS
Exp06__Exp06-G1__OTM_K110,Exp06,Exp06-G1,OTM_K110,heston,G1,,,,,,,,,150,50,,"{""T"":1.0,""kappa"":1.0,""omega"":0.2,""rho"":-0.5,""v"":0.1,""xi"":0.3}","{""T"":1.0,""kappa"":1.005,""omega"":0.2,""rho"":-0.5,""v"":0.1,""xi"":0.3}",derived,code/b5_thm35_387.py:416 EXP06_PAIRS
Exp06__Exp06-G1__OTM_K125,Exp06,Exp06-G1,OTM_K125,heston,G1,,,,,,,,,150,50,,"{""T"":1.0,""kappa"":1.0,""omega"":0.2,""rho"":-0.5,""v"":0.1,""xi"":0.3}","{""T"":1.0,""kappa"":1.005,""omega"":0.2,""rho"":-0.5,""v"":0.1,""xi"":0.3}",derived,code/b5_thm35_387.py:416 EXP06_PAIRS
Exp06__Exp06-G2__ATM,Exp06,Exp06-G2,ATM,heston,G2,,,,,,,,,150,50,,"{""T"":1.0,""kappa"":1.0,""omega"":0.2,""rho"":-0.5,""v"":0.1,""xi"":0.3}","{""T"":1.0,""kappa"":1.0,""omega"":0.2,""rho"":-0.495,""v"":0.1,""xi"":0.3}",derived,code/b5_thm35_387.py:416 EXP06_PAIRS
Exp06__Exp06-G2__OTM_K110,Exp06,Exp06-G2,OTM_K110,heston,G2,,,,,,,,,150,50,,"{""T"":1.0,""kappa"":1.0,""omega"":0.2,""rho"":-0.5,""v"":0.1,""xi"":0.3}","{""T"":1.0,""kappa"":1.0,""omega"":0.2,""rho"":-0.495,""v"":0.1,""xi"":0.3}",derived,code/b5_thm35_387.py:416 EXP06_PAIRS
Exp06__Exp06-G2__OTM_K125,Exp06,Exp06-G2,OTM_K125,heston,G2,,,,,,,,,150,50,,"{""T"":1.0,""kappa"":1.0,""omega"":0.2,""rho"":-0.5,""v"":0.1,""xi"":0.3}","{""T"":1.0,""kappa"":1.0,""omega"":0.2,""rho"":-0.495,""v"":0.1,""xi"":0.3}",derived,code/b5_thm35_387.py:416 EXP06_PAIRS
Exp06__Exp06-G3__ATM,Exp06,Exp06-G3,ATM,heston,G3,,,,,,,,,150,50,,"{""T"":1.0,""kappa"":1.0,""omega"":0.2,""rho"":-0.5,""v"":0.1,""xi"":0.3}","{""T"":1.0,""kappa"":1.0,""omega"":0.205,""rho"":-0.5,""v"":0.1,""xi"":0.3}",derived,code/b5_thm35_387.py:416 EXP06_PAIRS
Exp06__Exp06-G3__OTM_K110,Exp06,Exp06-G3,OTM_K110,heston,G3,,,,,,,,,150,50,,"{""T"":1.0,""kappa"":1.0,""omega"":0.2,""rho"":-0.5,""v"":0.1,""xi"":0.3}","{""T"":1.0,""kappa"":1.0,""omega"":0.205,""rho"":-0.5,""v"":0.1,""xi"":0.3}",derived,code/b5_thm35_387.py:416 EXP06_PAIRS
Exp06__Exp06-G3__OTM_K125,Exp06,Exp06-G3,OTM_K125,heston,G3,,,,,,,,,150,50,,"{""T"":1.0,""kappa"":1.0,""omega"":0.2,""rho"":-0.5,""v"":0.1,""xi"":0.3}","{""T"":1.0,""kappa"":1.0,""omega"":0.205,""rho"":-0.5,""v"":0.1,""xi"":0.3}",derived,code/b5_thm35_387.py:416 EXP06_PAIRS
Exp06__Exp06-H1__ATM,Exp06,Exp06-H1,ATM,heston,H1,,,,,,,,,150,50,,"{""T"":1.0,""kappa"":1.0,""omega"":0.2,""rho"":-0.5,""v"":0.1,""xi"":0.3}","{""T"":1.0,""kappa"":1.002,""omega"":0.2,""rho"":-0.5,""v"":0.1,""xi"":0.3}",derived,code/b5_thm35_387.py:416 EXP06_PAIRS
Exp06__Exp06-H1__OTM_K110,Exp06,Exp06-H1,OTM_K110,heston,H1,,,,,,,,,150,50,,"{""T"":1.0,""kappa"":1.0,""omega"":0.2,""rho"":-0.5,""v"":0.1,""xi"":0.3}","{""T"":1.0,""kappa"":1.002,""omega"":0.2,""rho"":-0.5,""v"":0.1,""xi"":0.3}",derived,code/b5_thm35_387.py:416 EXP06_PAIRS
Exp06__Exp06-H1__OTM_K125,Exp06,Exp06-H1,OTM_K125,heston,H1,,,,,,,,,150,50,,"{""T"":1.0,""kappa"":1.0,""omega"":0.2,""rho"":-0.5,""v"":0.1,""xi"":0.3}","{""T"":1.0,""kappa"":1.002,""omega"":0.2,""rho"":-0.5,""v"":0.1,""xi"":0.3}",derived,code/b5_thm35_387.py:416 EXP06_PAIRS
Exp06__Exp06-H2__ATM,Exp06,Exp06-H2,ATM,heston,H2,,,,,,,,,150,50,,"{""T"":1.0,""kappa"":1.0,""omega"":0.2,""rho"":-0.5,""v"":0.1,""xi"":0.3}","{""T"":1.0,""kappa"":1.02,""omega"":0.2,""rho"":-0.5,""v"":0.1,""xi"":0.3}",derived,code/b5_thm35_387.py:416 EXP06_PAIRS
Exp06__Exp06-H2__OTM_K110,Exp06,Exp06-H2,OTM_K110,heston,H2,,,,,,,,,150,50,,"{""T"":1.0,""kappa"":1.0,""omega"":0.2,""rho"":-0.5,""v"":0.1,""xi"":0.3}","{""T"":1.0,""kappa"":1.02,""omega"":0.2,""rho"":-0.5,""v"":0.1,""xi"":0.3}",derived,code/b5_thm35_387.py:416 EXP06_PAIRS
Exp06__Exp06-H2__OTM_K125,Exp06,Exp06-H2,OTM_K125,heston,H2,,,,,,,,,150,50,,"{""T"":1.0,""kappa"":1.0,""omega"":0.2,""rho"":-0.5,""v"":0.1,""xi"":0.3}","{""T"":1.0,""kappa"":1.02,""omega"":0.2,""rho"":-0.5,""v"":0.1,""xi"":0.3}",derived,code/b5_thm35_387.py:416 EXP06_PAIRS
Exp06__Exp06-H3__ATM,Exp06,Exp06-H3,ATM,heston,H3,,,,,,,,,150,50,,"{""T"":1.0,""kappa"":1.0,""omega"":0.2,""rho"":-0.5,""v"":0.1,""xi"":0.3}","{""T"":1.0,""kappa"":1.0,""omega"":0.2,""rho"":-0.5,""v"":0.1,""xi"":0.303}",derived,code/b5_thm35_387.py:416 EXP06_PAIRS
Exp06__Exp06-H3__OTM_K110,Exp06,Exp06-H3,OTM_K110,heston,H3,,,,,,,,,150,50,,"{""T"":1.0,""kappa"":1.0,""omega"":0.2,""rho"":-0.5,""v"":0.1,""xi"":0.3}","{""T"":1.0,""kappa"":1.0,""omega"":0.2,""rho"":-0.5,""v"":0.1,""xi"":0.303}",derived,code/b5_thm35_387.py:416 EXP06_PAIRS
Exp06__Exp06-H3__OTM_K125,Exp06,Exp06-H3,OTM_K125,heston,H3,,,,,,,,,150,50,,"{""T"":1.0,""kappa"":1.0,""omega"":0.2,""rho"":-0.5,""v"":0.1,""xi"":0.3}","{""T"":1.0,""kappa"":1.0,""omega"":0.2,""rho"":-0.5,""v"":0.1,""xi"":0.303}",derived,code/b5_thm35_387.py:416 EXP06_PAIRS
Exp06__Exp06-H4__ATM,Exp06,Exp06-H4,ATM,heston,H4,,,,,,,,,150,50,,"{""T"":1.0,""kappa"":1.0,""omega"":0.2,""rho"":-0.5,""v"":0.1,""xi"":0.3}","{""T"":1.0,""kappa"":1.0,""omega"":0.2,""rho"":-0.498,""v"":0.1,""xi"":0.3}",derived,code/b5_thm35_387.py:416 EXP06_PAIRS
Exp06__Exp06-H4__OTM_K110,Exp06,Exp06-H4,OTM_K110,heston,H4,,,,,,,,,150,50,,"{""T"":1.0,""kappa"":1.0,""omega"":0.2,""rho"":-0.5,""v"":0.1,""xi"":0.3}","{""T"":1.0,""kappa"":1.0,""omega"":0.2,""rho"":-0.498,""v"":0.1,""xi"":0.3}",derived,code/b5_thm35_387.py:416 EXP06_PAIRS
Exp06__Exp06-H4__OTM_K125,Exp06,Exp06-H4,OTM_K125,heston,H4,,,,,,,,,150,50,,"{""T"":1.0,""kappa"":1.0,""omega"":0.2,""rho"":-0.5,""v"":0.1,""xi"":0.3}","{""T"":1.0,""kappa"":1.0,""omega"":0.2,""rho"":-0.498,""v"":0.1,""xi"":0.3}",derived,code/b5_thm35_387.py:416 EXP06_PAIRS
Exp06__Exp06-H5__ATM,Exp06,Exp06-H5,ATM,heston,H5,,,,,,,,,150,50,,"{""T"":1.0,""kappa"":1.0,""omega"":0.2,""rho"":-0.5,""v"":0.1,""xi"":0.3}","{""T"":1.0,""kappa"":1.0,""omega"":0.201,""rho"":-0.5,""v"":0.1,""xi"":0.3}",derived,code/b5_thm35_387.py:416 EXP06_PAIRS
Exp06__Exp06-H5__OTM_K110,Exp06,Exp06-H5,OTM_K110,heston,H5,,,,,,,,,150,50,,"{""T"":1.0,""kappa"":1.0,""omega"":0.2,""rho"":-0.5,""v"":0.1,""xi"":0.3}","{""T"":1.0,""kappa"":1.0,""omega"":0.201,""rho"":-0.5,""v"":0.1,""xi"":0.3}",derived,code/b5_thm35_387.py:416 EXP06_PAIRS
Exp06__Exp06-H5__OTM_K125,Exp06,Exp06-H5,OTM_K125,heston,H5,,,,,,,,,150,50,,"{""T"":1.0,""kappa"":1.0,""omega"":0.2,""rho"":-0.5,""v"":0.1,""xi"":0.3}","{""T"":1.0,""kappa"":1.0,""omega"":0.201,""rho"":-0.5,""v"":0.1,""xi"":0.3}",derived,code/b5_thm35_387.py:416 EXP06_PAIRS
Exp09__Exp09-W1_luna__ATM,Exp09,Exp09-W1_luna,ATM,heston,,,,,,,W1_luna,,True,150,50,,not_extracted,not_extracted,not_extracted,legacy_calibration_file: exp09 calibrations (earlier lineage); lambda_2 = lambda_1 with v += 0.01
Exp09__Exp09-W1_luna__OTM_K110,Exp09,Exp09-W1_luna,OTM_K110,heston,,,,,,,W1_luna,,True,150,50,,not_extracted,not_extracted,not_extracted,legacy_calibration_file: exp09 calibrations (earlier lineage); lambda_2 = lambda_1 with v += 0.01
Exp09__Exp09-W1_luna__OTM_K125,Exp09,Exp09-W1_luna,OTM_K125,heston,,,,,,,W1_luna,,True,150,50,,not_extracted,not_extracted,not_extracted,legacy_calibration_file: exp09 calibrations (earlier lineage); lambda_2 = lambda_1 with v += 0.01
Exp09__Exp09-W2_ftx__ATM,Exp09,Exp09-W2_ftx,ATM,heston,,,,,,,W2_ftx,,True,150,50,,not_extracted,not_extracted,not_extracted,legacy_calibration_file: exp09 calibrations (earlier lineage); lambda_2 = lambda_1 with v += 0.01
Exp09__Exp09-W2_ftx__OTM_K110,Exp09,Exp09-W2_ftx,OTM_K110,heston,,,,,,,W2_ftx,,True,150,50,,not_extracted,not_extracted,not_extracted,legacy_calibration_file: exp09 calibrations (earlier lineage); lambda_2 = lambda_1 with v += 0.01
Exp09__Exp09-W2_ftx__OTM_K125,Exp09,Exp09-W2_ftx,OTM_K125,heston,,,,,,,W2_ftx,,True,150,50,,not_extracted,not_extracted,not_extracted,legacy_calibration_file: exp09 calibrations (earlier lineage); lambda_2 = lambda_1 with v += 0.01
Exp09__Exp09-W3_etf__ATM,Exp09,Exp09-W3_etf,ATM,heston,,,,,,,W3_etf,,True,150,50,,not_extracted,not_extracted,not_extracted,legacy_calibration_file: exp09 calibrations (earlier lineage); lambda_2 = lambda_1 with v += 0.01
Exp09__Exp09-W3_etf__OTM_K110,Exp09,Exp09-W3_etf,OTM_K110,heston,,,,,,,W3_etf,,True,150,50,,not_extracted,not_extracted,not_extracted,legacy_calibration_file: exp09 calibrations (earlier lineage); lambda_2 = lambda_1 with v += 0.01
Exp09__Exp09-W3_etf__OTM_K125,Exp09,Exp09-W3_etf,OTM_K125,heston,,,,,,,W3_etf,,True,150,50,,not_extracted,not_extracted,not_extracted,legacy_calibration_file: exp09 calibrations (earlier lineage); lambda_2 = lambda_1 with v += 0.01
Exp09__Exp09-W4_stab__ATM,Exp09,Exp09-W4_stab,ATM,heston,,,,,,,W4_stab,,True,150,50,,not_extracted,not_extracted,not_extracted,legacy_calibration_file: exp09 calibrations (earlier lineage); lambda_2 = lambda_1 with v += 0.01
Exp09__Exp09-W4_stab__OTM_K110,Exp09,Exp09-W4_stab,OTM_K110,heston,,,,,,,W4_stab,,True,150,50,,not_extracted,not_extracted,not_extracted,legacy_calibration_file: exp09 calibrations (earlier lineage); lambda_2 = lambda_1 with v += 0.01
Exp09__Exp09-W4_stab__OTM_K125,Exp09,Exp09-W4_stab,OTM_K125,heston,,,,,,,W4_stab,,True,150,50,,not_extracted,not_extracted,not_extracted,legacy_calibration_file: exp09 calibrations (earlier lineage); lambda_2 = lambda_1 with v += 0.01
KouAB_stageA__KouA-A__ATM,KouAB_stageA,KouA-A,ATM,kou,A,,,,,,,,,24,6,30.0,not_extracted,not_extracted,not_extracted,code/b5_thm35_387.py:470 KOU_PAIRS_DEF (dsigma only; Kou base is not a module-level literal)
KouAB_stageA__KouA-A__OTM_K110,KouAB_stageA,KouA-A,OTM_K110,kou,A,,,,,,,,,24,6,30.0,not_extracted,not_extracted,not_extracted,code/b5_thm35_387.py:470 KOU_PAIRS_DEF (dsigma only; Kou base is not a module-level literal)
KouAB_stageA__KouA-A__OTM_K125,KouAB_stageA,KouA-A,OTM_K125,kou,A,,,,,,,,,24,6,30.0,not_extracted,not_extracted,not_extracted,code/b5_thm35_387.py:470 KOU_PAIRS_DEF (dsigma only; Kou base is not a module-level literal)
KouAB_stageA__KouA-B__ATM,KouAB_stageA,KouA-B,ATM,kou,B,,,,,,,,,24,6,30.0,not_extracted,not_extracted,not_extracted,code/b5_thm35_387.py:470 KOU_PAIRS_DEF (dsigma only; Kou base is not a module-level literal)
KouAB_stageA__KouA-B__OTM_K110,KouAB_stageA,KouA-B,OTM_K110,kou,B,,,,,,,,,24,6,30.0,not_extracted,not_extracted,not_extracted,code/b5_thm35_387.py:470 KOU_PAIRS_DEF (dsigma only; Kou base is not a module-level literal)
KouAB_stageA__KouA-B__OTM_K125,KouAB_stageA,KouA-B,OTM_K125,kou,B,,,,,,,,,24,6,30.0,not_extracted,not_extracted,not_extracted,code/b5_thm35_387.py:470 KOU_PAIRS_DEF (dsigma only; Kou base is not a module-level literal)
KouAB_stageA__KouA-C__ATM,KouAB_stageA,KouA-C,ATM,kou,C,,,,,,,,,24,6,30.0,not_extracted,not_extracted,not_extracted,code/b5_thm35_387.py:470 KOU_PAIRS_DEF (dsigma only; Kou base is not a module-level literal)
KouAB_stageA__KouA-C__OTM_K110,KouAB_stageA,KouA-C,OTM_K110,kou,C,,,,,,,,,24,6,30.0,not_extracted,not_extracted,not_extracted,code/b5_thm35_387.py:470 KOU_PAIRS_DEF (dsigma only; Kou base is not a module-level literal)
KouAB_stageA__KouA-C__OTM_K125,KouAB_stageA,KouA-C,OTM_K125,kou,C,,,,,,,,,24,6,30.0,not_extracted,not_extracted,not_extracted,code/b5_thm35_387.py:470 KOU_PAIRS_DEF (dsigma only; Kou base is not a module-level literal)
KouAB_stageA__KouA-D__ATM,KouAB_stageA,KouA-D,ATM,kou,D,,,,,,,,,24,6,30.0,not_extracted,not_extracted,not_extracted,code/b5_thm35_387.py:470 KOU_PAIRS_DEF (dsigma only; Kou base is not a module-level literal)
KouAB_stageA__KouA-D__OTM_K110,KouAB_stageA,KouA-D,OTM_K110,kou,D,,,,,,,,,24,6,30.0,not_extracted,not_extracted,not_extracted,code/b5_thm35_387.py:470 KOU_PAIRS_DEF (dsigma only; Kou base is not a module-level literal)
KouAB_stageA__KouA-D__OTM_K125,KouAB_stageA,KouA-D,OTM_K125,kou,D,,,,,,,,,24,6,30.0,not_extracted,not_extracted,not_extracted,code/b5_thm35_387.py:470 KOU_PAIRS_DEF (dsigma only; Kou base is not a module-level literal)
KouAB_stageB__KouB-A__ATM,KouAB_stageB,KouB-A,ATM,kou,A,,,,,,,,,150,50,200.0,not_extracted,not_extracted,not_extracted,code/b5_thm35_387.py:470 KOU_PAIRS_DEF (dsigma only; Kou base is not a module-level literal)
KouAB_stageB__KouB-A__OTM_K110,KouAB_stageB,KouB-A,OTM_K110,kou,A,,,,,,,,,150,50,200.0,not_extracted,not_extracted,not_extracted,code/b5_thm35_387.py:470 KOU_PAIRS_DEF (dsigma only; Kou base is not a module-level literal)
KouAB_stageB__KouB-A__OTM_K125,KouAB_stageB,KouB-A,OTM_K125,kou,A,,,,,,,,,150,50,200.0,not_extracted,not_extracted,not_extracted,code/b5_thm35_387.py:470 KOU_PAIRS_DEF (dsigma only; Kou base is not a module-level literal)
KouAB_stageB__KouB-B__ATM,KouAB_stageB,KouB-B,ATM,kou,B,,,,,,,,,150,50,200.0,not_extracted,not_extracted,not_extracted,code/b5_thm35_387.py:470 KOU_PAIRS_DEF (dsigma only; Kou base is not a module-level literal)
KouAB_stageB__KouB-B__OTM_K110,KouAB_stageB,KouB-B,OTM_K110,kou,B,,,,,,,,,150,50,200.0,not_extracted,not_extracted,not_extracted,code/b5_thm35_387.py:470 KOU_PAIRS_DEF (dsigma only; Kou base is not a module-level literal)
KouAB_stageB__KouB-B__OTM_K125,KouAB_stageB,KouB-B,OTM_K125,kou,B,,,,,,,,,150,50,200.0,not_extracted,not_extracted,not_extracted,code/b5_thm35_387.py:470 KOU_PAIRS_DEF (dsigma only; Kou base is not a module-level literal)
KouAB_stageB__KouB-C__ATM,KouAB_stageB,KouB-C,ATM,kou,C,,,,,,,,,150,50,200.0,not_extracted,not_extracted,not_extracted,code/b5_thm35_387.py:470 KOU_PAIRS_DEF (dsigma only; Kou base is not a module-level literal)
KouAB_stageB__KouB-C__OTM_K110,KouAB_stageB,KouB-C,OTM_K110,kou,C,,,,,,,,,150,50,200.0,not_extracted,not_extracted,not_extracted,code/b5_thm35_387.py:470 KOU_PAIRS_DEF (dsigma only; Kou base is not a module-level literal)
KouAB_stageB__KouB-C__OTM_K125,KouAB_stageB,KouB-C,OTM_K125,kou,C,,,,,,,,,150,50,200.0,not_extracted,not_extracted,not_extracted,code/b5_thm35_387.py:470 KOU_PAIRS_DEF (dsigma only; Kou base is not a module-level literal)
KouAB_stageB__KouB-D__ATM,KouAB_stageB,KouB-D,ATM,kou,D,,,,,,,,,150,50,200.0,not_extracted,not_extracted,not_extracted,code/b5_thm35_387.py:470 KOU_PAIRS_DEF (dsigma only; Kou base is not a module-level literal)
KouAB_stageB__KouB-D__OTM_K110,KouAB_stageB,KouB-D,OTM_K110,kou,D,,,,,,,,,150,50,200.0,not_extracted,not_extracted,not_extracted,code/b5_thm35_387.py:470 KOU_PAIRS_DEF (dsigma only; Kou base is not a module-level literal)
KouAB_stageB__KouB-D__OTM_K125,KouAB_stageB,KouB-D,OTM_K125,kou,D,,,,,,,,,150,50,200.0,not_extracted,not_extracted,not_extracted,code/b5_thm35_387.py:470 KOU_PAIRS_DEF (dsigma only; Kou base is not a module-level literal)
KouBTC__KouBTC-Luna_pre__ATM,KouBTC,KouBTC-Luna_pre,ATM,kou,,,,,,,,Luna_pre,,150,50,,not_extracted,not_extracted,not_extracted,data/kou/btc_calibrations.csv (per-window Kou parameters)
KouBTC__KouBTC-Luna_pre__OTM_K110,KouBTC,KouBTC-Luna_pre,OTM_K110,kou,,,,,,,,Luna_pre,,150,50,,not_extracted,not_extracted,not_extracted,data/kou/btc_calibrations.csv (per-window Kou parameters)
KouBTC__KouBTC-Luna_pre__OTM_K125,KouBTC,KouBTC-Luna_pre,OTM_K125,kou,,,,,,,,Luna_pre,,150,50,,not_extracted,not_extracted,not_extracted,data/kou/btc_calibrations.csv (per-window Kou parameters)
KouBTC__KouBTC-Luna_post__ATM,KouBTC,KouBTC-Luna_post,ATM,kou,,,,,,,,Luna_post,,150,50,,not_extracted,not_extracted,not_extracted,data/kou/btc_calibrations.csv (per-window Kou parameters)
KouBTC__KouBTC-Luna_post__OTM_K110,KouBTC,KouBTC-Luna_post,OTM_K110,kou,,,,,,,,Luna_post,,150,50,,not_extracted,not_extracted,not_extracted,data/kou/btc_calibrations.csv (per-window Kou parameters)
KouBTC__KouBTC-Luna_post__OTM_K125,KouBTC,KouBTC-Luna_post,OTM_K125,kou,,,,,,,,Luna_post,,150,50,,not_extracted,not_extracted,not_extracted,data/kou/btc_calibrations.csv (per-window Kou parameters)
KouBTC__KouBTC-FTX_pre__ATM,KouBTC,KouBTC-FTX_pre,ATM,kou,,,,,,,,FTX_pre,,150,50,,not_extracted,not_extracted,not_extracted,data/kou/btc_calibrations.csv (per-window Kou parameters)
KouBTC__KouBTC-FTX_pre__OTM_K110,KouBTC,KouBTC-FTX_pre,OTM_K110,kou,,,,,,,,FTX_pre,,150,50,,not_extracted,not_extracted,not_extracted,data/kou/btc_calibrations.csv (per-window Kou parameters)
KouBTC__KouBTC-FTX_pre__OTM_K125,KouBTC,KouBTC-FTX_pre,OTM_K125,kou,,,,,,,,FTX_pre,,150,50,,not_extracted,not_extracted,not_extracted,data/kou/btc_calibrations.csv (per-window Kou parameters)
KouBTC__KouBTC-FTX_post__ATM,KouBTC,KouBTC-FTX_post,ATM,kou,,,,,,,,FTX_post,,150,50,,not_extracted,not_extracted,not_extracted,data/kou/btc_calibrations.csv (per-window Kou parameters)
KouBTC__KouBTC-FTX_post__OTM_K110,KouBTC,KouBTC-FTX_post,OTM_K110,kou,,,,,,,,FTX_post,,150,50,,not_extracted,not_extracted,not_extracted,data/kou/btc_calibrations.csv (per-window Kou parameters)
KouBTC__KouBTC-FTX_post__OTM_K125,KouBTC,KouBTC-FTX_post,OTM_K125,kou,,,,,,,,FTX_post,,150,50,,not_extracted,not_extracted,not_extracted,data/kou/btc_calibrations.csv (per-window Kou parameters)
KouBTC__KouBTC-ETF_pre__ATM,KouBTC,KouBTC-ETF_pre,ATM,kou,,,,,,,,ETF_pre,,150,50,,not_extracted,not_extracted,not_extracted,data/kou/btc_calibrations.csv (per-window Kou parameters)
KouBTC__KouBTC-ETF_pre__OTM_K110,KouBTC,KouBTC-ETF_pre,OTM_K110,kou,,,,,,,,ETF_pre,,150,50,,not_extracted,not_extracted,not_extracted,data/kou/btc_calibrations.csv (per-window Kou parameters)
KouBTC__KouBTC-ETF_pre__OTM_K125,KouBTC,KouBTC-ETF_pre,OTM_K125,kou,,,,,,,,ETF_pre,,150,50,,not_extracted,not_extracted,not_extracted,data/kou/btc_calibrations.csv (per-window Kou parameters)
KouBTC__KouBTC-ETF_post__ATM,KouBTC,KouBTC-ETF_post,ATM,kou,,,,,,,,ETF_post,,150,50,,not_extracted,not_extracted,not_extracted,data/kou/btc_calibrations.csv (per-window Kou parameters)
KouBTC__KouBTC-ETF_post__OTM_K110,KouBTC,KouBTC-ETF_post,OTM_K110,kou,,,,,,,,ETF_post,,150,50,,not_extracted,not_extracted,not_extracted,data/kou/btc_calibrations.csv (per-window Kou parameters)
KouBTC__KouBTC-ETF_post__OTM_K125,KouBTC,KouBTC-ETF_post,OTM_K125,kou,,,,,,,,ETF_post,,150,50,,not_extracted,not_extracted,not_extracted,data/kou/btc_calibrations.csv (per-window Kou parameters)
